[
  {
    "pk": 3,
    "model": "auth.group",
    "fields": {
      "name": "employee@bme.hu",
      "permissions": []
    }
  },
  {
    "pk": 4,
    "model": "auth.group",
    "fields": {
      "name": "faculty@bme.hu",
      "permissions": []
    }
  },
  {
    "pk": 1,
    "model": "auth.group",
    "fields": {
      "name": "member@bme.hu",
      "permissions": []
    }
  },
  {
    "pk": 2,
    "model": "auth.group",
    "fields": {
      "name": "student@bme.hu",
      "permissions": []
    }
  },
  {
    "pk": 1,
    "model": "auth.user",
    "fields": {
      "username": "root",
      "first_name": "",
      "last_name": "",
      "is_active": true,
      "is_superuser": true,
      "is_staff": true,
      "last_login": "2013-02-08T22:44:57Z",
      "groups": [],
      "user_permissions": [],
      "email": "root@cloud.ik.bme.hu",
      "date_joined": "2012-11-21T08:54:38Z"
    }
  },
  {
    "pk": 2,
    "model": "auth.user",
    "fields": {
      "username": "bd",
      "first_name": "",
      "last_name": "",
      "is_active": true,
      "is_superuser": false,
      "is_staff": true,
      "last_login": "2013-01-14T21:41:28Z",
      "groups": [],
      "user_permissions": [],
      "email": "",
      "date_joined": "2012-11-27T10:33:20Z"
    }
  },
  {
    "pk": 3,
    "model": "auth.user",
    "fields": {
      "username": "mate",
      "first_name": "",
      "last_name": "",
      "is_active": true,
      "is_superuser": false,
      "is_staff": false,
      "last_login": "2012-11-27T10:40:57Z",
      "groups": [],
      "user_permissions": [],
      "email": "",
      "date_joined": "2012-11-27T10:40:57Z"
    }
  },
  {
    "pk": 4,
    "model": "auth.user",
    "fields": {
      "username": "tarokkk",
      "first_name": "",
      "last_name": "",
      "is_active": true,
      "is_superuser": false,
      "is_staff": false,
      "last_login": "2012-11-27T10:41:08Z",
      "groups": [],
      "user_permissions": [],
      "email": "",
      "date_joined": "2012-11-27T10:41:08Z"
    }
  },
  {
    "pk": 5,
    "model": "auth.user",
    "fields": {
      "username": "opennebula",
      "first_name": "",
      "last_name": "",
      "is_active": true,
      "is_superuser": false,
      "is_staff": false,
      "last_login": "2012-12-23T18:57:31Z",
      "groups": [],
      "user_permissions": [],
      "email": "",
      "date_joined": "2012-12-23T18:57:31Z"
    }
  },
  {
    "pk": 6,
    "model": "auth.user",
    "fields": {
      "username": "lennon",
      "first_name": "",
      "last_name": "",
      "is_active": true,
      "is_superuser": true,
      "is_staff": true,
      "last_login": "2013-01-14T15:07:27Z",
      "groups": [],
      "user_permissions": [],
      "email": "",
      "date_joined": "2013-01-14T15:01:51Z"
    }
  },
  {
    "pk": 7,
    "model": "auth.user",
    "fields": {
      "username": "test",
      "first_name": "",
      "last_name": "",
      "is_active": true,
      "is_superuser": true,
      "is_staff": true,
      "last_login": "2013-02-19T15:26:42Z",
      "groups": [],
      "user_permissions": [],
      "email": "",
      "date_joined": "2013-01-16T12:36:01Z"
    }
  },
  {
    "pk": 12,
    "model": "auth.user",
    "fields": {
      "username": "JI1M92",
      "first_name": "D\u00e1niel",
      "last_name": "Bach",
      "is_active": true,
      "is_superuser": false,
      "is_staff": false,
      "last_login": "2013-02-08T21:02:32Z",
      "groups": [
        1,
        2
      ],
      "user_permissions": [],
      "email": "bd@doszgep.hu",
      "date_joined": "2013-01-23T08:49:10Z"
    }
  },
  {
    "pk": 13,
    "model": "auth.user",
    "fields": {
      "username": "TFDAZ6",
      "first_name": "S\u00e1ndor",
      "last_name": "Guba",
      "is_active": true,
      "is_superuser": true,
      "is_staff": true,
      "last_login": "2013-02-08T22:57:54Z",
      "groups": [
        1,
        2
      ],
      "user_permissions": [],
      "email": "gubasanyi@gmail.com",
      "date_joined": "2013-01-23T13:37:22Z"
    }
  },
  {
    "pk": 14,
    "model": "auth.user",
    "fields": {
      "username": "K7YLW5",
      "first_name": "Bence",
      "last_name": "D\u00e1nyi",
      "is_active": true,
      "is_superuser": false,
      "is_staff": false,
      "last_login": "2013-02-05T17:30:48Z",
      "groups": [
        1,
        2
      ],
      "user_permissions": [],
      "email": "madbence@gmail.com",
      "date_joined": "2013-01-23T15:04:46Z"
    }
  },
  {
    "pk": 15,
    "model": "auth.user",
    "fields": {
      "username": "UYD1S5",
      "first_name": "Rich\u00e1rd",
      "last_name": "Cziva",
      "is_active": true,
      "is_superuser": false,
      "is_staff": false,
      "last_login": "2013-01-25T11:00:42Z",
      "groups": [],
      "user_permissions": [],
      "email": "cziva.richard@gmail.com",
      "date_joined": "2013-01-25T11:00:42Z"
    }
  },
  {
    "pk": 16,
    "model": "auth.user",
    "fields": {
      "username": "FFRUNU",
      "first_name": "G\u00e1bor",
      "last_name": "Ny\u00edri",
      "is_active": true,
      "is_superuser": false,
      "is_staff": false,
      "last_login": "2013-02-08T20:06:59Z",
      "groups": [
        1,
        2
      ],
      "user_permissions": [],
      "email": "halacs@sch.bme.hu",
      "date_joined": "2013-01-29T11:56:09Z"
    }
  },
  {
    "pk": 17,
    "model": "auth.user",
    "fields": {
      "username": "HUT3L3",
      "first_name": "Rich\u00e1rd P\u00e9ter",
      "last_name": "K\u00e1polnai",
      "is_active": true,
      "is_superuser": false,
      "is_staff": false,
      "last_login": "2013-01-29T12:58:39Z",
      "groups": [],
      "user_permissions": [],
      "email": "kapolnai@iit.bme.hu",
      "date_joined": "2013-01-29T12:58:39Z"
    }
  },
  {
    "pk": 18,
    "model": "auth.user",
    "fields": {
      "username": "ORL3EA",
      "first_name": "Bal\u00e1zs",
      "last_name": "S\u00e1f\u00e1r",
      "is_active": true,
      "is_superuser": false,
      "is_staff": false,
      "last_login": "2013-01-29T18:54:03Z",
      "groups": [],
      "user_permissions": [],
      "email": "ballew552@gmail.com",
      "date_joined": "2013-01-29T18:44:09Z"
    }
  },
  {
    "pk": 20,
    "model": "auth.user",
    "fields": {
      "username": "B6AFNQ",
      "first_name": "Imre",
      "last_name": "Szeber\u00e9nyi",
      "is_active": true,
      "is_superuser": false,
      "is_staff": false,
      "last_login": "2013-02-07T13:38:25Z",
      "groups": [
        1,
        3,
        4
      ],
      "user_permissions": [],
      "email": "szebi@iit.bme.hu",
      "date_joined": "2013-02-04T14:36:16Z"
    }
  },
  {
    "pk": 21,
    "model": "auth.user",
    "fields": {
      "username": "UKWBFI",
      "first_name": "P\u00e9ter",
      "last_name": "Han\u00e1k",
      "is_active": true,
      "is_superuser": false,
      "is_staff": false,
      "last_login": "2013-02-04T17:04:56Z",
      "groups": [
        1,
        3
      ],
      "user_permissions": [],
      "email": "hanak@emt.bme.hu",
      "date_joined": "2013-02-04T17:04:56Z"
    }
  },
  {
    "pk": 22,
    "model": "auth.user",
    "fields": {
      "username": "K2JL24",
      "first_name": "M\u00e1t\u00e9",
      "last_name": "\u0150ry",
      "is_active": true,
      "is_superuser": true,
      "is_staff": true,
      "last_login": "2013-02-08T17:00:33Z",
      "groups": [
        1,
        2
      ],
      "user_permissions": [],
      "email": "orymate@gmail.com",
      "date_joined": "2013-02-05T08:47:48Z"
    }
  },
  {
    "pk": 1,
    "model": "one.sshkey",
    "fields": {
      "user": 1,
      "key": "ssh-rsa AAAAB3NzaC1yc2EAAAADAQABAAAAgQCRlW+B/UtNIQKbV9Vu+KbnC+7mIveLhIU6KYtBubmhTEvaMv/x2+R3fwRpWpNWHAcFTJeJ/XWICqXjcAXYI7JOS9Ih9UqESl1EAuVPnJNL82Vdhy4iup2isD+WWla9XUiCk4Q9ArliqG8A1ZbeQYLERbYkGs9smFPPI/7RWDku2w== cloud-2012-11-21"
    }
  },
  {
    "pk": 3,
    "model": "one.sshkey",
    "fields": {
      "user": 3,
      "key": "ssh-rsa AAAAB3NzaC1yc2EAAAADAQABAAAAgQDTy7MRBOBAJmXrwJtjRo8m+/YVakf6fii/9Rc+dNvk+lBwhK2MPpOr9kww55Pq47Lp7heEV1Zx2SRRDCPGv2WvSByZwcMs3KPx+tNybPiUIj22Q+Q58unVEohWqShzRL4JZI6dOu+jtufftp7UiE3XB2ZNKOUJ+nJZnhEmmtdTlw== cloud-2012-11-27"
    }
  },
  {
    "pk": 4,
    "model": "one.sshkey",
    "fields": {
      "user": 4,
      "key": "ssh-rsa AAAAB3NzaC1yc2EAAAADAQABAAAAgQC395mvZy9a5BAqji8Ske+JWIZDYyIrKa0hxWAPw6E9G3BWvVc7WFX3qm2zrZAYK6SYq6L2jJQuZDKuG6U2jUgRVN01I5ws6nqBpe7sCyII2f10em8GLZA84/GVKNbdW4sSZSB2noSaieZJqkaGIjA1lTvNPtiaw8wxwhve+Y2Vtw== cloud-2012-11-27"
    }
  },
  {
    "pk": 5,
    "model": "one.sshkey",
    "fields": {
      "user": 5,
      "key": "ssh-rsa AAAAB3NzaC1yc2EAAAADAQABAAAAgQCQJneJJ/Hkz7QjuxVR/7j2OESMnHMbmWSTwgXEqSq9jKjWR7zLUsKgP1B5/NWZ33Cf+Toddri/V2AvWZ7vIb2W3fB/s9rLpsWWOQPwvqUxOwxyFZDisXZZi0kHiPnJLO0NUS+ox+YYgtBv66zDxmHwozY9cY0pWerVAVdFTcRsUw== cloud-2012-12-23"
    }
  },
  {
    "pk": 6,
    "model": "one.sshkey",
    "fields": {
      "user": 2,
      "key": "ssh-rsa AAAAB3NzaC1yc2EAAAADAQABAAAAgQCt10GFvHqha6RS8v2cc3zt8RA0TzoVeSLIMLpvczVPzuqm0Yt6VxS03m6YfS8REX50M87T69ER+Nx85MxIwQ/td7sNUve8ZMh+KIKvtRwxXhYqpiEjWPX6HQB777y/0cseIIV27qmWav60Q1ZTGr92uZlMkR41uhmlTAbkqSgPAw== cloud-2012-12-26"
    }
  },
  {
    "pk": 8,
    "model": "one.sshkey",
    "fields": {
      "user": 6,
      "key": "ssh-rsa AAAAB3NzaC1yc2EAAAADAQABAAAAgQCq870vNOkEE1CQR1ZaO66Hure2grrBQ/7rM6SqsGtDBQ++POyA/VesmPSN5tgceB/uKrHSp7naK4cy0JqcWH83gsoDuoFv4QTR88WitkiKTeax8GEGjOBtUbss2tli9mtIJI/TwFUP69FOg1Uy520fasmWwVuRLLUxWqlqaylqhQ== cloud-2013-01-14"
    }
  },
  {
    "pk": 9,
    "model": "one.sshkey",
    "fields": {
      "user": 4,
      "key": "ssh-rsa AAAAB3NzaC1yc2EAAAADAQABAAAAgQC/OISjwzUDOW0WU1F4nJZZYPtTGL/25l6HsDyNWa+ilrR1OhR/pdIbWuDGjmvYHdVySavYl1DrjD1hxI8M4dYaHFyZp4WdI09wFtEFNj3roFHty7H3+r4gN4YCBtWuTWaoFRYMkd5TqNNw7yPyYvYa8YtXbxvVzgkG3lyIkP64RQ== cloud-2013-01-16"
    }
  },
  {
    "pk": 11,
    "model": "one.sshkey",
    "fields": {
      "user": 7,
      "key": "ssh-rsa AAAAB3NzaC1yc2EAAAADAQABAAAAgQDEs3iCElHDnkQrHu0Ylxo7d8+0b+BqVnglIzNACpuoDy4/cADEhRod4DPXr8yDFkS7nTeanYSeAU5U1aqRKf5j6vRbuUu2nwMvBFUkK8oG/bYh5/o3h3+Z3SoUxbV8oIl4DFhNQ3dnRIEuwVZgcNjluJJ56TVAnqhv9rxrKuwe8w== cloud-2013-01-16"
    }
  },
  {
    "pk": 12,
    "model": "one.sshkey",
    "fields": {
      "user": 7,
      "key": "ssh-rsa AAAAB3NzaC1yc2EAAAADAQABAAAAgQC+TDtKuvFqExAXQLQD4uwIKy8rTK2Bfysw54DK4izoRVS+Kvgu+NVln+D1KQ+27DC4YY0R+8KmfCfKm/Ln54uzfpCHpQCcKPonRCDaHaztXmJLLWJZVJBz41WFJ4W5Gd9WKF1s3KKnW7mu7j0AChAJFCiOKNPq12Gcgd05Zl8OlQ== cloud-2013-01-16"
    }
  },
  {
    "pk": 23,
    "model": "one.sshkey",
    "fields": {
      "user": 12,
      "key": "ssh-rsa AAAAB3NzaC1yc2EAAAADAQABAAAAgQCyezB3kUSeWlzRzYZ/y0D2NjqUjmkWHpMBb/4D3kvnQMZPAcuy5L2iYkIEjjCfJT6SozEoKEB56x3HGr5pfoY1D3rs7BGK/w97N458BY7l/3nJyq3Picu8OZ2IGuFRR6HlNWHjEOr6JWaGMKBehF8/J5z08q8Vui6xKsqSE3z1Bw== cloud-2013-01-23"
    }
  },
  {
    "pk": 24,
    "model": "one.sshkey",
    "fields": {
      "user": 13,
      "key": "ssh-rsa AAAAB3NzaC1yc2EAAAADAQABAAAAgQDJpz/bJ/aPh5yi3Lomjuq4KsrQjGtyEN1lEeOX72nGFSZwVKqafPlTUUFEBENXKidsYFOnTSQxUKcplLLcC2qxQA/vTkpRQEGI6YuudbalwTumBWfCplEtAqfXGAuY1vYjoLSS+7Kwcf1pYbaDFOmrtbg95dpvkT8ZSwDHSzJaFw== cloud-2013-01-23"
    }
  },
  {
    "pk": 25,
    "model": "one.sshkey",
    "fields": {
      "user": 14,
      "key": "ssh-rsa AAAAB3NzaC1yc2EAAAADAQABAAAAgQDBVt/kbVleg7LfcJuCrw8/+yDtXtlJ0pSa5ZvtbJ9NEcspghrzNZkVMaxBERTZKewaLc22ZeyRZrS3FbGPwqgCXI0NbN0HJGwxxgPz8L0dAQWHu27GKAnRrou71O+rmDofVvMmtv5P2OHde6DMbfbqMYPYP/djf7812iU+BS6smQ== cloud-2013-01-23"
    }
  },
  {
    "pk": 26,
    "model": "one.sshkey",
    "fields": {
      "user": 15,
      "key": "ssh-rsa AAAAB3NzaC1yc2EAAAADAQABAAAAgQC8cZ4ySS9LEZyLaLSVzqoea3QYajdOKOyt1OEMod+b9DkDsRAK0x9SqtO9FCWmqVMZ28828O63xWx8ycjUwLrHvIC+cSi+lt/NVcIKhopofLzGW+AZfH5SLIGD5RkzhTxHINEqs/RW4Faklz2uPAuR8t4AJBzwQeITswArBvKZMQ== cloud-2013-01-25"
    }
  },
  {
    "pk": 27,
    "model": "one.sshkey",
    "fields": {
      "user": 16,
      "key": "ssh-rsa AAAAB3NzaC1yc2EAAAADAQABAAAAgQCysvCwyKMVlPpaiOsSYSt/vxPpQQiMogLwGUdZ+m3+H2r59OtxXgI1bmAP0Wnb2jAhSBQjDVJKu8WgZ4+cByO6ijxW4GQmtFGlxQJnBWEV5lC7e+j5Rz8cknO2OyjOPtNDuhVOMJb2ySWM1X3uwtiXYi3+ATeAW7HkJDRWNaFcVQ== cloud-2013-01-29"
    }
  },
  {
    "pk": 28,
    "model": "one.sshkey",
    "fields": {
      "user": 17,
      "key": "ssh-rsa AAAAB3NzaC1yc2EAAAADAQABAAAAgQDGF0s6HY/m60cLeyD0T/ASO00WH78g1NhOvpq3DofXpsLUe98UzMfmuyu4Hj1/ILZhfRImOeyObceD8rM4MqdN1vSYQCo9Q2A1IBvP7cNWwWbAEdXWhGHZmNsz/sbaxUp6VrwPaHgNJhq1lEQStqH9rHhRQTsvHHH2ZukSlz5NVQ== cloud-2013-01-29"
    }
  },
  {
    "pk": 29,
    "model": "one.sshkey",
    "fields": {
      "user": 18,
      "key": "ssh-rsa AAAAB3NzaC1yc2EAAAADAQABAAAAgQCM2XQTvrqv31sLk+zsate3S25SGV8k+662tdtLMShiqXs6u2NOfOjEzM6460vb6ORInBbs1gqNpm1/D7/JrYNe8ogS1rFBVyd4K/+wh+sZksjxdf4Jattkc3aUsVeornU8gpVl4hOg+MlPKQxdRTNOHXUswp57b62ecvhZMTzkcQ== cloud-2013-01-29"
    }
  },
  {
    "pk": 33,
    "model": "one.sshkey",
    "fields": {
      "user": 20,
      "key": "ssh-rsa AAAAB3NzaC1yc2EAAAADAQABAAAAgQDRnebbayAuCnhUWJlQcHkUQFZ7eWSkVSGgwyBp7jU6/wWs1M8gWBzn1OcD0qqqhpIRuOeOIKX6CA5SDXIKXoIp9yFNJaCDDsqUQzrq/bVo6PJq8KZZpKQdCdc72c/IUlvVw4EygCVsxqjxqmV5vOdtI/Q1VdpDXIQyIq8qS9nmbQ== cloud-2013-02-04"
    }
  },
  {
    "pk": 34,
    "model": "one.sshkey",
    "fields": {
      "user": 21,
      "key": "ssh-rsa AAAAB3NzaC1yc2EAAAADAQABAAAAgQDKz2HzECZA7xPwd63qt3IO7ObJntrD3Rcp7dY5VZ2Qjg2iRclsspxfIT6BdMG2QMDSdPC4VU+URQGv05fXiiuYfBAo4w+ssRIbUGNPFEEOagfJDq+PDxg3zzdh6JCgW7BJpxzLrohR4vyTXAwrnUT7fAnxUs2WA9HHt41pr3966Q== cloud-2013-02-04"
    }
  },
  {
    "pk": 35,
    "model": "one.sshkey",
    "fields": {
      "user": 22,
      "key": "ssh-rsa AAAAB3NzaC1yc2EAAAADAQABAAAAgQDCq0ntlFlluKznyzFig1jp7nZS/bjSk/4Ndfvt8yZniEuJ5fjmJBBgVc6mlJQ3fCU68ED5IQ3NVv8Qjr9FtwZwUBx4s7b3VDZ232y71i/Reef+Hg4HT4Rgnyd3+6lIPBfyWXqRTzLeaulwVi/qLFZHEapr2hZPki7wR6SjmL1zJw== cloud-2013-02-05"
    }
  },
  {
    "pk": 90,
    "model": "one.sshkey",
    "fields": {
      "user": 1,
      "key": "ssh-rsa AAAAB3NzaC1yc2EAAAADAQABAAAAgQDmmCXLmtXgrYwFEUoi95hMfqkjSVuLyyawRMl82kCh+cskEij3cazwoWxUgKDzQcIhEX84DbYYX4Sq4ZibkxsXCCny5ujAxcUFFiZabYJxHdReuI+PfHv1Pb8IBH2ARGp9rPUZpNIzt7sKRtAOqUmdLqg+lyUw/7ExPqma4s4VqQ== cloud-2013-02-19"
    }
  },
  {
    "pk": 91,
    "model": "one.sshkey",
    "fields": {
      "user": 2,
      "key": "ssh-rsa AAAAB3NzaC1yc2EAAAADAQABAAAAgQCRgEzDAA0cO6YlWmp3+cOAn88dWT3lhqngqsq9Pf45Qs8Tul+hmAkjmCwRSYIe00un86avKigspUn0RWUAACFl0FiZ/L5IYYOfZg0haI2a+/kSgtSQMrZc8xOz1J9maxVI+nj9ki8c49Z9dmBPLHBQ1dKG7IHWimChtI5U1Q3QTQ== cloud-2013-02-19"
    }
  },
  {
    "pk": 92,
    "model": "one.sshkey",
    "fields": {
      "user": 3,
      "key": "ssh-rsa AAAAB3NzaC1yc2EAAAADAQABAAAAgQDanoR/FMDwlVckJsK3hJ+ibJC+hahhH1K3vJLGSAgHskm+Tdt/KQoaDqwoE2zMmDjXqY5u+os9r+yrFk443nhd0ePccAFWFK1Xjq1NNdr4/4mnhqszzjMC7iS0TjP084tcVI8wwZnZyC9aIbiE+Yq46M2CIqdSxXhnpVK+gy5YmQ== cloud-2013-02-19"
    }
  },
  {
    "pk": 93,
    "model": "one.sshkey",
    "fields": {
      "user": 4,
      "key": "ssh-rsa AAAAB3NzaC1yc2EAAAADAQABAAAAgQCj9vSKqa8+LyI22AwqwBQs/h20Ykt1i8CPkbg+QFwriXPbAXvP/u22AkOrXvgrfbusTo527a+L7znv28FbwIlaYtgYDD08kogsqGOjSJ2+YUioUz/Q+TQCoABwIjEsLCWaoufmxXVfKdGsygs7YIie9c9u32V85CtvXj96CGVfhQ== cloud-2013-02-19"
    }
  },
  {
    "pk": 94,
    "model": "one.sshkey",
    "fields": {
      "user": 5,
      "key": "ssh-rsa AAAAB3NzaC1yc2EAAAADAQABAAAAgQCy/Q7FFIsdQn9EMxSGGhTsprGceHt9aedx9Yuj6J1RXm2wF7KJ20RT59iDB3ETFPYHCsGsej59YN3a5+pMvH1EMxJ0FuqxojdrxApeZIiKZImaXyO/BoshUu/0i8ufRHmoGOBDJPr5VnmTo6OJkB5eo1t1P7D2zAzIEt+P4ciirQ== cloud-2013-02-19"
    }
  },
  {
    "pk": 95,
    "model": "one.sshkey",
    "fields": {
      "user": 6,
      "key": "ssh-rsa AAAAB3NzaC1yc2EAAAADAQABAAAAgQDZ8AZHwKsVE2zCeWg2cnHSOgmTqTSOKrTVyuOcFYlz4MKt/jRCFsW1KrhLMhunz6bQNVy6+cj/5EMLBuES1T3k5h1eiPUigF3bfgkbNcFEbbyROSgsqIEKaL6mCdwz7237Is66IzhX7tBWAGQI0xoGvLuJadbXGIItWfFjgq0YHQ== cloud-2013-02-19"
    }
  },
  {
    "pk": 96,
    "model": "one.sshkey",
    "fields": {
      "user": 7,
      "key": "ssh-rsa AAAAB3NzaC1yc2EAAAADAQABAAAAgQCpScNYe4jC/sWVnX12rcRG45N6MdWEjQEx+0VHd3UGMtmj2PBiCsZ2Q5zSk3hWPY2Flf/dEWhPIf6bh1pxe+iqcDDUyrtPbH/sp6cuJSkNPeCXS1DLsaDIwgFk7kpBVTFO6EQMCG/bg2n2+Vy6/n+t5/WpbQamzS2VNawGItAF5w== cloud-2013-02-19"
    }
  },
  {
    "pk": 97,
    "model": "one.sshkey",
    "fields": {
      "user": 12,
      "key": "ssh-rsa AAAAB3NzaC1yc2EAAAADAQABAAAAgQC4JR32/9APzlda+wdw4NpvRV0W5Q94jZ4T1Gz9O3fcoaVbxh/6Q+8PNXPAuN4RDFUFsgYju+l6CVqfN+E0t4bzk+g6URxSHjnKCvYxzdWfzUGj/keUG4cwuCjpVNsMDpP/2ly3dXPxeth0MPZV7iN4UeC0BnMXv7nvbzvyqzlgAw== cloud-2013-02-19"
    }
  },
  {
    "pk": 98,
    "model": "one.sshkey",
    "fields": {
      "user": 13,
      "key": "ssh-rsa AAAAB3NzaC1yc2EAAAADAQABAAAAgQCSReXRUKJ3qyqlYsYVa/jABYlxEXBv+4STUBYcAnzNHwwAIaH0HaxXmE2tUAe/ZrqhDoEjXaYHPAu540XutCpHCNoQh/AvYCm5CUj85JJntCvpFBDTMkS6XZqB/P6qmpwfMjs/1JVFP/bLEAU9g5UbJ7SeGxn6mrrUN/0uo9jbnQ== cloud-2013-02-19"
    }
  },
  {
    "pk": 99,
    "model": "one.sshkey",
    "fields": {
      "user": 14,
      "key": "ssh-rsa AAAAB3NzaC1yc2EAAAADAQABAAAAgQCnmVq/2+Cvf8QvnIE5W0mOrX6UKHqiGbF6fY6ehIFQ7+ybupUlHaOw7lfUmCqiYIK0JuF5GenQKc65QbyiwYbVgQQHyyu/qCo8njr28Hm8np33TcKzuw2nAG0KFQaBkGRUHPk88nccUeNeLTm02AVcQRFur6pZ9Oj2Rfo+t16Dyw== cloud-2013-02-19"
    }
  },
  {
    "pk": 100,
    "model": "one.sshkey",
    "fields": {
      "user": 15,
      "key": "ssh-rsa AAAAB3NzaC1yc2EAAAADAQABAAAAgQDZ9CE2uTLZkHZZPFXywkPloaKWbDGFhIq5Hkm4KX2OXHqUM5kcpzIDBlueg8m8tuCeXGvI3lSvj//bKb1tPUfZOdL5xfrbmPrxGKRuKyouHlphCNf9/TUbsmk2a08o44pRjss1/LJBYmMl9a82Eqoq3yekUNDR2EyGAaxdd3I6fw== cloud-2013-02-19"
    }
  },
  {
    "pk": 101,
    "model": "one.sshkey",
    "fields": {
      "user": 16,
      "key": "ssh-rsa AAAAB3NzaC1yc2EAAAADAQABAAAAgQDdF990hU0lPIcW2Zgziuvm8LC7MBY8vGAsi9lue3M74k8iqwd1DWSlraA1rKyRRytA2Ller91H2taHkqnF+0IPpknvyEzp0Ik0WhfijpIQy0E9Tlmat04IGE49bfXVNB+UOG/hg4JoXvr+Nkr1zDnZM9b4dVVSmCXdOJ4zfmIdaw== cloud-2013-02-19"
    }
  },
  {
    "pk": 102,
    "model": "one.sshkey",
    "fields": {
      "user": 17,
      "key": "ssh-rsa AAAAB3NzaC1yc2EAAAADAQABAAAAgQC6qwNhBU1it9qyLTOQdFceKD84evv5UfIw+Fc+u7hxdOtKYW8lhfAAtLwPOZaXzBL+yMzryZmjhsiY5LCu1x6Jw559NuLaEyanzIsmIGD9Vc8MpyorulF4Lly6lYKWmXFDcByAN5aNJkhK26flIVv6m1TZatHOFlKzoDE11rRXxw== cloud-2013-02-19"
    }
  },
  {
    "pk": 103,
    "model": "one.sshkey",
    "fields": {
      "user": 18,
      "key": "ssh-rsa AAAAB3NzaC1yc2EAAAADAQABAAAAgQCb3ecK/nZyzjQ1fNfW1vmjZ6AySrLdsOcc67Zn8Aogn/EaRlCjk3ruipgPEw1rvoTIrSiAV8WLlEaIcZL0b1uLJ6PrqvgWXTpp5DR3JybMBcP74boIjX0MdGjkwgpqP2xRVsd0VXISiBBglntZfZu+m+wtPZdFeSy56aeMw5MlFw== cloud-2013-02-19"
    }
  },
  {
    "pk": 104,
    "model": "one.sshkey",
    "fields": {
      "user": 20,
      "key": "ssh-rsa AAAAB3NzaC1yc2EAAAADAQABAAAAgQCWzDJERp/18CS3IIvItT79DJWeFYzPNUQrinWz7+8lq5MiKvuH2Wkfy8YXbQ1YqTBtr0kUirPsHVc6pGUyUg4Tu0Dptio6BrQszZ9krUfi+kudt/aMGluJ3oCIcBYCB9GPs1q/1AIs3dPBO4Slag8dMDISQo6rUAjBZzIBCIYH4Q== cloud-2013-02-19"
    }
  },
  {
    "pk": 105,
    "model": "one.sshkey",
    "fields": {
      "user": 21,
      "key": "ssh-rsa AAAAB3NzaC1yc2EAAAADAQABAAAAgQC6MpjXa5DWX7OF201w97z3ELiHOUIQLO5faXExrlaZ/Cp1vOcTYHH+N2aCpcI0ssJVE2fwN4EFBw16RetvFPAinx7q3bO1etr1z/crOlIiN83rAN62+KzmIunQa4fww0AaLYZChSR/DFfFhrygdh0dTs6L7F8nglFbrPu1Jaqytw== cloud-2013-02-19"
    }
  },
  {
    "pk": 106,
    "model": "one.sshkey",
    "fields": {
      "user": 22,
      "key": "ssh-rsa AAAAB3NzaC1yc2EAAAADAQABAAAAgQDgezY5Yc4m8HCMqwdLnehMQC3R1m95xe8haXiFLlOgHCc106hRDBl+DzLG9ktiQs8LWvriKuy/1CX3NYO9XYj52mmJUt7ugR2AUnJuuF73yXDwiFGASQCXH84l8edW1NMrBwbArpWVV+IgwDDcEFTI+LCFQPPsBjU4/n5E1oYDXQ== cloud-2013-02-19"
    }
  },
  {
    "pk": 1,
    "model": "one.disk",
    "fields": {
      "name": "12.04 Ubuntu test"
    }
  },
  {
    "pk": 24,
    "model": "one.disk",
    "fields": {
      "name": "bd-vm"
    }
  },
  {
    "pk": 73,
    "model": "one.disk",
    "fields": {
      "name": "bscw"
    }
  },
  {
    "pk": 6,
    "model": "one.disk",
    "fields": {
      "name": "bubuntu-teszt"
    }
  },
  {
    "pk": 18,
    "model": "one.disk",
    "fields": {
      "name": "bvp6"
    }
  },
  {
    "pk": 37,
    "model": "one.disk",
    "fields": {
      "name": "clonezilla"
    }
  },
  {
    "pk": 44,
    "model": "one.disk",
    "fields": {
      "name": "clonezilla-mestergep"
    }
  },
  {
    "pk": 34,
    "model": "one.disk",
    "fields": {
      "name": "cloud-store-data"
    }
  },
  {
    "pk": 33,
    "model": "one.disk",
    "fields": {
      "name": "cloud-store-root"
    }
  },
  {
    "pk": 51,
    "model": "one.disk",
    "fields": {
      "name": "CPORTA-LINK1-ROOT"
    }
  },
  {
    "pk": 47,
    "model": "one.disk",
    "fields": {
      "name": "CPORTA-ROOT"
    }
  },
  {
    "pk": 76,
    "model": "one.disk",
    "fields": {
      "name": "devenv_v10"
    }
  },
  {
    "pk": 78,
    "model": "one.disk",
    "fields": {
      "name": "devenv_v11"
    }
  },
  {
    "pk": 79,
    "model": "one.disk",
    "fields": {
      "name": "devenv_v12"
    }
  },
  {
    "pk": 80,
    "model": "one.disk",
    "fields": {
      "name": "devenv_v13"
    }
  },
  {
    "pk": 81,
    "model": "one.disk",
    "fields": {
      "name": "dns2"
    }
  },
  {
    "pk": 55,
    "model": "one.disk",
    "fields": {
      "name": "DP"
    }
  },
  {
    "pk": 17,
    "model": "one.disk",
    "fields": {
      "name": "dps"
    }
  },
  {
    "pk": 20,
    "model": "one.disk",
    "fields": {
      "name": "gabor-backup"
    }
  },
  {
    "pk": 22,
    "model": "one.disk",
    "fields": {
      "name": "giccero"
    }
  },
  {
    "pk": 13,
    "model": "one.disk",
    "fields": {
      "name": "Grid-CE"
    }
  },
  {
    "pk": 29,
    "model": "one.disk",
    "fields": {
      "name": "Grid-CE-nfsshare"
    }
  },
  {
    "pk": 14,
    "model": "one.disk",
    "fields": {
      "name": "Grid-MON"
    }
  },
  {
    "pk": 15,
    "model": "one.disk",
    "fields": {
      "name": "Grid-SE"
    }
  },
  {
    "pk": 28,
    "model": "one.disk",
    "fields": {
      "name": "Grid-SE-storage"
    }
  },
  {
    "pk": 63,
    "model": "one.disk",
    "fields": {
      "name": "Grid-UI"
    }
  },
  {
    "pk": 32,
    "model": "one.disk",
    "fields": {
      "name": "Grid-WN"
    }
  },
  {
    "pk": 30,
    "model": "one.disk",
    "fields": {
      "name": "Grid-WN13"
    }
  },
  {
    "pk": 19,
    "model": "one.disk",
    "fields": {
      "name": "ibm-win7"
    }
  },
  {
    "pk": 82,
    "model": "one.disk",
    "fields": {
      "name": "ibm-win7-v2"
    }
  },
  {
    "pk": 39,
    "model": "one.disk",
    "fields": {
      "name": "infocpp"
    }
  },
  {
    "pk": 21,
    "model": "one.disk",
    "fields": {
      "name": "OS-Ubuntu_12.04_64_server"
    }
  },
  {
    "pk": 23,
    "model": "one.disk",
    "fields": {
      "name": "OS-Ubuntu_12.04_64_server_121229"
    }
  },
  {
    "pk": 31,
    "model": "one.disk",
    "fields": {
      "name": "ParaHead"
    }
  },
  {
    "pk": 36,
    "model": "one.disk",
    "fields": {
      "name": "Tarokkk-store"
    }
  },
  {
    "pk": 35,
    "model": "one.disk",
    "fields": {
      "name": "Tarokkk-Ubuntu"
    }
  },
  {
    "pk": 38,
    "model": "one.disk",
    "fields": {
      "name": "teamconcert"
    }
  },
  {
    "pk": 43,
    "model": "one.disk",
    "fields": {
      "name": "TeamConcertWin2008"
    }
  },
  {
    "pk": 84,
    "model": "one.disk",
    "fields": {
      "name": "template-8-294"
    }
  },
  {
    "pk": 59,
    "model": "one.disk",
    "fields": {
      "name": "Ubuntu 12.04 Desktop ctx"
    }
  },
  {
    "pk": 77,
    "model": "one.disk",
    "fields": {
      "name": "Ubuntu 12.04 Server ctx"
    }
  },
  {
    "pk": 49,
    "model": "one.disk",
    "fields": {
      "name": "ubuntu_12.04_x86_installer"
    }
  },
  {
    "pk": 57,
    "model": "one.disk",
    "fields": {
      "name": "UI"
    }
  },
  {
    "pk": 58,
    "model": "one.disk",
    "fields": {
      "name": "UI-new"
    }
  },
  {
    "pk": 56,
    "model": "one.disk",
    "fields": {
      "name": "VERS"
    }
  },
  {
    "pk": 41,
    "model": "one.disk",
    "fields": {
      "name": "VirtioDriver"
    }
  },
  {
    "pk": 62,
    "model": "one.disk",
    "fields": {
      "name": "Windows 7 Hanak"
    }
  },
  {
    "pk": 42,
    "model": "one.disk",
    "fields": {
      "name": "Windows2008-Install"
    }
  },
  {
    "pk": 46,
    "model": "one.disk",
    "fields": {
      "name": "Windows7-Install"
    }
  },
  {
    "pk": 7,
    "model": "one.disk",
    "fields": {
      "name": "windows7-teszt"
    }
  },
  {
    "pk": 12,
    "model": "one.disk",
    "fields": {
      "name": "windows7_64-ctx"
    }
  },
  {
    "pk": 40,
    "model": "one.disk",
    "fields": {
      "name": "zimbra-opt"
    }
  },
  {
    "pk": 13,
    "model": "one.network",
    "fields": {
      "name": "clonezilla",
      "nat": false,
      "public": false
    }
  },
  {
    "pk": 15,
    "model": "one.network",
    "fields": {
      "name": "cporta",
      "nat": false,
      "public": false
    }
  },
  {
    "pk": 2,
    "model": "one.network",
    "fields": {
      "name": "dmz",
      "nat": false,
      "public": false
    }
  },
  {
    "pk": 10,
    "model": "one.network",
    "fields": {
      "name": "grid",
      "nat": false,
      "public": false
    }
  },
  {
    "pk": 18,
    "model": "one.network",
    "fields": {
      "name": "iitint",
      "nat": false,
      "public": false
    }
  },
  {
    "pk": 20,
    "model": "one.network",
    "fields": {
      "name": "iitlab",
      "nat": false,
      "public": false
    }
  },
  {
    "pk": 12,
    "model": "one.network",
    "fields": {
      "name": "lab",
      "nat": false,
      "public": false
    }
  },
  {
    "pk": 11,
    "model": "one.network",
    "fields": {
      "name": "paranet",
      "nat": false,
      "public": false
    }
  },
  {
    "pk": 21,
    "model": "one.network",
    "fields": {
      "name": "pub",
      "nat": false,
      "public": false
    }
  },
  {
    "pk": 1,
    "model": "one.network",
    "fields": {
      "name": "vm-net",
      "nat": true,
      "public": false
    }
  },
  {
    "pk": 8,
    "model": "one.network",
    "fields": {
      "name": "war",
      "nat": false,
      "public": false
    }
  },
  {
    "pk": 1,
    "model": "one.instancetype",
    "fields": {
      "credit": 1,
      "RAM": 4096,
      "name": "large",
      "CPU": 2
    }
  },
  {
    "pk": 3,
    "model": "one.instancetype",
    "fields": {
      "credit": 1,
      "RAM": 1024,
      "name": "small",
      "CPU": 1
    }
  },
  {
    "pk": 2,
    "model": "one.instancetype",
    "fields": {
      "credit": 3,
      "RAM": 2048,
      "name": "medium",
      "CPU": 1
    }
  },
  {
    "pk": 4,
    "model": "one.template",
    "fields": {
      "name": "Windows 7",
      "created_at": "2012-12-26T20:16:49Z",
      "description": "",
      "system": "",
      "access_type": "rdp",
      "instance_type": 3,
      "state": "NEW",
      "owner": 4,
      "disk": 12,
      "public": false,
      "network": 1
    }
  },
  {
    "pk": 7,
    "model": "one.template",
    "fields": {
      "name": "Ubuntu 12.04 Desktop",
      "created_at": "2013-01-23T13:48:14Z",
      "description": "",
      "system": "",
      "access_type": "nx",
      "instance_type": 3,
      "state": "NEW",
      "owner": 4,
      "disk": 59,
      "public": false,
      "network": 1
    }
  },
  {
    "pk": 8,
    "model": "one.template",
    "fields": {
      "name": "Ubuntu 12.04 Server",
      "created_at": "2013-01-29T17:19:50Z",
      "description": "",
      "system": "",
      "access_type": "ssh",
      "instance_type": 3,
      "state": "NEW",
      "owner": 4,
      "disk": 84,
      "public": false,
      "network": 1
    }
  },
  {
    "pk": 90,
    "model": "one.instance",
    "fields": {
      "name": "bd Windows 7 (432)",
      "time_of_suspend": null,
      "ip": "10.9.1.19",
      "created_at": "2012-12-29T19:33:17Z",
      "share": null,
      "waiting": false,
      "firewall_host": 524,
      "active_since": "2012-12-29T19:33:25Z",
      "state": "ACTIVE",
      "template": 4,
      "owner": 2,
      "time_of_delete": null,
      "one_id": 432,
      "pw": "5zgAGYqm6x"
    }
  },
  {
    "pk": 178,
    "model": "one.instance",
    "fields": {
      "name": "TFDAZ6 Windows 7 (750)",
      "time_of_suspend": null,
      "ip": "10.9.1.37",
      "created_at": "2013-01-24T23:23:52Z",
      "share": null,
      "waiting": false,
      "firewall_host": 675,
      "active_since": "2013-01-24T23:24:00Z",
      "state": "ACTIVE",
      "template": 4,
      "owner": 13,
      "time_of_delete": null,
      "one_id": 750,
      "pw": "qYSv3eQJYY"
    }
  },
  {
    "pk": 182,
    "model": "one.instance",
    "fields": {
      "name": "UYD1S5 Ubuntu 12.04 Desktop (759)",
      "time_of_suspend": null,
      "ip": "10.9.1.45",
      "created_at": "2013-01-25T11:11:54Z",
      "share": null,
      "waiting": false,
      "firewall_host": 684,
      "active_since": "2013-01-25T11:12:00Z",
      "state": "ACTIVE",
      "template": 7,
      "owner": 15,
      "time_of_delete": null,
      "one_id": 759,
      "pw": "43EqnuGyQW"
    }
  },
  {
    "pk": 183,
    "model": "one.instance",
    "fields": {
      "name": "UYD1S5 Ubuntu 12.04 Desktop (760)",
      "time_of_suspend": null,
      "ip": "10.9.1.46",
      "created_at": "2013-01-25T11:13:36Z",
      "share": null,
      "waiting": false,
      "firewall_host": 685,
      "active_since": "2013-01-25T11:13:41Z",
      "state": "ACTIVE",
      "template": 7,
      "owner": 15,
      "time_of_delete": null,
      "one_id": 760,
      "pw": "ggKRUTHQ5w"
    }
  },
  {
    "pk": 274,
    "model": "one.instance",
    "fields": {
      "name": "K2JL24 Windows 7 (868)",
      "time_of_suspend": null,
      "ip": "10.9.1.105",
      "created_at": "2013-02-05T09:33:58Z",
      "share": null,
      "waiting": false,
      "firewall_host": 789,
      "active_since": "2013-02-05T09:34:01Z",
      "state": "ACTIVE",
      "template": 4,
      "owner": 22,
      "time_of_delete": null,
      "one_id": 868,
      "pw": "j6Cs6PELjH"
    }
  },
  {
    "pk": 278,
    "model": "one.instance",
    "fields": {
      "name": "TFDAZ6 Ubuntu 12.04 Desktop (872)",
      "time_of_suspend": null,
      "ip": "10.9.1.107",
      "created_at": "2013-02-05T17:48:23Z",
      "share": null,
      "waiting": false,
      "firewall_host": 793,
      "active_since": "2013-02-05T17:48:31Z",
      "state": "ACTIVE",
      "template": 7,
      "owner": 13,
      "time_of_delete": null,
      "one_id": 872,
      "pw": "YGrARfKUCE"
    }
  },
  {
    "pk": 280,
    "model": "one.instance",
    "fields": {
      "name": "root Ubuntu 12.04 Desktop (874)",
      "time_of_suspend": null,
      "ip": "10.9.1.108",
      "created_at": "2013-02-05T22:08:47Z",
      "share": null,
      "waiting": false,
      "firewall_host": 795,
      "active_since": "2013-02-05T22:08:52Z",
      "state": "ACTIVE",
      "template": 7,
      "owner": 1,
      "time_of_delete": null,
      "one_id": 874,
      "pw": "AmSy76upHY"
    }
  },
  {
    "pk": 289,
    "model": "one.instance",
    "fields": {
      "name": "TFDAZ6 Ubuntu 12.04 Server (887)",
      "time_of_suspend": null,
      "ip": "10.9.1.115",
      "created_at": "2013-02-06T21:23:32Z",
      "share": null,
      "waiting": false,
      "firewall_host": 809,
      "active_since": "2013-02-06T21:23:41Z",
      "state": "DONE",
      "template": 8,
      "owner": 13,
      "time_of_delete": null,
      "one_id": 887,
      "pw": "MUVBtkvTud"
    }
  },
  {
    "pk": 294,
    "model": "one.instance",
    "fields": {
      "name": "K2JL24 Ubuntu 12.04 Server (893)",
      "time_of_suspend": null,
      "ip": "10.9.1.120",
      "created_at": "2013-02-08T14:51:27Z",
      "share": null,
      "waiting": false,
      "firewall_host": 815,
      "active_since": null,
      "state": "DONE",
      "template": 8,
      "owner": 22,
      "time_of_delete": null,
      "one_id": 893,
      "pw": "Mp2AzEyhUv"
    }
  },
  {
    "pk": 299,
    "model": "one.instance",
    "fields": {
      "name": "JI1M92 Ubuntu 12.04 Desktop (898)",
      "time_of_suspend": null,
      "ip": "10.9.1.121",
      "created_at": "2013-02-08T23:29:10Z",
      "share": null,
      "waiting": false,
      "firewall_host": 819,
      "active_since": "2013-02-08T23:29:23Z",
      "state": "ACTIVE",
      "template": 7,
      "owner": 12,
      "time_of_delete": null,
      "one_id": 898,
      "pw": "9TrU5HWYTn"
    }
  },
  {
    "pk": 6,
    "model": "firewall.rule",
    "fields": {
      "r_type": "host",
      "direction": "1",
      "vlan": null,
      "description": "ssh ik net",
      "proto": "tcp",
      "firewall": null,
      "created_at": "2013-01-27T23:00:00Z",
      "extra": "-s 152.66.243.0/24",
      "modified_at": "2013-01-30T18:13:43Z",
      "owner": 1,
      "accept": true,
      "dport": 22,
      "host": 29,
      "nat_dport": null,
      "hostgroup": null,
      "nat": false,
      "foreign_network": 2,
      "sport": null,
      "vlangroup": null
    }
  },
  {
    "pk": 12,
    "model": "firewall.rule",
    "fields": {
      "r_type": "firewall",
      "direction": "1",
      "vlan": null,
      "description": "icmp",
      "proto": "icmp",
      "firewall": 1,
      "created_at": "2013-01-27T23:00:00Z",
      "extra": "",
      "modified_at": "2013-01-30T16:55:32Z",
      "owner": 1,
      "accept": true,
      "dport": null,
      "host": null,
      "nat_dport": null,
      "hostgroup": null,
      "nat": false,
      "foreign_network": 1,
      "sport": null,
      "vlangroup": null
    }
  },
  {
    "pk": 15,
    "model": "firewall.rule",
    "fields": {
      "r_type": "firewall",
      "direction": "0",
      "vlan": null,
      "description": "",
      "proto": null,
      "firewall": 1,
      "created_at": "2013-01-27T23:00:00Z",
      "extra": "",
      "modified_at": "2013-01-30T16:55:24Z",
      "owner": 1,
      "accept": true,
      "dport": null,
      "host": null,
      "nat_dport": null,
      "hostgroup": null,
      "nat": false,
      "foreign_network": 1,
      "sport": null,
      "vlangroup": null
    }
  },
  {
    "pk": 26,
    "model": "firewall.rule",
    "fields": {
      "r_type": "firewall",
      "direction": "1",
      "vlan": null,
      "description": "dhcp, time, tftp",
      "proto": null,
      "firewall": 1,
      "created_at": "2013-01-27T23:00:00Z",
      "extra": "-p udp -m multiport --dports 67,69,123",
      "modified_at": "2013-01-30T16:55:12Z",
      "owner": 1,
      "accept": true,
      "dport": null,
      "host": null,
      "nat_dport": null,
      "hostgroup": null,
      "nat": false,
      "foreign_network": 6,
      "sport": null,
      "vlangroup": null
    }
  },
  {
    "pk": 31,
    "model": "firewall.rule",
    "fields": {
      "r_type": "firewall",
      "direction": "1",
      "vlan": null,
      "description": "munin",
      "proto": "tcp",
      "firewall": 1,
      "created_at": "2013-01-27T23:00:00Z",
      "extra": "",
      "modified_at": "2013-01-30T16:54:33Z",
      "owner": 1,
      "accept": true,
      "dport": 4949,
      "host": null,
      "nat_dport": null,
      "hostgroup": null,
      "nat": false,
      "foreign_network": 5,
      "sport": null,
      "vlangroup": null
    }
  },
  {
    "pk": 33,
    "model": "firewall.rule",
    "fields": {
      "r_type": "host",
      "direction": "0",
      "vlan": null,
      "description": "nyomtat\u00f3 egyteru hp laserjet 1320",
      "proto": null,
      "firewall": null,
      "created_at": "2013-01-27T23:00:00Z",
      "extra": "-d 10.0.0.253",
      "modified_at": "2013-02-01T11:50:31Z",
      "owner": 1,
      "accept": true,
      "dport": null,
      "host": null,
      "nat_dport": null,
      "hostgroup": 1,
      "nat": false,
      "foreign_network": 16,
      "sport": null,
      "vlangroup": null
    }
  },
  {
    "pk": 34,
    "model": "firewall.rule",
    "fields": {
      "r_type": "host",
      "direction": "1",
      "vlan": null,
      "description": "ssh ",
      "proto": "tcp",
      "firewall": null,
      "created_at": "2013-01-27T23:00:00Z",
      "extra": "",
      "modified_at": "2013-01-30T18:12:41Z",
      "owner": 1,
      "accept": true,
      "dport": 22,
      "host": null,
      "nat_dport": null,
      "hostgroup": 9,
      "nat": false,
      "foreign_network": 2,
      "sport": null,
      "vlangroup": null
    }
  },
  {
    "pk": 35,
    "model": "firewall.rule",
    "fields": {
      "r_type": "firewall",
      "direction": "1",
      "vlan": null,
      "description": "vpn",
      "proto": "udp",
      "firewall": 1,
      "created_at": "2013-01-27T23:00:00Z",
      "extra": "",
      "modified_at": "2013-01-30T16:54:11Z",
      "owner": 1,
      "accept": true,
      "dport": 3721,
      "host": null,
      "nat_dport": null,
      "hostgroup": null,
      "nat": false,
      "foreign_network": 1,
      "sport": null,
      "vlangroup": null
    }
  },
  {
    "pk": 37,
    "model": "firewall.rule",
    "fields": {
      "r_type": "host",
      "direction": "1",
      "vlan": null,
      "description": "dns",
      "proto": "udp",
      "firewall": null,
      "created_at": "2013-01-27T23:00:00Z",
      "extra": "",
      "modified_at": "2013-01-30T18:14:23Z",
      "owner": 1,
      "accept": true,
      "dport": 53,
      "host": 29,
      "nat_dport": null,
      "hostgroup": null,
      "nat": false,
      "foreign_network": 2,
      "sport": null,
      "vlangroup": null
    }
  },
  {
    "pk": 38,
    "model": "firewall.rule",
    "fields": {
      "r_type": "firewall",
      "direction": "1",
      "vlan": null,
      "description": "ssh",
      "proto": "tcp",
      "firewall": 1,
      "created_at": "2013-01-27T23:00:00Z",
      "extra": "",
      "modified_at": "2013-01-30T16:53:53Z",
      "owner": 1,
      "accept": true,
      "dport": 532,
      "host": null,
      "nat_dport": null,
      "hostgroup": null,
      "nat": false,
      "foreign_network": 1,
      "sport": null,
      "vlangroup": null
    }
  },
  {
    "pk": 46,
    "model": "firewall.rule",
    "fields": {
      "r_type": "host",
      "direction": "1",
      "vlan": null,
      "description": "radius bd",
      "proto": "udp",
      "firewall": null,
      "created_at": "2013-01-27T23:00:00Z",
      "extra": "",
      "modified_at": "2013-01-30T18:11:51Z",
      "owner": 1,
      "accept": true,
      "dport": 1812,
      "host": 29,
      "nat_dport": null,
      "hostgroup": null,
      "nat": false,
      "foreign_network": 17,
      "sport": null,
      "vlangroup": null
    }
  },
  {
    "pk": 47,
    "model": "firewall.rule",
    "fields": {
      "r_type": "host",
      "direction": "1",
      "vlan": null,
      "description": "http",
      "proto": "tcp",
      "firewall": null,
      "created_at": "2013-01-27T23:00:00Z",
      "extra": "",
      "modified_at": "2013-01-30T18:11:07Z",
      "owner": 1,
      "accept": true,
      "dport": 80,
      "host": null,
      "nat_dport": null,
      "hostgroup": 8,
      "nat": false,
      "foreign_network": 2,
      "sport": null,
      "vlangroup": null
    }
  },
  {
    "pk": 48,
    "model": "firewall.rule",
    "fields": {
      "r_type": "host",
      "direction": "1",
      "vlan": null,
      "description": "syslog iknet",
      "proto": "tcp",
      "firewall": null,
      "created_at": "2013-01-27T23:00:00Z",
      "extra": "-s 152.66.243.0/24",
      "modified_at": "2013-01-30T18:10:50Z",
      "owner": 1,
      "accept": true,
      "dport": 1999,
      "host": 3,
      "nat_dport": null,
      "hostgroup": null,
      "nat": false,
      "foreign_network": 2,
      "sport": null,
      "vlangroup": null
    }
  },
  {
    "pk": 261,
    "model": "firewall.rule",
    "fields": {
      "r_type": "host",
      "direction": "1",
      "vlan": null,
      "description": "pbx",
      "proto": null,
      "firewall": null,
      "created_at": "2013-01-27T23:00:00Z",
      "extra": "-p tcp -m multiport --dport 80,2000,5060",
      "modified_at": "2013-01-30T18:10:23Z",
      "owner": 3,
      "accept": true,
      "dport": null,
      "host": 299,
      "nat_dport": null,
      "hostgroup": null,
      "nat": false,
      "foreign_network": 2,
      "sport": null,
      "vlangroup": null
    }
  },
  {
    "pk": 262,
    "model": "firewall.rule",
    "fields": {
      "r_type": "host",
      "direction": "1",
      "vlan": null,
      "description": "pbx",
      "proto": null,
      "firewall": null,
      "created_at": "2013-01-27T23:00:00Z",
      "extra": "-p udp -m multiport --dport 5000,5060,4569",
      "modified_at": "2013-01-30T18:09:40Z",
      "owner": 3,
      "accept": true,
      "dport": null,
      "host": 299,
      "nat_dport": null,
      "hostgroup": null,
      "nat": false,
      "foreign_network": 2,
      "sport": null,
      "vlangroup": null
    }
  },
  {
    "pk": 263,
    "model": "firewall.rule",
    "fields": {
      "r_type": "host",
      "direction": "0",
      "vlan": null,
      "description": "nyomtat\u00f3 canon iR2870 (f\u00e9nym\u00e1sol\u00f3)",
      "proto": null,
      "firewall": null,
      "created_at": "2013-01-27T23:00:00Z",
      "extra": "-d 10.0.0.251",
      "modified_at": "2013-01-30T18:09:22Z",
      "owner": 1,
      "accept": true,
      "dport": null,
      "host": null,
      "nat_dport": null,
      "hostgroup": 1,
      "nat": false,
      "foreign_network": 16,
      "sport": null,
      "vlangroup": null
    }
  },
  {
    "pk": 264,
    "model": "firewall.rule",
    "fields": {
      "r_type": "host",
      "direction": "0",
      "vlan": null,
      "description": "nyomtato hp laserjet cp1525",
      "proto": null,
      "firewall": null,
      "created_at": "2013-01-27T23:00:00Z",
      "extra": "-d 10.0.0.65",
      "modified_at": "2013-01-30T18:08:59Z",
      "owner": 1,
      "accept": true,
      "dport": null,
      "host": null,
      "nat_dport": null,
      "hostgroup": 1,
      "nat": false,
      "foreign_network": 16,
      "sport": null,
      "vlangroup": null
    }
  },
  {
    "pk": 849,
    "model": "firewall.rule",
    "fields": {
      "r_type": "host",
      "direction": "1",
      "vlan": null,
      "description": "dns",
      "proto": "tcp",
      "firewall": null,
      "created_at": "2013-01-27T23:00:00Z",
      "extra": "",
      "modified_at": "2013-01-30T18:15:27Z",
      "owner": 1,
      "accept": true,
      "dport": 53,
      "host": 29,
      "nat_dport": null,
      "hostgroup": null,
      "nat": false,
      "foreign_network": 2,
      "sport": null,
      "vlangroup": null
    }
  },
  {
    "pk": 856,
    "model": "firewall.rule",
    "fields": {
      "r_type": "host",
      "direction": "1",
      "vlan": null,
      "description": "https",
      "proto": "tcp",
      "firewall": null,
      "created_at": "2013-01-27T23:00:00Z",
      "extra": "",
      "modified_at": "2013-01-30T18:16:00Z",
      "owner": 1,
      "accept": true,
      "dport": 443,
      "host": null,
      "nat_dport": null,
      "hostgroup": 8,
      "nat": false,
      "foreign_network": 2,
      "sport": null,
      "vlangroup": null
    }
  },
  {
    "pk": 859,
    "model": "firewall.rule",
    "fields": {
      "r_type": "host",
      "direction": "1",
      "vlan": null,
      "description": "opennebula novnc",
      "proto": "tcp",
      "firewall": null,
      "created_at": "2013-01-27T23:00:00Z",
      "extra": "",
      "modified_at": "2013-01-30T18:07:51Z",
      "owner": 1,
      "accept": true,
      "dport": 29876,
      "host": 12,
      "nat_dport": null,
      "hostgroup": null,
      "nat": false,
      "foreign_network": 2,
      "sport": null,
      "vlangroup": null
    }
  },
  {
    "pk": 866,
    "model": "firewall.rule",
    "fields": {
      "r_type": "host",
      "direction": "0",
      "vlan": null,
      "description": "smb server",
      "proto": null,
      "firewall": null,
      "created_at": "2013-01-27T23:00:00Z",
      "extra": "-d 10.0.0.253",
      "modified_at": "2013-01-30T18:07:10Z",
      "owner": 3,
      "accept": true,
      "dport": null,
      "host": null,
      "nat_dport": null,
      "hostgroup": 1,
      "nat": false,
      "foreign_network": 16,
      "sport": null,
      "vlangroup": null
    }
  },
  {
    "pk": 867,
    "model": "firewall.rule",
    "fields": {
      "r_type": "firewall",
      "direction": "1",
      "vlan": null,
      "description": "time war",
      "proto": "udp",
      "firewall": 1,
      "created_at": "2013-01-27T23:00:00Z",
      "extra": "",
      "modified_at": "2013-01-30T16:53:09Z",
      "owner": 1,
      "accept": true,
      "dport": 123,
      "host": null,
      "nat_dport": null,
      "hostgroup": null,
      "nat": false,
      "foreign_network": 4,
      "sport": null,
      "vlangroup": null
    }
  },
  {
    "pk": 948,
    "model": "firewall.rule",
    "fields": {
      "r_type": "host",
      "direction": "0",
      "vlan": null,
      "description": "",
      "proto": "tcp",
      "firewall": null,
      "created_at": "2013-01-27T23:00:00Z",
      "extra": "",
      "modified_at": "2013-01-30T18:05:27Z",
      "owner": 1,
      "accept": true,
      "dport": 25,
      "host": null,
      "nat_dport": null,
      "hostgroup": 6,
      "nat": false,
      "foreign_network": 15,
      "sport": null,
      "vlangroup": null
    }
  },
  {
    "pk": 988,
    "model": "firewall.rule",
    "fields": {
      "r_type": "host",
      "direction": "0",
      "vlan": null,
      "description": "mailezhet cronosra",
      "proto": "tcp",
      "firewall": null,
      "created_at": "2013-01-27T23:00:00Z",
      "extra": "-d 152.66.243.1",
      "modified_at": "2013-01-30T18:16:59Z",
      "owner": 1,
      "accept": true,
      "dport": 25,
      "host": null,
      "nat_dport": null,
      "hostgroup": 7,
      "nat": false,
      "foreign_network": 15,
      "sport": null,
      "vlangroup": null
    }
  },
  {
    "pk": 1046,
    "model": "firewall.rule",
    "fields": {
      "r_type": "host",
      "direction": "1",
      "vlan": null,
      "description": "id-182_user-UYD1S5 tcp 7180\u2009\u25b8\u20097180",
      "proto": "tcp",
      "firewall": null,
      "created_at": "2013-01-27T23:00:00Z",
      "extra": "",
      "modified_at": "2013-01-30T18:15:44Z",
      "owner": 15,
      "accept": true,
      "dport": 7180,
      "host": 684,
      "nat_dport": 7180,
      "hostgroup": null,
      "nat": true,
      "foreign_network": 2,
      "sport": null,
      "vlangroup": null
    }
  },
  {
    "pk": 1096,
    "model": "firewall.rule",
    "fields": {
      "r_type": "vlan",
      "direction": "0",
      "vlan": 5,
      "description": "",
      "proto": null,
      "firewall": null,
      "created_at": "2013-01-30T17:00:58Z",
      "extra": "",
      "modified_at": "2013-01-30T17:17:28Z",
      "owner": 1,
      "accept": true,
      "dport": null,
      "host": null,
      "nat_dport": null,
      "hostgroup": null,
      "nat": false,
      "foreign_network": 8,
      "sport": null,
      "vlangroup": null
    }
  },
  {
    "pk": 1097,
    "model": "firewall.rule",
    "fields": {
      "r_type": "vlan",
      "direction": "0",
      "vlan": 6,
      "description": "",
      "proto": null,
      "firewall": null,
      "created_at": "2013-01-30T17:03:59Z",
      "extra": "",
      "modified_at": "2013-01-30T17:03:59Z",
      "owner": 1,
      "accept": true,
      "dport": null,
      "host": null,
      "nat_dport": null,
      "hostgroup": null,
      "nat": false,
      "foreign_network": 7,
      "sport": null,
      "vlangroup": null
    }
  },
  {
    "pk": 1098,
    "model": "firewall.rule",
    "fields": {
      "r_type": "vlan",
      "direction": "0",
      "vlan": 2,
      "description": "",
      "proto": null,
      "firewall": null,
      "created_at": "2013-01-30T17:06:14Z",
      "extra": "",
      "modified_at": "2013-01-30T17:06:14Z",
      "owner": 1,
      "accept": true,
      "dport": null,
      "host": null,
      "nat_dport": null,
      "hostgroup": null,
      "nat": false,
      "foreign_network": 5,
      "sport": null,
      "vlangroup": null
    }
  },
  {
    "pk": 1099,
    "model": "firewall.rule",
    "fields": {
      "r_type": "vlan",
      "direction": "0",
      "vlan": 3,
      "description": "",
      "proto": null,
      "firewall": null,
      "created_at": "2013-01-30T17:18:33Z",
      "extra": "",
      "modified_at": "2013-01-30T17:18:33Z",
      "owner": 1,
      "accept": true,
      "dport": null,
      "host": null,
      "nat_dport": null,
      "hostgroup": null,
      "nat": false,
      "foreign_network": 9,
      "sport": null,
      "vlangroup": null
    }
  },
  {
    "pk": 1100,
    "model": "firewall.rule",
    "fields": {
      "r_type": "vlan",
      "direction": "0",
      "vlan": 1,
      "description": "",
      "proto": null,
      "firewall": null,
      "created_at": "2013-01-30T17:19:14Z",
      "extra": "",
      "modified_at": "2013-01-30T17:19:14Z",
      "owner": 1,
      "accept": true,
      "dport": null,
      "host": null,
      "nat_dport": null,
      "hostgroup": null,
      "nat": false,
      "foreign_network": 8,
      "sport": null,
      "vlangroup": null
    }
  },
  {
    "pk": 1101,
    "model": "firewall.rule",
    "fields": {
      "r_type": "vlan",
      "direction": "0",
      "vlan": 7,
      "description": "",
      "proto": null,
      "firewall": null,
      "created_at": "2013-01-30T17:19:48Z",
      "extra": "",
      "modified_at": "2013-01-30T17:19:48Z",
      "owner": 2,
      "accept": true,
      "dport": null,
      "host": null,
      "nat_dport": null,
      "hostgroup": null,
      "nat": false,
      "foreign_network": 4,
      "sport": null,
      "vlangroup": null
    }
  },
  {
    "pk": 1102,
    "model": "firewall.rule",
    "fields": {
      "r_type": "vlan",
      "direction": "0",
      "vlan": 8,
      "description": "",
      "proto": null,
      "firewall": null,
      "created_at": "2013-01-30T17:20:55Z",
      "extra": "",
      "modified_at": "2013-02-05T17:02:32Z",
      "owner": 1,
      "accept": true,
      "dport": null,
      "host": null,
      "nat_dport": null,
      "hostgroup": null,
      "nat": false,
      "foreign_network": 10,
      "sport": null,
      "vlangroup": null
    }
  },
  {
    "pk": 1103,
    "model": "firewall.rule",
    "fields": {
      "r_type": "vlan",
      "direction": "0",
      "vlan": 10,
      "description": "",
      "proto": null,
      "firewall": null,
      "created_at": "2013-01-30T17:21:36Z",
      "extra": "",
      "modified_at": "2013-01-30T17:21:36Z",
      "owner": 1,
      "accept": true,
      "dport": null,
      "host": null,
      "nat_dport": null,
      "hostgroup": null,
      "nat": false,
      "foreign_network": 11,
      "sport": null,
      "vlangroup": null
    }
  },
  {
    "pk": 1104,
    "model": "firewall.rule",
    "fields": {
      "r_type": "vlan",
      "direction": "0",
      "vlan": 11,
      "description": "",
      "proto": null,
      "firewall": null,
      "created_at": "2013-01-30T17:22:27Z",
      "extra": "",
      "modified_at": "2013-01-30T17:22:27Z",
      "owner": 1,
      "accept": true,
      "dport": null,
      "host": null,
      "nat_dport": null,
      "hostgroup": null,
      "nat": false,
      "foreign_network": 12,
      "sport": null,
      "vlangroup": null
    }
  },
  {
    "pk": 1105,
    "model": "firewall.rule",
    "fields": {
      "r_type": "vlan",
      "direction": "0",
      "vlan": 12,
      "description": "",
      "proto": null,
      "firewall": null,
      "created_at": "2013-01-30T17:28:15Z",
      "extra": "",
      "modified_at": "2013-01-30T17:28:15Z",
      "owner": 1,
      "accept": true,
      "dport": null,
      "host": null,
      "nat_dport": null,
      "hostgroup": null,
      "nat": false,
      "foreign_network": 13,
      "sport": null,
      "vlangroup": null
    }
  },
  {
    "pk": 1106,
    "model": "firewall.rule",
    "fields": {
      "r_type": "vlan",
      "direction": "0",
      "vlan": 4,
      "description": "",
      "proto": null,
      "firewall": null,
      "created_at": "2013-01-30T17:29:14Z",
      "extra": "",
      "modified_at": "2013-01-30T17:29:14Z",
      "owner": 1,
      "accept": true,
      "dport": null,
      "host": null,
      "nat_dport": null,
      "hostgroup": null,
      "nat": false,
      "foreign_network": 14,
      "sport": null,
      "vlangroup": null
    }
  },
  {
    "pk": 1112,
    "model": "firewall.rule",
    "fields": {
      "r_type": "host",
      "direction": "1",
      "vlan": null,
      "description": "",
      "proto": "tcp",
      "firewall": null,
      "created_at": "2013-01-30T18:02:23Z",
      "extra": "",
      "modified_at": "2013-01-30T18:02:23Z",
      "owner": 5,
      "accept": true,
      "dport": 22005,
      "host": 501,
      "nat_dport": 22,
      "hostgroup": null,
      "nat": true,
      "foreign_network": 2,
      "sport": null,
      "vlangroup": null
    }
  },
  {
    "pk": 1113,
    "model": "firewall.rule",
    "fields": {
      "r_type": "host",
      "direction": "1",
      "vlan": null,
      "description": "",
      "proto": "tcp",
      "firewall": null,
      "created_at": "2013-01-30T18:02:23Z",
      "extra": "",
      "modified_at": "2013-01-30T18:02:23Z",
      "owner": 5,
      "accept": true,
      "dport": 23005,
      "host": 501,
      "nat_dport": 3389,
      "hostgroup": null,
      "nat": true,
      "foreign_network": 2,
      "sport": null,
      "vlangroup": null
    }
  },
  {
    "pk": 1114,
    "model": "firewall.rule",
    "fields": {
      "r_type": "host",
      "direction": "1",
      "vlan": null,
      "description": "",
      "proto": "tcp",
      "firewall": null,
      "created_at": "2013-01-30T18:02:23Z",
      "extra": "",
      "modified_at": "2013-01-30T18:02:23Z",
      "owner": 2,
      "accept": true,
      "dport": 22019,
      "host": 524,
      "nat_dport": 22,
      "hostgroup": null,
      "nat": true,
      "foreign_network": 2,
      "sport": null,
      "vlangroup": null
    }
  },
  {
    "pk": 1115,
    "model": "firewall.rule",
    "fields": {
      "r_type": "host",
      "direction": "1",
      "vlan": null,
      "description": "",
      "proto": "tcp",
      "firewall": null,
      "created_at": "2013-01-30T18:02:23Z",
      "extra": "",
      "modified_at": "2013-01-30T18:02:23Z",
      "owner": 2,
      "accept": true,
      "dport": 23019,
      "host": 524,
      "nat_dport": 3389,
      "hostgroup": null,
      "nat": true,
      "foreign_network": 2,
      "sport": null,
      "vlangroup": null
    }
  },
  {
    "pk": 1118,
    "model": "firewall.rule",
    "fields": {
      "r_type": "host",
      "direction": "1",
      "vlan": null,
      "description": "",
      "proto": "tcp",
      "firewall": null,
      "created_at": "2013-01-30T18:02:23Z",
      "extra": "",
      "modified_at": "2013-01-30T18:02:23Z",
      "owner": 5,
      "accept": true,
      "dport": 22009,
      "host": 640,
      "nat_dport": 22,
      "hostgroup": null,
      "nat": true,
      "foreign_network": 2,
      "sport": null,
      "vlangroup": null
    }
  },
  {
    "pk": 1119,
    "model": "firewall.rule",
    "fields": {
      "r_type": "host",
      "direction": "1",
      "vlan": null,
      "description": "",
      "proto": "tcp",
      "firewall": null,
      "created_at": "2013-01-30T18:02:23Z",
      "extra": "",
      "modified_at": "2013-01-30T18:02:23Z",
      "owner": 5,
      "accept": true,
      "dport": 23009,
      "host": 640,
      "nat_dport": 3389,
      "hostgroup": null,
      "nat": true,
      "foreign_network": 2,
      "sport": null,
      "vlangroup": null
    }
  },
  {
    "pk": 1131,
    "model": "firewall.rule",
    "fields": {
      "r_type": "host",
      "direction": "1",
      "vlan": null,
      "description": "",
      "proto": "tcp",
      "firewall": null,
      "created_at": "2013-01-30T18:02:24Z",
      "extra": "",
      "modified_at": "2013-01-30T18:02:24Z",
      "owner": 13,
      "accept": true,
      "dport": 23037,
      "host": 675,
      "nat_dport": 3389,
      "hostgroup": null,
      "nat": true,
      "foreign_network": 2,
      "sport": null,
      "vlangroup": null
    }
  },
  {
    "pk": 1138,
    "model": "firewall.rule",
    "fields": {
      "r_type": "host",
      "direction": "1",
      "vlan": null,
      "description": "",
      "proto": "tcp",
      "firewall": null,
      "created_at": "2013-01-30T18:02:24Z",
      "extra": "",
      "modified_at": "2013-01-30T18:02:24Z",
      "owner": 15,
      "accept": true,
      "dport": 22045,
      "host": 684,
      "nat_dport": 22,
      "hostgroup": null,
      "nat": true,
      "foreign_network": 2,
      "sport": null,
      "vlangroup": null
    }
  },
  {
    "pk": 1139,
    "model": "firewall.rule",
    "fields": {
      "r_type": "host",
      "direction": "1",
      "vlan": null,
      "description": "",
      "proto": "tcp",
      "firewall": null,
      "created_at": "2013-01-30T18:02:24Z",
      "extra": "",
      "modified_at": "2013-01-30T18:02:24Z",
      "owner": 15,
      "accept": true,
      "dport": 23045,
      "host": 684,
      "nat_dport": 3389,
      "hostgroup": null,
      "nat": true,
      "foreign_network": 2,
      "sport": null,
      "vlangroup": null
    }
  },
  {
    "pk": 1140,
    "model": "firewall.rule",
    "fields": {
      "r_type": "host",
      "direction": "1",
      "vlan": null,
      "description": "",
      "proto": "tcp",
      "firewall": null,
      "created_at": "2013-01-30T18:02:24Z",
      "extra": "",
      "modified_at": "2013-01-30T18:02:24Z",
      "owner": 15,
      "accept": true,
      "dport": 22046,
      "host": 685,
      "nat_dport": 22,
      "hostgroup": null,
      "nat": true,
      "foreign_network": 2,
      "sport": null,
      "vlangroup": null
    }
  },
  {
    "pk": 1141,
    "model": "firewall.rule",
    "fields": {
      "r_type": "host",
      "direction": "1",
      "vlan": null,
      "description": "",
      "proto": "tcp",
      "firewall": null,
      "created_at": "2013-01-30T18:02:25Z",
      "extra": "",
      "modified_at": "2013-01-30T18:02:25Z",
      "owner": 15,
      "accept": true,
      "dport": 23046,
      "host": 685,
      "nat_dport": 3389,
      "hostgroup": null,
      "nat": true,
      "foreign_network": 2,
      "sport": null,
      "vlangroup": null
    }
  },
  {
    "pk": 1156,
    "model": "firewall.rule",
    "fields": {
      "r_type": "host",
      "direction": "1",
      "vlan": null,
      "description": "",
      "proto": "tcp",
      "firewall": null,
      "created_at": "2013-01-30T18:02:25Z",
      "extra": "",
      "modified_at": "2013-01-30T18:02:25Z",
      "owner": 5,
      "accept": true,
      "dport": 22065,
      "host": 721,
      "nat_dport": 22,
      "hostgroup": null,
      "nat": true,
      "foreign_network": 2,
      "sport": null,
      "vlangroup": null
    }
  },
  {
    "pk": 1157,
    "model": "firewall.rule",
    "fields": {
      "r_type": "host",
      "direction": "1",
      "vlan": null,
      "description": "",
      "proto": "tcp",
      "firewall": null,
      "created_at": "2013-01-30T18:02:25Z",
      "extra": "",
      "modified_at": "2013-01-30T18:02:25Z",
      "owner": 5,
      "accept": true,
      "dport": 23065,
      "host": 721,
      "nat_dport": 3389,
      "hostgroup": null,
      "nat": true,
      "foreign_network": 2,
      "sport": null,
      "vlangroup": null
    }
  },
  {
    "pk": 1158,
    "model": "firewall.rule",
    "fields": {
      "r_type": "host",
      "direction": "0",
      "vlan": null,
      "description": "",
      "proto": null,
      "firewall": null,
      "created_at": "2013-01-30T18:18:01Z",
      "extra": "",
      "modified_at": "2013-01-30T18:18:01Z",
      "owner": 1,
      "accept": true,
      "dport": null,
      "host": null,
      "nat_dport": null,
      "hostgroup": 5,
      "nat": false,
      "foreign_network": 15,
      "sport": null,
      "vlangroup": null
    }
  },
  {
    "pk": 1159,
    "model": "firewall.rule",
    "fields": {
      "r_type": "host",
      "direction": "1",
      "vlan": null,
      "description": "",
      "proto": null,
      "firewall": null,
      "created_at": "2013-01-30T18:18:01Z",
      "extra": "",
      "modified_at": "2013-01-30T18:18:01Z",
      "owner": 1,
      "accept": true,
      "dport": null,
      "host": null,
      "nat_dport": null,
      "hostgroup": 5,
      "nat": false,
      "foreign_network": 2,
      "sport": null,
      "vlangroup": null
    }
  },
  {
    "pk": 1160,
    "model": "firewall.rule",
    "fields": {
      "r_type": "host",
      "direction": "0",
      "vlan": null,
      "description": "",
      "proto": null,
      "firewall": null,
      "created_at": "2013-01-30T18:18:34Z",
      "extra": "",
      "modified_at": "2013-01-30T18:18:34Z",
      "owner": 1,
      "accept": true,
      "dport": null,
      "host": null,
      "nat_dport": null,
      "hostgroup": 4,
      "nat": false,
      "foreign_network": 15,
      "sport": null,
      "vlangroup": null
    }
  },
  {
    "pk": 1161,
    "model": "firewall.rule",
    "fields": {
      "r_type": "host",
      "direction": "1",
      "vlan": null,
      "description": "",
      "proto": null,
      "firewall": null,
      "created_at": "2013-01-30T18:19:34Z",
      "extra": "",
      "modified_at": "2013-01-30T18:19:34Z",
      "owner": 1,
      "accept": true,
      "dport": null,
      "host": null,
      "nat_dport": null,
      "hostgroup": 2,
      "nat": false,
      "foreign_network": 18,
      "sport": null,
      "vlangroup": null
    }
  },
  {
    "pk": 1170,
    "model": "firewall.rule",
    "fields": {
      "r_type": "host",
      "direction": "0",
      "vlan": null,
      "description": "",
      "proto": null,
      "firewall": null,
      "created_at": "2013-01-30T21:28:01Z",
      "extra": "",
      "modified_at": "2013-01-30T21:28:01Z",
      "owner": 1,
      "accept": true,
      "dport": null,
      "host": 7,
      "nat_dport": null,
      "hostgroup": null,
      "nat": false,
      "foreign_network": 5,
      "sport": null,
      "vlangroup": null
    }
  },
  {
    "pk": 1177,
    "model": "firewall.rule",
    "fields": {
      "r_type": "host",
      "direction": "1",
      "vlan": null,
      "description": "",
      "proto": null,
      "firewall": null,
      "created_at": "2013-01-31T13:15:14Z",
      "extra": "-s 10.2.0.4",
      "modified_at": "2013-01-31T13:15:14Z",
      "owner": 1,
      "accept": true,
      "dport": null,
      "host": null,
      "nat_dport": null,
      "hostgroup": 3,
      "nat": false,
      "foreign_network": 7,
      "sport": null,
      "vlangroup": null
    }
  },
  {
    "pk": 1179,
    "model": "firewall.rule",
    "fields": {
      "r_type": "host",
      "direction": "1",
      "vlan": null,
      "description": "",
      "proto": "tcp",
      "firewall": null,
      "created_at": "2013-01-31T18:38:19Z",
      "extra": "",
      "modified_at": "2013-01-31T18:45:41Z",
      "owner": 6,
      "accept": true,
      "dport": 443,
      "host": 645,
      "nat_dport": null,
      "hostgroup": null,
      "nat": false,
      "foreign_network": 1,
      "sport": null,
      "vlangroup": null
    }
  },
  {
    "pk": 1186,
    "model": "firewall.rule",
    "fields": {
      "r_type": "host",
      "direction": "1",
      "vlan": null,
      "description": "",
      "proto": "tcp",
      "firewall": null,
      "created_at": "2013-02-02T19:48:01Z",
      "extra": "",
      "modified_at": "2013-02-02T19:48:01Z",
      "owner": 5,
      "accept": true,
      "dport": 22087,
      "host": 753,
      "nat_dport": 22,
      "hostgroup": null,
      "nat": true,
      "foreign_network": 2,
      "sport": null,
      "vlangroup": null
    }
  },
  {
    "pk": 1187,
    "model": "firewall.rule",
    "fields": {
      "r_type": "host",
      "direction": "1",
      "vlan": null,
      "description": "",
      "proto": "tcp",
      "firewall": null,
      "created_at": "2013-02-02T19:48:01Z",
      "extra": "",
      "modified_at": "2013-02-02T19:48:01Z",
      "owner": 5,
      "accept": true,
      "dport": 23087,
      "host": 753,
      "nat_dport": 3389,
      "hostgroup": null,
      "nat": true,
      "foreign_network": 2,
      "sport": null,
      "vlangroup": null
    }
  },
  {
    "pk": 1208,
    "model": "firewall.rule",
    "fields": {
      "r_type": "host",
      "direction": "1",
      "vlan": null,
      "description": "",
      "proto": "tcp",
      "firewall": null,
      "created_at": "2013-02-05T09:33:58Z",
      "extra": "",
      "modified_at": "2013-02-05T09:33:58Z",
      "owner": 22,
      "accept": true,
      "dport": 23105,
      "host": 789,
      "nat_dport": 3389,
      "hostgroup": null,
      "nat": true,
      "foreign_network": 2,
      "sport": null,
      "vlangroup": null
    }
  },
  {
    "pk": 1212,
    "model": "firewall.rule",
    "fields": {
      "r_type": "host",
      "direction": "1",
      "vlan": null,
      "description": "",
      "proto": "tcp",
      "firewall": null,
      "created_at": "2013-02-05T17:48:23Z",
      "extra": "",
      "modified_at": "2013-02-05T17:48:23Z",
      "owner": 13,
      "accept": true,
      "dport": 22107,
      "host": 793,
      "nat_dport": 22,
      "hostgroup": null,
      "nat": true,
      "foreign_network": 2,
      "sport": null,
      "vlangroup": null
    }
  },
  {
    "pk": 1214,
    "model": "firewall.rule",
    "fields": {
      "r_type": "host",
      "direction": "1",
      "vlan": null,
      "description": "",
      "proto": "tcp",
      "firewall": null,
      "created_at": "2013-02-05T22:08:47Z",
      "extra": "",
      "modified_at": "2013-02-05T22:08:47Z",
      "owner": 1,
      "accept": true,
      "dport": 22108,
      "host": 795,
      "nat_dport": 22,
      "hostgroup": null,
      "nat": true,
      "foreign_network": 2,
      "sport": null,
      "vlangroup": null
    }
  },
  {
    "pk": 1215,
    "model": "firewall.rule",
    "fields": {
      "r_type": "host",
      "direction": "1",
      "vlan": null,
      "description": "",
      "proto": "udp",
      "firewall": null,
      "created_at": "2013-02-05T22:26:54Z",
      "extra": "",
      "modified_at": "2013-02-05T22:26:54Z",
      "owner": 1,
      "accept": true,
      "dport": 53,
      "host": 796,
      "nat_dport": null,
      "hostgroup": null,
      "nat": false,
      "foreign_network": 2,
      "sport": null,
      "vlangroup": null
    }
  },
  {
    "pk": 1217,
    "model": "firewall.rule",
    "fields": {
      "r_type": "host",
      "direction": "1",
      "vlan": null,
      "description": "",
      "proto": "tcp",
      "firewall": null,
      "created_at": "2013-02-05T22:31:53Z",
      "extra": "",
      "modified_at": "2013-02-05T22:31:53Z",
      "owner": 5,
      "accept": true,
      "dport": 22109,
      "host": 798,
      "nat_dport": 22,
      "hostgroup": null,
      "nat": true,
      "foreign_network": 2,
      "sport": null,
      "vlangroup": null
    }
  },
  {
    "pk": 1218,
    "model": "firewall.rule",
    "fields": {
      "r_type": "host",
      "direction": "1",
      "vlan": null,
      "description": "",
      "proto": "tcp",
      "firewall": null,
      "created_at": "2013-02-05T22:31:53Z",
      "extra": "",
      "modified_at": "2013-02-05T22:45:16Z",
      "owner": 5,
      "accept": true,
      "dport": 23109,
      "host": 798,
      "nat_dport": 8080,
      "hostgroup": null,
      "nat": true,
      "foreign_network": 2,
      "sport": null,
      "vlangroup": null
    }
  },
  {
    "pk": 1221,
    "model": "firewall.rule",
    "fields": {
      "r_type": "host",
      "direction": "1",
      "vlan": null,
      "description": "",
      "proto": "tcp",
      "firewall": null,
      "created_at": "2013-02-06T10:29:22Z",
      "extra": "",
      "modified_at": "2013-02-06T10:29:22Z",
      "owner": 5,
      "accept": true,
      "dport": 22110,
      "host": 801,
      "nat_dport": 22,
      "hostgroup": null,
      "nat": true,
      "foreign_network": 2,
      "sport": null,
      "vlangroup": null
    }
  },
  {
    "pk": 1222,
    "model": "firewall.rule",
    "fields": {
      "r_type": "host",
      "direction": "1",
      "vlan": null,
      "description": "",
      "proto": "tcp",
      "firewall": null,
      "created_at": "2013-02-06T10:29:22Z",
      "extra": "",
      "modified_at": "2013-02-06T10:29:22Z",
      "owner": 5,
      "accept": true,
      "dport": 23110,
      "host": 801,
      "nat_dport": 3389,
      "hostgroup": null,
      "nat": true,
      "foreign_network": 2,
      "sport": null,
      "vlangroup": null
    }
  },
  {
    "pk": 1229,
    "model": "firewall.rule",
    "fields": {
      "r_type": "host",
      "direction": "1",
      "vlan": null,
      "description": "",
      "proto": "tcp",
      "firewall": null,
      "created_at": "2013-02-06T21:23:32Z",
      "extra": "",
      "modified_at": "2013-02-06T21:23:32Z",
      "owner": 13,
      "accept": true,
      "dport": 22115,
      "host": 809,
      "nat_dport": 22,
      "hostgroup": null,
      "nat": true,
      "foreign_network": 2,
      "sport": null,
      "vlangroup": null
    }
  },
  {
    "pk": 1234,
    "model": "firewall.rule",
    "fields": {
      "r_type": "host",
      "direction": "1",
      "vlan": null,
      "description": "",
      "proto": "tcp",
      "firewall": null,
      "created_at": "2013-02-07T14:34:41Z",
      "extra": "",
      "modified_at": "2013-02-07T14:34:41Z",
      "owner": 5,
      "accept": true,
      "dport": 22119,
      "host": 814,
      "nat_dport": 22,
      "hostgroup": null,
      "nat": true,
      "foreign_network": 2,
      "sport": null,
      "vlangroup": null
    }
  },
  {
    "pk": 1235,
    "model": "firewall.rule",
    "fields": {
      "r_type": "host",
      "direction": "1",
      "vlan": null,
      "description": "",
      "proto": "tcp",
      "firewall": null,
      "created_at": "2013-02-07T14:34:41Z",
      "extra": "",
      "modified_at": "2013-02-07T14:34:41Z",
      "owner": 5,
      "accept": true,
      "dport": 23119,
      "host": 814,
      "nat_dport": 3389,
      "hostgroup": null,
      "nat": true,
      "foreign_network": 2,
      "sport": null,
      "vlangroup": null
    }
  },
  {
    "pk": 1236,
    "model": "firewall.rule",
    "fields": {
      "r_type": "host",
      "direction": "1",
      "vlan": null,
      "description": "",
      "proto": "tcp",
      "firewall": null,
      "created_at": "2013-02-08T14:51:27Z",
      "extra": "",
      "modified_at": "2013-02-08T14:51:27Z",
      "owner": 22,
      "accept": true,
      "dport": 22120,
      "host": 815,
      "nat_dport": 22,
      "hostgroup": null,
      "nat": true,
      "foreign_network": 2,
      "sport": null,
      "vlangroup": null
    }
  },
  {
    "pk": 1240,
    "model": "firewall.rule",
    "fields": {
      "r_type": "host",
      "direction": "1",
      "vlan": null,
      "description": "",
      "proto": "tcp",
      "firewall": null,
      "created_at": "2013-02-08T23:29:11Z",
      "extra": "",
      "modified_at": "2013-02-08T23:29:11Z",
      "owner": 12,
      "accept": true,
      "dport": 22121,
      "host": 819,
      "nat_dport": 22,
      "hostgroup": null,
      "nat": true,
      "foreign_network": 2,
      "sport": null,
      "vlangroup": null
    }
  },
  {
    "pk": 1241,
    "model": "firewall.rule",
    "fields": {
      "r_type": "host",
      "direction": "1",
      "vlan": null,
      "description": "",
      "proto": "tcp",
      "firewall": null,
      "created_at": "2013-02-08T23:32:43Z",
      "extra": "",
      "modified_at": "2013-02-08T23:32:43Z",
      "owner": 5,
      "accept": true,
      "dport": 22122,
      "host": 820,
      "nat_dport": 22,
      "hostgroup": null,
      "nat": true,
      "foreign_network": 2,
      "sport": null,
      "vlangroup": null
    }
  },
  {
    "pk": 1242,
    "model": "firewall.rule",
    "fields": {
      "r_type": "host",
      "direction": "1",
      "vlan": null,
      "description": "",
      "proto": "tcp",
      "firewall": null,
      "created_at": "2013-02-08T23:32:44Z",
      "extra": "",
      "modified_at": "2013-02-08T23:32:44Z",
      "owner": 5,
      "accept": true,
      "dport": 23122,
      "host": 820,
      "nat_dport": 3389,
      "hostgroup": null,
      "nat": true,
      "foreign_network": 2,
      "sport": null,
      "vlangroup": null
    }
  },
  {
    "pk": 1,
    "model": "firewall.vlan",
    "fields": {
      "comment": "",
      "domain": 5,
      "reverse_domain": "%(d)d.%(c)d.%(b)d.%(a)d.in-addr.arpa",
      "name": "OFF",
      "vid": 5,
      "dhcp_pool": "manual",
      "created_at": "2013-01-27T23:00:00Z",
      "modified_at": "2013-02-07T15:17:33Z",
      "prefix6": 80,
      "prefix4": 16,
      "owner": null,
      "snat_ip": "152.66.243.147",
      "ipv4": "10.5.255.254",
      "snat_to": [
        1,
        4,
        7
      ],
      "ipv6": "2001:738:2001:4031:5:255:254:0",
      "interface": "vlan0005",
      "net6": "2001:738:2001:4031:5::",
      "net4": "10.5.0.0",
      "description": ""
    }
  },
  {
    "pk": 2,
    "model": "firewall.vlan",
    "fields": {
      "comment": "",
      "domain": 2,
      "reverse_domain": "%(d)d.%(c)d.%(b)d.%(a)d.in-addr.arpa",
      "name": "MAN",
      "vid": 3,
      "dhcp_pool": "10.3.3.2 10.3.3.254",
      "created_at": "2013-01-27T23:00:00Z",
      "modified_at": "2013-02-07T15:16:19Z",
      "prefix6": 80,
      "prefix4": 16,
      "owner": null,
      "snat_ip": "152.66.243.148",
      "ipv4": "10.3.255.254",
      "snat_to": [
        4,
        7
      ],
      "ipv6": "2001:738:2001:4031:3:255:254:0",
      "interface": "vlan0003",
      "net6": "2001:738:2001:4031:3::",
      "net4": "10.3.0.0",
      "description": ""
    }
  },
  {
    "pk": 3,
    "model": "firewall.vlan",
    "fields": {
      "comment": "",
      "domain": 6,
      "reverse_domain": "%(d)d.%(c)d.%(b)d.%(a)d.in-addr.arpa",
      "name": "HOT",
      "vid": 4,
      "dhcp_pool": "10.4.0.2 10.4.0.254",
      "created_at": "2013-01-27T23:00:00Z",
      "modified_at": "2013-02-07T15:16:46Z",
      "prefix6": 80,
      "prefix4": 16,
      "owner": null,
      "snat_ip": "152.66.243.148",
      "ipv4": "10.4.255.254",
      "snat_to": [
        4,
        7
      ],
      "ipv6": "2001:738:2001:4031:4:255:254:0",
      "interface": "vlan0004",
      "net6": "2001:738:2001:4031:4::",
      "net4": "10.4.0.0",
      "description": ""
    }
  },
  {
    "pk": 4,
    "model": "firewall.vlan",
    "fields": {
      "comment": "",
      "domain": 4,
      "reverse_domain": "%(d)d.%(c)d.%(b)d.%(a)d.in-addr.arpa",
      "name": "PUB",
      "vid": 66,
      "dhcp_pool": "",
      "created_at": "2013-01-27T23:00:00Z",
      "modified_at": "2013-02-05T15:03:40Z",
      "prefix6": 64,
      "prefix4": 24,
      "owner": null,
      "snat_ip": null,
      "ipv4": "152.66.243.160",
      "snat_to": [],
      "ipv6": "2001:738:2001:4030::fffe",
      "interface": "pub",
      "net6": "2001:738:2001:4030::",
      "net4": "152.66.243.0",
      "description": ""
    }
  },
  {
    "pk": 5,
    "model": "firewall.vlan",
    "fields": {
      "comment": "",
      "domain": 7,
      "reverse_domain": "%(d)d.%(c)d.%(b)d.%(a)d.in-addr.arpa",
      "name": "VPN",
      "vid": 1,
      "dhcp_pool": "",
      "created_at": "2013-01-27T23:00:00Z",
      "modified_at": "2013-02-07T15:16:08Z",
      "prefix6": 80,
      "prefix4": 16,
      "owner": null,
      "snat_ip": "152.66.243.148",
      "ipv4": "10.1.255.254",
      "snat_to": [
        4,
        5,
        7
      ],
      "ipv6": "2001:738:2001:4031:1:255:254:0",
      "interface": "vpn",
      "net6": "2001:738:2001:4031:1::",
      "net4": "10.1.0.0",
      "description": ""
    }
  },
  {
    "pk": 6,
    "model": "firewall.vlan",
    "fields": {
      "comment": "",
      "domain": 1,
      "reverse_domain": "%(d)d.dns1.%(c)d.%(b)d.%(a)d.in-addr.arpa",
      "name": "DMZ",
      "vid": 2,
      "dhcp_pool": "manual",
      "created_at": "2013-01-27T23:00:00Z",
      "modified_at": "2013-02-05T15:04:25Z",
      "prefix6": 80,
      "prefix4": 16,
      "owner": null,
      "snat_ip": null,
      "ipv4": "10.2.255.254",
      "snat_to": [],
      "ipv6": "2001:738:2001:4031:2:255:254:0",
      "interface": "vlan0002",
      "net6": "2001:738:2001:4031:2::",
      "net4": "10.2.0.0",
      "description": ""
    }
  },
  {
    "pk": 7,
    "model": "firewall.vlan",
    "fields": {
      "comment": "",
      "domain": 1,
      "reverse_domain": "%(d)d.dns1.%(c)d.%(b)d.%(a)d.in-addr.arpa",
      "name": "WAR",
      "vid": 6,
      "dhcp_pool": "manual",
      "created_at": "2013-01-27T23:00:00Z",
      "modified_at": "2013-02-05T15:04:41Z",
      "prefix6": 80,
      "prefix4": 26,
      "owner": null,
      "snat_ip": null,
      "ipv4": "152.66.243.126",
      "snat_to": [],
      "ipv6": "2001:738:2001:4031:66:243:126:0",
      "interface": "vlan0006",
      "net6": "2001:738:2001:4031:66::",
      "net4": "152.66.243.64",
      "description": ""
    }
  },
  {
    "pk": 8,
    "model": "firewall.vlan",
    "fields": {
      "comment": "",
      "domain": 3,
      "reverse_domain": "%(d)d.%(c)d.%(b)d.%(a)d.in-addr.arpa",
      "name": "LAB",
      "vid": 7,
      "dhcp_pool": "10.7.0.2 10.7.0.254",
      "created_at": "2013-01-27T23:00:00Z",
      "modified_at": "2013-02-07T15:17:42Z",
      "prefix6": 80,
      "prefix4": 16,
      "owner": null,
      "snat_ip": "152.66.243.148",
      "ipv4": "10.7.255.254",
      "snat_to": [
        4,
        7
      ],
      "ipv6": "2001:738:2001:4031:7:255:254:0",
      "interface": "vlan0007",
      "net6": "2001:738:2001:4031:7::",
      "net4": "10.7.0.0",
      "description": ""
    }
  },
  {
    "pk": 9,
    "model": "firewall.vlan",
    "fields": {
      "comment": "",
      "domain": 4,
      "reverse_domain": "%(d)d.%(c)d.%(b)d.%(a)d.in-addr.arpa",
      "name": "WOLF",
      "vid": 8,
      "dhcp_pool": "",
      "created_at": "2013-01-27T23:00:00Z",
      "modified_at": "2013-02-08T01:05:00Z",
      "prefix6": 80,
      "prefix4": 24,
      "owner": null,
      "snat_ip": null,
      "ipv4": "10.0.0.247",
      "snat_to": [],
      "ipv6": "2001:738:2001:4031:8:0:247:0",
      "interface": "vlan0008",
      "net6": "2001:738:2001:4031:8::",
      "net4": "10.0.0.0",
      "description": "odin.ik/office h\u00e1l\u00f3zat (a nyomtat\u00f3k miatt)"
    }
  },
  {
    "pk": 10,
    "model": "firewall.vlan",
    "fields": {
      "comment": "",
      "domain": 8,
      "reverse_domain": "%(d)d.%(c)d.%(b)d.%(a)d.in-addr.arpa",
      "name": "VM-NET",
      "vid": 9,
      "dhcp_pool": "manual",
      "created_at": "2013-01-27T23:00:00Z",
      "modified_at": "2013-02-05T15:05:20Z",
      "prefix6": 80,
      "prefix4": 16,
      "owner": null,
      "snat_ip": "152.66.243.62",
      "ipv4": "10.9.255.254",
      "snat_to": [
        4,
        7,
        10
      ],
      "ipv6": "2001:738:2001:4031:9:255:254:0",
      "interface": "vlan0009",
      "net6": "2001:738:2001:4031:9::",
      "net4": "10.9.0.0",
      "description": ""
    }
  },
  {
    "pk": 11,
    "model": "firewall.vlan",
    "fields": {
      "comment": "",
      "domain": 4,
      "reverse_domain": "%(d)d.%(c)d.%(b)d.%(a)d.in-addr.arpa",
      "name": "WAR2",
      "vid": 10,
      "dhcp_pool": "",
      "created_at": "2013-01-27T23:00:00Z",
      "modified_at": "2013-02-05T15:05:33Z",
      "prefix6": 80,
      "prefix4": 27,
      "owner": null,
      "snat_ip": null,
      "ipv4": "152.66.243.166",
      "snat_to": [],
      "ipv6": "2001:738:2001:4031:10:255:254:0",
      "interface": "vlan0010",
      "net6": "2001:738:2001:4031:10::",
      "net4": "152.66.243.160",
      "description": "mozdonyok"
    }
  },
  {
    "pk": 12,
    "model": "firewall.vlan",
    "fields": {
      "comment": "",
      "domain": 5,
      "reverse_domain": "%(d)d.%(c)d.%(b)d.%(a)d.in-addr.arpa",
      "name": "OFF2",
      "vid": 11,
      "dhcp_pool": "",
      "created_at": "2013-01-27T23:00:00Z",
      "modified_at": "2013-02-07T15:18:23Z",
      "prefix6": 80,
      "prefix4": 16,
      "owner": null,
      "snat_ip": "152.66.243.130",
      "ipv4": "10.11.255.254",
      "snat_to": [
        4,
        7
      ],
      "ipv6": "2001:738:2001:4031:11:255:254:0",
      "interface": "vlan0011",
      "net6": "2001:738:2001:4031:11::",
      "net4": "10.11.0.0",
      "description": ""
    }
  },
  {
    "pk": 1,
    "model": "firewall.vlangroup",
    "fields": {
      "name": "minden",
      "created_at": "2013-01-30T16:45:41Z",
      "modified_at": "2013-01-30T16:45:41Z",
      "owner": 1,
      "vlans": [
        1,
        2,
        3,
        4,
        5,
        6,
        7,
        8,
        9,
        10,
        11,
        12
      ],
      "description": ""
    }
  },
  {
    "pk": 2,
    "model": "firewall.vlangroup",
    "fields": {
      "name": "publikus",
      "created_at": "2013-01-30T16:46:19Z",
      "modified_at": "2013-01-30T16:46:23Z",
      "owner": 1,
      "vlans": [
        2,
        3,
        4,
        6,
        7,
        8,
        10,
        11,
        12
      ],
      "description": ""
    }
  },
  {
    "pk": 3,
    "model": "firewall.vlangroup",
    "fields": {
      "name": "semmi",
      "created_at": "2013-01-30T16:46:30Z",
      "modified_at": "2013-01-30T16:46:30Z",
      "owner": 1,
      "vlans": [],
      "description": ""
    }
  },
  {
    "pk": 4,
    "model": "firewall.vlangroup",
    "fields": {
      "name": "war",
      "created_at": "2013-01-30T16:52:56Z",
      "modified_at": "2013-01-30T16:52:56Z",
      "owner": 1,
      "vlans": [
        7
      ],
      "description": ""
    }
  },
  {
    "pk": 5,
    "model": "firewall.vlangroup",
    "fields": {
      "name": "man",
      "created_at": "2013-01-30T16:54:27Z",
      "modified_at": "2013-01-30T16:54:27Z",
      "owner": 1,
      "vlans": [
        2
      ],
      "description": ""
    }
  },
  {
    "pk": 6,
    "model": "firewall.vlangroup",
    "fields": {
      "name": "belso labak",
      "created_at": "2013-01-30T16:55:09Z",
      "modified_at": "2013-01-30T16:55:09Z",
      "owner": 1,
      "vlans": [
        1,
        2,
        3,
        5,
        6,
        7,
        8,
        10,
        12
      ],
      "description": ""
    }
  },
  {
    "pk": 7,
    "model": "firewall.vlangroup",
    "fields": {
      "name": "dmz",
      "created_at": "2013-01-30T17:01:59Z",
      "modified_at": "2013-01-30T17:01:59Z",
      "owner": 1,
      "vlans": [
        6
      ],
      "description": ""
    }
  },
  {
    "pk": 8,
    "model": "firewall.vlangroup",
    "fields": {
      "name": "vpnrol elerh. vlanok",
      "created_at": "2013-01-30T17:17:13Z",
      "modified_at": "2013-01-30T17:17:13Z",
      "owner": 1,
      "vlans": [
        3,
        4,
        5,
        6,
        7,
        8,
        10,
        11,
        12
      ],
      "description": ""
    }
  },
  {
    "pk": 9,
    "model": "firewall.vlangroup",
    "fields": {
      "name": "hotrol elerh vlanok",
      "created_at": "2013-01-30T17:18:27Z",
      "modified_at": "2013-01-30T17:18:27Z",
      "owner": 1,
      "vlans": [
        3,
        4
      ],
      "description": ""
    }
  },
  {
    "pk": 10,
    "model": "firewall.vlangroup",
    "fields": {
      "name": "labrol elerh. vlanok",
      "created_at": "2013-01-30T17:20:45Z",
      "modified_at": "2013-01-30T17:20:45Z",
      "owner": 1,
      "vlans": [
        4,
        8
      ],
      "description": ""
    }
  },
  {
    "pk": 11,
    "model": "firewall.vlangroup",
    "fields": {
      "name": "vm-net",
      "created_at": "2013-01-30T17:21:29Z",
      "modified_at": "2013-01-30T17:21:29Z",
      "owner": 1,
      "vlans": [
        10
      ],
      "description": ""
    }
  },
  {
    "pk": 12,
    "model": "firewall.vlangroup",
    "fields": {
      "name": "war2rol elerh.vlano",
      "created_at": "2013-01-30T17:22:18Z",
      "modified_at": "2013-01-30T17:22:18Z",
      "owner": 1,
      "vlans": [
        4,
        11
      ],
      "description": ""
    }
  },
  {
    "pk": 13,
    "model": "firewall.vlangroup",
    "fields": {
      "name": "off2",
      "created_at": "2013-01-30T17:28:05Z",
      "modified_at": "2013-01-30T17:28:05Z",
      "owner": 1,
      "vlans": [
        12
      ],
      "description": ""
    }
  },
  {
    "pk": 14,
    "model": "firewall.vlangroup",
    "fields": {
      "name": "pubrol elerh. vlanok",
      "created_at": "2013-01-30T17:29:03Z",
      "modified_at": "2013-01-30T17:29:03Z",
      "owner": 1,
      "vlans": [
        4,
        11
      ],
      "description": ""
    }
  },
  {
    "pk": 15,
    "model": "firewall.vlangroup",
    "fields": {
      "name": "pub",
      "created_at": "2013-01-30T18:04:44Z",
      "modified_at": "2013-01-30T18:04:44Z",
      "owner": 1,
      "vlans": [
        4
      ],
      "description": ""
    }
  },
  {
    "pk": 16,
    "model": "firewall.vlangroup",
    "fields": {
      "name": "wolf",
      "created_at": "2013-01-30T18:07:01Z",
      "modified_at": "2013-01-30T18:07:01Z",
      "owner": 1,
      "vlans": [
        9
      ],
      "description": ""
    }
  },
  {
    "pk": 17,
    "model": "firewall.vlangroup",
    "fields": {
      "name": "hot",
      "created_at": "2013-01-30T18:11:38Z",
      "modified_at": "2013-01-30T18:11:38Z",
      "owner": 1,
      "vlans": [
        3
      ],
      "description": ""
    }
  },
  {
    "pk": 18,
    "model": "firewall.vlangroup",
    "fields": {
      "name": "vpn",
      "created_at": "2013-01-30T18:19:27Z",
      "modified_at": "2013-01-30T18:19:27Z",
      "owner": 1,
      "vlans": [
        5
      ],
      "description": ""
    }
  },
  {
    "pk": 1,
    "model": "firewall.group",
    "fields": {
      "owner": 1,
      "created_at": "2013-01-27T23:00:00Z",
      "modified_at": "2013-01-30T18:20:03Z",
      "name": "irodai gep",
      "description": ""
    }
  },
  {
    "pk": 2,
    "model": "firewall.group",
    "fields": {
      "owner": 1,
      "created_at": "2013-01-27T23:00:00Z",
      "modified_at": "2013-01-30T18:19:54Z",
      "name": "vpnrol elerheto",
      "description": ""
    }
  },
  {
    "pk": 3,
    "model": "firewall.group",
    "fields": {
      "owner": 1,
      "created_at": "2013-01-27T23:00:00Z",
      "modified_at": "2013-01-31T13:15:14Z",
      "name": "irodai telefon",
      "description": ""
    }
  },
  {
    "pk": 4,
    "model": "firewall.group",
    "fields": {
      "owner": 1,
      "created_at": "2013-01-27T23:00:00Z",
      "modified_at": "2013-01-30T18:18:45Z",
      "name": "netezhet",
      "description": ""
    }
  },
  {
    "pk": 5,
    "model": "firewall.group",
    "fields": {
      "owner": 1,
      "created_at": "2013-01-27T23:00:00Z",
      "modified_at": "2013-01-30T18:18:08Z",
      "name": "minden pub fele",
      "description": ""
    }
  },
  {
    "pk": 6,
    "model": "firewall.group",
    "fields": {
      "owner": 1,
      "created_at": "2013-01-27T23:00:00Z",
      "modified_at": "2013-01-30T18:17:18Z",
      "name": "mailszerver",
      "description": ""
    }
  },
  {
    "pk": 7,
    "model": "firewall.group",
    "fields": {
      "owner": 1,
      "created_at": "2013-01-27T23:00:00Z",
      "modified_at": "2013-01-30T18:17:29Z",
      "name": "mailezhet cronosra",
      "description": ""
    }
  },
  {
    "pk": 8,
    "model": "firewall.group",
    "fields": {
      "owner": 1,
      "created_at": "2013-01-30T18:08:13Z",
      "modified_at": "2013-01-30T18:08:13Z",
      "name": "webszerver",
      "description": ""
    }
  },
  {
    "pk": 9,
    "model": "firewall.group",
    "fields": {
      "owner": 1,
      "created_at": "2013-01-30T18:12:10Z",
      "modified_at": "2013-01-30T18:12:10Z",
      "name": "sshserver",
      "description": ""
    }
  },
  {
    "pk": 3,
    "model": "firewall.host",
    "fields": {
      "comment": ":(",
      "vlan": 6,
      "reverse": "",
      "created_at": "2013-01-27T23:00:00Z",
      "hostname": "backup",
      "modified_at": "2013-01-27T23:00:00Z",
      "location": "IL312/SFS/19",
      "pub_ipv4": "152.66.243.97",
      "mac": "00:17:a4:3a:56:58",
      "shared_ip": false,
      "ipv4": "10.2.0.6",
      "groups": [
        2,
        4
      ],
      "ipv6": null,
      "owner": 2,
      "description": "Erre a gepre lehet backupolni sokat. Kivulrol nem igazan latszik, hanem dmz-off-vpn felol inkabb."
    }
  },
  {
    "pk": 7,
    "model": "firewall.host",
    "fields": {
      "comment": "",
      "vlan": 1,
      "reverse": "",
      "created_at": "2013-01-27T23:00:00Z",
      "hostname": "bd",
      "modified_at": "2013-01-30T21:28:01Z",
      "location": "",
      "pub_ipv4": null,
      "mac": "00:13:f7:d1:b8:af",
      "shared_ip": false,
      "ipv4": "10.5.253.6",
      "groups": [
        1,
        2
      ],
      "ipv6": "2001:738:2001:4031:5:253:6:0",
      "owner": 2,
      "description": "bd gepe"
    }
  },
  {
    "pk": 8,
    "model": "firewall.host",
    "fields": {
      "comment": "saj\u00e1t g\u00e9p",
      "vlan": 1,
      "reverse": "",
      "created_at": "2013-01-27T23:00:00Z",
      "hostname": "mate",
      "modified_at": "2013-02-06T15:36:21Z",
      "location": "",
      "pub_ipv4": null,
      "mac": "64:31:50:93:4e:5d",
      "shared_ip": false,
      "ipv4": "10.5.253.5",
      "groups": [
        1,
        2,
        3
      ],
      "ipv6": "2001:738:2001:4031:5:253:5:0",
      "owner": 3,
      "description": "\u0150ry M\u00e1t\u00e9 laptopja"
    }
  },
  {
    "pk": 9,
    "model": "firewall.host",
    "fields": {
      "comment": "",
      "vlan": 1,
      "reverse": "",
      "created_at": "2013-01-27T23:00:00Z",
      "hostname": "tele8",
      "modified_at": "2013-02-06T21:49:09Z",
      "location": "",
      "pub_ipv4": null,
      "mac": "00:90:78:83:56:76",
      "shared_ip": false,
      "ipv4": "10.5.253.87",
      "groups": [
        3
      ],
      "ipv6": "2001:738:2001:4031:5:253:87:0",
      "owner": 3,
      "description": "D\u00e1nyi Bence telefonja"
    }
  },
  {
    "pk": 10,
    "model": "firewall.host",
    "fields": {
      "comment": "",
      "vlan": 1,
      "reverse": null,
      "created_at": "2013-01-27T23:00:00Z",
      "hostname": "tele6",
      "modified_at": "2013-01-27T23:00:00Z",
      "location": "",
      "pub_ipv4": null,
      "mac": "00:18:f8:84:f9:64",
      "shared_ip": false,
      "ipv4": "10.5.253.85",
      "groups": [
        3
      ],
      "ipv6": "2001:738:2001:4031:5:253:85:0",
      "owner": 3,
      "description": "M\u00e1t\u00e9 \u00e9s bd telefonja"
    }
  },
  {
    "pk": 12,
    "model": "firewall.host",
    "fields": {
      "comment": "",
      "vlan": 6,
      "reverse": "",
      "created_at": "2013-01-27T23:00:00Z",
      "hostname": "cloud",
      "modified_at": "2013-01-30T18:33:32Z",
      "location": "",
      "pub_ipv4": "152.66.243.98",
      "mac": "b4:b5:2f:67:ef:76",
      "shared_ip": false,
      "ipv4": "10.2.0.7",
      "groups": [
        2,
        4,
        6,
        8
      ],
      "ipv6": "2001:738:2001:4031:2:0:7:0",
      "owner": 4,
      "description": "az uj fejgep"
    }
  },
  {
    "pk": 16,
    "model": "firewall.host",
    "fields": {
      "comment": "",
      "vlan": 2,
      "reverse": "",
      "created_at": "2013-01-27T23:00:00Z",
      "hostname": "blade-ilo",
      "modified_at": "2013-01-27T23:00:00Z",
      "location": "",
      "pub_ipv4": null,
      "mac": "00:18:fe:35:32:af",
      "shared_ip": false,
      "ipv4": "10.3.2.1",
      "groups": [
        2
      ],
      "ipv6": null,
      "owner": 1,
      "description": ""
    }
  },
  {
    "pk": 17,
    "model": "firewall.host",
    "fields": {
      "comment": "",
      "vlan": 2,
      "reverse": null,
      "created_at": "2013-01-27T23:00:00Z",
      "hostname": "BLADE-VCETW280200SN",
      "modified_at": "2013-01-27T23:00:00Z",
      "location": "",
      "pub_ipv4": null,
      "mac": "00:1b:78:6e:81:42",
      "shared_ip": false,
      "ipv4": "10.3.2.2",
      "groups": [],
      "ipv6": "2001:738:2001:4031:3:2:2:0",
      "owner": 1,
      "description": ""
    }
  },
  {
    "pk": 18,
    "model": "firewall.host",
    "fields": {
      "comment": "",
      "vlan": 2,
      "reverse": null,
      "created_at": "2013-01-27T23:00:00Z",
      "hostname": "BLADE-ILOGB8849B4JH",
      "modified_at": "2013-01-27T23:00:00Z",
      "location": "",
      "pub_ipv4": null,
      "mac": "00:22:64:9c:24:96",
      "shared_ip": false,
      "ipv4": "10.3.2.3",
      "groups": [],
      "ipv6": "2001:738:2001:4031:3:2:3:0",
      "owner": 1,
      "description": ""
    }
  },
  {
    "pk": 19,
    "model": "firewall.host",
    "fields": {
      "comment": "",
      "vlan": 2,
      "reverse": null,
      "created_at": "2013-01-27T23:00:00Z",
      "hostname": "BLADE-VCETW280200SK",
      "modified_at": "2013-01-27T23:00:00Z",
      "location": "",
      "pub_ipv4": null,
      "mac": "00:1b:78:6e:81:3c",
      "shared_ip": false,
      "ipv4": "10.3.2.4",
      "groups": [],
      "ipv6": "2001:738:2001:4031:3:2:4:0",
      "owner": 1,
      "description": ""
    }
  },
  {
    "pk": 20,
    "model": "firewall.host",
    "fields": {
      "comment": "",
      "vlan": 2,
      "reverse": null,
      "created_at": "2013-01-27T23:00:00Z",
      "hostname": "BLADE-ILOPZ81MP6122",
      "modified_at": "2013-01-27T23:00:00Z",
      "location": "",
      "pub_ipv4": null,
      "mac": "00:1e:0b:ec:13:58",
      "shared_ip": false,
      "ipv4": "10.3.2.5",
      "groups": [],
      "ipv6": "2001:738:2001:4031:3:2:5:0",
      "owner": 1,
      "description": ""
    }
  },
  {
    "pk": 21,
    "model": "firewall.host",
    "fields": {
      "comment": "",
      "vlan": 2,
      "reverse": null,
      "created_at": "2013-01-27T23:00:00Z",
      "hostname": "BLADE-ILOCZJ80408UH",
      "modified_at": "2013-01-27T23:00:00Z",
      "location": "",
      "pub_ipv4": null,
      "mac": "00:1e:0b:e9:66:78",
      "shared_ip": false,
      "ipv4": "10.3.2.6",
      "groups": [],
      "ipv6": "2001:738:2001:4031:3:2:6:0",
      "owner": 1,
      "description": ""
    }
  },
  {
    "pk": 22,
    "model": "firewall.host",
    "fields": {
      "comment": "",
      "vlan": 2,
      "reverse": null,
      "created_at": "2013-01-27T23:00:00Z",
      "hostname": "mega6",
      "modified_at": "2013-01-27T23:00:00Z",
      "location": "",
      "pub_ipv4": null,
      "mac": "18:a9:05:64:19:aa",
      "shared_ip": false,
      "ipv4": "10.3.1.16",
      "groups": [
        4
      ],
      "ipv6": "2001:738:2001:4031:3:1:16:0",
      "owner": 1,
      "description": ""
    }
  },
  {
    "pk": 23,
    "model": "firewall.host",
    "fields": {
      "comment": "",
      "vlan": 2,
      "reverse": null,
      "created_at": "2013-01-27T23:00:00Z",
      "hostname": "blade1",
      "modified_at": "2013-01-27T23:00:00Z",
      "location": "",
      "pub_ipv4": null,
      "mac": "00:1e:0b:e9:79:1e",
      "shared_ip": false,
      "ipv4": "10.3.1.21",
      "groups": [
        4
      ],
      "ipv6": "2001:738:2001:4031:3:1:21:0",
      "owner": 1,
      "description": ""
    }
  },
  {
    "pk": 24,
    "model": "firewall.host",
    "fields": {
      "comment": "",
      "vlan": 2,
      "reverse": null,
      "created_at": "2013-01-27T23:00:00Z",
      "hostname": "blade2",
      "modified_at": "2013-01-27T23:00:00Z",
      "location": "",
      "pub_ipv4": null,
      "mac": "00:22:64:9c:fd:34",
      "shared_ip": false,
      "ipv4": "10.3.1.22",
      "groups": [
        4
      ],
      "ipv6": "2001:738:2001:4031:3:1:22:0",
      "owner": 1,
      "description": ""
    }
  },
  {
    "pk": 25,
    "model": "firewall.host",
    "fields": {
      "comment": "",
      "vlan": 2,
      "reverse": null,
      "created_at": "2013-01-27T23:00:00Z",
      "hostname": "blade3",
      "modified_at": "2013-01-27T23:00:00Z",
      "location": "",
      "pub_ipv4": null,
      "mac": "00:1e:0b:ec:65:46",
      "shared_ip": false,
      "ipv4": "10.3.1.23",
      "groups": [
        4
      ],
      "ipv6": "2001:738:2001:4031:3:1:23:0",
      "owner": 1,
      "description": ""
    }
  },
  {
    "pk": 26,
    "model": "firewall.host",
    "fields": {
      "comment": "",
      "vlan": 2,
      "reverse": "",
      "created_at": "2013-01-27T23:00:00Z",
      "hostname": "cloud-man",
      "modified_at": "2013-01-27T23:00:00Z",
      "location": "",
      "pub_ipv4": null,
      "mac": "b4:b5:2f:61:d2:5a",
      "shared_ip": false,
      "ipv4": "10.3.1.1",
      "groups": [
        4
      ],
      "ipv6": null,
      "owner": 4,
      "description": ""
    }
  },
  {
    "pk": 27,
    "model": "firewall.host",
    "fields": {
      "comment": "",
      "vlan": 1,
      "reverse": null,
      "created_at": "2013-01-27T23:00:00Z",
      "hostname": "tarokkk-off",
      "modified_at": "2013-01-27T23:00:00Z",
      "location": "",
      "pub_ipv4": null,
      "mac": "e4:11:5b:41:64:d9",
      "shared_ip": false,
      "ipv4": "10.5.253.3",
      "groups": [
        1
      ],
      "ipv6": "2001:738:2001:4031:5:253:3:0",
      "owner": 4,
      "description": "tarokkkk laptopja"
    }
  },
  {
    "pk": 28,
    "model": "firewall.host",
    "fields": {
      "comment": "",
      "vlan": 1,
      "reverse": null,
      "created_at": "2013-01-27T23:00:00Z",
      "hostname": "tele4",
      "modified_at": "2013-01-27T23:00:00Z",
      "location": "",
      "pub_ipv4": null,
      "mac": "00:01:a8:02:2d:2f",
      "shared_ip": false,
      "ipv4": "10.5.253.83",
      "groups": [
        3
      ],
      "ipv6": "2001:738:2001:4031:5:253:83:0",
      "owner": 3,
      "description": "tarokkk iptelefonja"
    }
  },
  {
    "pk": 29,
    "model": "firewall.host",
    "fields": {
      "comment": "Admin: Bach D\u00e1niel",
      "vlan": 6,
      "reverse": "",
      "created_at": "2013-01-27T23:00:00Z",
      "hostname": "monitor",
      "modified_at": "2013-02-06T17:42:33Z",
      "location": "IL312 SFS rack",
      "pub_ipv4": "152.66.243.60",
      "mac": "00:16:35:7e:fe:df",
      "shared_ip": false,
      "ipv4": "10.2.0.9",
      "groups": [
        4,
        6,
        8
      ],
      "ipv6": "2001:738:2001:4031:2:0:9:0",
      "owner": 2,
      "description": "DNS, monitoroz\u00f3 \u00e9s egy\u00e9b t\u00edpus\u00fa szerver"
    }
  },
  {
    "pk": 30,
    "model": "firewall.host",
    "fields": {
      "comment": "",
      "vlan": 2,
      "reverse": null,
      "created_at": "2013-01-27T23:00:00Z",
      "hostname": "mega5",
      "modified_at": "2013-01-27T23:00:00Z",
      "location": "",
      "pub_ipv4": null,
      "mac": "18:a9:05:61:fc:be",
      "shared_ip": false,
      "ipv4": "10.3.1.15",
      "groups": [
        2,
        4
      ],
      "ipv6": "2001:738:2001:4031:3:1:15:0",
      "owner": 1,
      "description": ""
    }
  },
  {
    "pk": 34,
    "model": "firewall.host",
    "fields": {
      "comment": "",
      "vlan": 6,
      "reverse": "",
      "created_at": "2013-01-27T23:00:00Z",
      "hostname": "malac",
      "modified_at": "2013-01-30T17:03:59Z",
      "location": "IL312 asztal alatt",
      "pub_ipv4": null,
      "mac": "08:00:20:9b:cf:9f",
      "shared_ip": false,
      "ipv4": "10.2.0.99",
      "groups": [
        4
      ],
      "ipv6": "2001:738:2001:4031:2:0:99:0",
      "owner": 2,
      "description": "\u00d6reg sun vas pr\u00f3ba-solarisszal"
    }
  },
  {
    "pk": 35,
    "model": "firewall.host",
    "fields": {
      "comment": "",
      "vlan": 2,
      "reverse": null,
      "created_at": "2013-01-27T23:00:00Z",
      "hostname": "mega5-ilo",
      "modified_at": "2013-01-27T23:00:00Z",
      "location": "",
      "pub_ipv4": null,
      "mac": "18:a9:05:61:fc:c6",
      "shared_ip": false,
      "ipv4": "10.3.2.15",
      "groups": [
        2
      ],
      "ipv6": "2001:738:2001:4031:3:2:15:0",
      "owner": 1,
      "description": ""
    }
  },
  {
    "pk": 36,
    "model": "firewall.host",
    "fields": {
      "comment": "",
      "vlan": 2,
      "reverse": null,
      "created_at": "2013-01-27T23:00:00Z",
      "hostname": "mega6-ilo",
      "modified_at": "2013-01-27T23:00:00Z",
      "location": "",
      "pub_ipv4": null,
      "mac": "18:a9:05:64:19:b2",
      "shared_ip": false,
      "ipv4": "10.3.2.16",
      "groups": [],
      "ipv6": "2001:738:2001:4031:3:2:16:0",
      "owner": 1,
      "description": ""
    }
  },
  {
    "pk": 37,
    "model": "firewall.host",
    "fields": {
      "comment": "",
      "vlan": 2,
      "reverse": "",
      "created_at": "2013-01-27T23:00:00Z",
      "hostname": "cloud-ilo",
      "modified_at": "2013-01-27T23:00:00Z",
      "location": "",
      "pub_ipv4": null,
      "mac": "b4:b5:2f:61:63:ff",
      "shared_ip": false,
      "ipv4": "10.3.2.10",
      "groups": [],
      "ipv6": null,
      "owner": 4,
      "description": ""
    }
  },
  {
    "pk": 38,
    "model": "firewall.host",
    "fields": {
      "comment": "",
      "vlan": 2,
      "reverse": "",
      "created_at": "2013-01-27T23:00:00Z",
      "hostname": "monitor-ilo",
      "modified_at": "2013-01-27T23:00:00Z",
      "location": "",
      "pub_ipv4": null,
      "mac": "00:16:35:7e:fe:dc",
      "shared_ip": false,
      "ipv4": "10.3.2.21",
      "groups": [
        2
      ],
      "ipv6": null,
      "owner": 2,
      "description": ""
    }
  },
  {
    "pk": 39,
    "model": "firewall.host",
    "fields": {
      "comment": "",
      "vlan": 2,
      "reverse": "",
      "created_at": "2013-01-27T23:00:00Z",
      "hostname": "backup-ilo",
      "modified_at": "2013-01-27T23:00:00Z",
      "location": "",
      "pub_ipv4": null,
      "mac": "00:17:a4:37:54:7c",
      "shared_ip": false,
      "ipv4": "10.3.2.22",
      "groups": [
        2
      ],
      "ipv6": null,
      "owner": 2,
      "description": ""
    }
  },
  {
    "pk": 105,
    "model": "firewall.host",
    "fields": {
      "comment": "",
      "vlan": 1,
      "reverse": null,
      "created_at": "2013-01-27T23:00:00Z",
      "hostname": "laborteszt",
      "modified_at": "2013-01-27T23:00:00Z",
      "location": "",
      "pub_ipv4": null,
      "mac": "c8:60:00:ca:bb:47",
      "shared_ip": false,
      "ipv4": "10.5.253.10",
      "groups": [
        1
      ],
      "ipv6": "2001:738:2001:4031:5:253:10:0",
      "owner": 4,
      "description": "adjatok akkountot tipusu gep"
    }
  },
  {
    "pk": 299,
    "model": "firewall.host",
    "fields": {
      "comment": "Admin: \u0150ry M\u00e1t\u00e9",
      "vlan": 6,
      "reverse": "",
      "created_at": "2013-01-27T23:00:00Z",
      "hostname": "pbx2",
      "modified_at": "2013-01-30T17:04:15Z",
      "location": "",
      "pub_ipv4": "152.66.243.63",
      "mac": "00:1f:c6:38:43:5c",
      "shared_ip": false,
      "ipv4": "10.2.0.4",
      "groups": [
        4,
        6
      ],
      "ipv6": null,
      "owner": 3,
      "description": "VOIP szerver"
    }
  },
  {
    "pk": 300,
    "model": "firewall.host",
    "fields": {
      "comment": "",
      "vlan": 1,
      "reverse": null,
      "created_at": "2013-01-27T23:00:00Z",
      "hostname": "tele3",
      "modified_at": "2013-01-27T23:00:00Z",
      "location": "",
      "pub_ipv4": null,
      "mac": "00:90:78:83:56:72",
      "shared_ip": false,
      "ipv4": "10.5.253.82",
      "groups": [
        3
      ],
      "ipv6": "2001:738:2001:4031:5:253:82:0",
      "owner": 3,
      "description": "Ny\u00edri G\u00e1bor iptelefonja"
    }
  },
  {
    "pk": 303,
    "model": "firewall.host",
    "fields": {
      "comment": "",
      "vlan": 1,
      "reverse": null,
      "created_at": "2013-01-27T23:00:00Z",
      "hostname": "tele7",
      "modified_at": "2013-01-27T23:00:00Z",
      "location": "IL312",
      "pub_ipv4": null,
      "mac": "00:90:78:83:56:75",
      "shared_ip": false,
      "ipv4": "10.5.253.86",
      "groups": [
        3
      ],
      "ipv6": "2001:738:2001:4031:5:253:86:0",
      "owner": 3,
      "description": "konyha \u00e9s IL306 iptelefon"
    }
  },
  {
    "pk": 304,
    "model": "firewall.host",
    "fields": {
      "comment": "",
      "vlan": 1,
      "reverse": null,
      "created_at": "2013-01-27T23:00:00Z",
      "hostname": "tele2",
      "modified_at": "2013-01-27T23:00:00Z",
      "location": "az asztal\u00e1n XDDDD",
      "pub_ipv4": null,
      "mac": "00:01:a8:02:2d:40",
      "shared_ip": false,
      "ipv4": "10.5.253.81",
      "groups": [
        3
      ],
      "ipv6": "2001:738:2001:4031:5:253:81:0",
      "owner": 3,
      "description": "K\u00e1polnai Rich\u00e1rd iptelefonja"
    }
  },
  {
    "pk": 305,
    "model": "firewall.host",
    "fields": {
      "comment": "",
      "vlan": 1,
      "reverse": null,
      "created_at": "2013-01-27T23:00:00Z",
      "hostname": "tele5",
      "modified_at": "2013-01-27T23:00:00Z",
      "location": "",
      "pub_ipv4": null,
      "mac": "00:01:a8:02:2d:47",
      "shared_ip": false,
      "ipv4": "10.5.253.84",
      "groups": [
        3
      ],
      "ipv6": "2001:738:2001:4031:5:253:84:0",
      "owner": 3,
      "description": "L212 iptelefon"
    }
  },
  {
    "pk": 491,
    "model": "firewall.host",
    "fields": {
      "comment": "",
      "vlan": 7,
      "reverse": "se.hpc.iit.bme.hu",
      "created_at": "2013-01-27T23:00:00Z",
      "hostname": "grid-se",
      "modified_at": "2013-01-27T23:00:00Z",
      "location": "",
      "pub_ipv4": null,
      "mac": "02:00:98:42:f3:4b",
      "shared_ip": false,
      "ipv4": "152.66.243.75",
      "groups": [
        5
      ],
      "ipv6": null,
      "owner": 5,
      "description": "cloud-os gep"
    }
  },
  {
    "pk": 492,
    "model": "firewall.host",
    "fields": {
      "comment": "",
      "vlan": 7,
      "reverse": "mon.hpc.iit.bme.hu",
      "created_at": "2013-01-27T23:00:00Z",
      "hostname": "grid-mon",
      "modified_at": "2013-01-27T23:00:00Z",
      "location": "",
      "pub_ipv4": null,
      "mac": "02:00:98:42:f3:4d",
      "shared_ip": false,
      "ipv4": "152.66.243.77",
      "groups": [
        5
      ],
      "ipv6": null,
      "owner": 5,
      "description": "cloud-os gep"
    }
  },
  {
    "pk": 493,
    "model": "firewall.host",
    "fields": {
      "comment": "",
      "vlan": 7,
      "reverse": "ce.hpc.iit.bme.hu",
      "created_at": "2013-01-27T23:00:00Z",
      "hostname": "grid-ce",
      "modified_at": "2013-01-27T23:00:00Z",
      "location": "",
      "pub_ipv4": null,
      "mac": "02:00:98:42:f3:4c",
      "shared_ip": false,
      "ipv4": "152.66.243.76",
      "groups": [
        5
      ],
      "ipv6": null,
      "owner": 5,
      "description": ""
    }
  },
  {
    "pk": 494,
    "model": "firewall.host",
    "fields": {
      "comment": "K\u00e1polnai Rich\u00e1rd adminolja",
      "vlan": 7,
      "reverse": null,
      "created_at": "2013-01-27T23:00:00Z",
      "hostname": "dps",
      "modified_at": "2013-01-27T23:00:00Z",
      "location": "cloud-os gep",
      "pub_ipv4": null,
      "mac": "02:00:98:42:f3:48",
      "shared_ip": false,
      "ipv4": "152.66.243.72",
      "groups": [
        5
      ],
      "ipv6": "2001:738:2001:4031:66:243:72:0",
      "owner": 5,
      "description": "Deklarat\u00edv Programoz\u00e1s hallgat\u00f3i shellszerver"
    }
  },
  {
    "pk": 497,
    "model": "firewall.host",
    "fields": {
      "comment": "\u00c9rintettek: Ny\u00edri G\u00e1bor (root), Schnell Henrik, Szebi stb.\r\n",
      "vlan": 7,
      "reverse": null,
      "created_at": "2013-01-27T23:00:00Z",
      "hostname": "bvp6",
      "modified_at": "2013-01-27T23:00:00Z",
      "location": "cloud-os gep",
      "pub_ipv4": null,
      "mac": "02:00:98:42:f3:50",
      "shared_ip": false,
      "ipv4": "152.66.243.80",
      "groups": [
        5
      ],
      "ipv6": "2001:738:2001:4031:66:243:80:0",
      "owner": 5,
      "description": "web2grid projektg\u00e9p (\u00e9s egyebek)\r\n"
    }
  },
  {
    "pk": 501,
    "model": "firewall.host",
    "fields": {
      "comment": "",
      "vlan": 10,
      "reverse": null,
      "created_at": "2013-01-27T23:00:00Z",
      "hostname": "Gabor_BackUp",
      "modified_at": "2013-01-30T17:46:37Z",
      "location": "",
      "pub_ipv4": "152.66.243.62",
      "mac": "02:00:0a:09:01:05",
      "shared_ip": true,
      "ipv4": "10.9.1.5",
      "groups": [
        4
      ],
      "ipv6": "2001:738:2001:4031:9:1:5:0",
      "owner": 5,
      "description": "cloud-os gep"
    }
  },
  {
    "pk": 510,
    "model": "firewall.host",
    "fields": {
      "comment": "",
      "vlan": 2,
      "reverse": null,
      "created_at": "2013-01-27T23:00:00Z",
      "hostname": "mega4",
      "modified_at": "2013-01-27T23:00:00Z",
      "location": "",
      "pub_ipv4": null,
      "mac": "b4:99:ba:aa:20:44",
      "shared_ip": false,
      "ipv4": "10.3.1.14",
      "groups": [
        2,
        4
      ],
      "ipv6": "2001:738:2001:4031:3:1:14:0",
      "owner": 2,
      "description": ""
    }
  },
  {
    "pk": 511,
    "model": "firewall.host",
    "fields": {
      "comment": "",
      "vlan": 2,
      "reverse": null,
      "created_at": "2013-01-27T23:00:00Z",
      "hostname": "mega4-ilo",
      "modified_at": "2013-01-27T23:00:00Z",
      "location": "",
      "pub_ipv4": null,
      "mac": "b4:99:ba:aa:20:46",
      "shared_ip": false,
      "ipv4": "10.3.2.14",
      "groups": [],
      "ipv6": "2001:738:2001:4031:3:2:14:0",
      "owner": 2,
      "description": ""
    }
  },
  {
    "pk": 512,
    "model": "firewall.host",
    "fields": {
      "comment": "",
      "vlan": 7,
      "reverse": "",
      "created_at": "2013-01-27T23:00:00Z",
      "hostname": "giccero",
      "modified_at": "2013-02-06T00:40:17Z",
      "location": "one-421",
      "pub_ipv4": null,
      "mac": "02:00:98:42:f3:5c",
      "shared_ip": false,
      "ipv4": "152.66.243.92",
      "groups": [
        5,
        6
      ],
      "ipv6": "2001:738:2001:4031:66:243:92:0",
      "owner": 5,
      "description": "Git szerver (gic cer\u00f3?)"
    }
  },
  {
    "pk": 513,
    "model": "firewall.host",
    "fields": {
      "comment": "",
      "vlan": 2,
      "reverse": null,
      "created_at": "2013-01-27T23:00:00Z",
      "hostname": "mega3",
      "modified_at": "2013-01-27T23:00:00Z",
      "location": "",
      "pub_ipv4": null,
      "mac": "b4:99:ba:aa:1b:d6",
      "shared_ip": false,
      "ipv4": "10.3.1.13",
      "groups": [
        2,
        4
      ],
      "ipv6": "2001:738:2001:4031:3:1:13:0",
      "owner": 2,
      "description": ""
    }
  },
  {
    "pk": 514,
    "model": "firewall.host",
    "fields": {
      "comment": "",
      "vlan": 2,
      "reverse": null,
      "created_at": "2013-01-27T23:00:00Z",
      "hostname": "mega3-ilo",
      "modified_at": "2013-01-27T23:00:00Z",
      "location": "",
      "pub_ipv4": null,
      "mac": "b4:99:ba:aa:1b:d5",
      "shared_ip": false,
      "ipv4": "10.3.2.13",
      "groups": [],
      "ipv6": "2001:738:2001:4031:3:2:13:0",
      "owner": 2,
      "description": ""
    }
  },
  {
    "pk": 524,
    "model": "firewall.host",
    "fields": {
      "comment": "",
      "vlan": 10,
      "reverse": null,
      "created_at": "2013-01-27T23:00:00Z",
      "hostname": "id-90_user-bd",
      "modified_at": "2013-01-27T23:00:00Z",
      "location": "",
      "pub_ipv4": "152.66.243.62",
      "mac": "02:00:0a:09:01:13",
      "shared_ip": true,
      "ipv4": "10.9.1.19",
      "groups": [
        4
      ],
      "ipv6": "2001:738:2001:4031:9:1:19:0",
      "owner": 2,
      "description": ""
    }
  },
  {
    "pk": 532,
    "model": "firewall.host",
    "fields": {
      "comment": "BD szem\u00e9lyes akkountoszt\u00f3s g\u00e9pe",
      "vlan": 7,
      "reverse": null,
      "created_at": "2013-01-27T23:00:00Z",
      "hostname": "kagylo",
      "modified_at": "2013-01-27T23:00:00Z",
      "location": "",
      "pub_ipv4": null,
      "mac": "02:00:98:42:f3:41",
      "shared_ip": false,
      "ipv4": "152.66.243.65",
      "groups": [
        5
      ],
      "ipv6": "2001:738:2001:4031:66:243:65:0",
      "owner": 5,
      "description": "cloud-os gep"
    }
  },
  {
    "pk": 535,
    "model": "firewall.host",
    "fields": {
      "comment": "",
      "vlan": 2,
      "reverse": null,
      "created_at": "2013-01-27T23:00:00Z",
      "hostname": "mega1-ilo",
      "modified_at": "2013-01-27T23:00:00Z",
      "location": "",
      "pub_ipv4": null,
      "mac": "18:a9:05:c5:67:ca",
      "shared_ip": false,
      "ipv4": "10.3.2.11",
      "groups": [
        2
      ],
      "ipv6": "2001:738:2001:4031:3:2:11:0",
      "owner": 2,
      "description": ""
    }
  },
  {
    "pk": 536,
    "model": "firewall.host",
    "fields": {
      "comment": "",
      "vlan": 2,
      "reverse": null,
      "created_at": "2013-01-27T23:00:00Z",
      "hostname": "mega1",
      "modified_at": "2013-01-27T23:00:00Z",
      "location": "",
      "pub_ipv4": null,
      "mac": "18:a9:05:c5:67:c8",
      "shared_ip": false,
      "ipv4": "10.3.1.11",
      "groups": [
        2,
        4
      ],
      "ipv6": "2001:738:2001:4031:3:1:11:0",
      "owner": 2,
      "description": ""
    }
  },
  {
    "pk": 541,
    "model": "firewall.host",
    "fields": {
      "comment": "Admin: Szeber\u00e9nyi Imre",
      "vlan": 7,
      "reverse": null,
      "created_at": "2013-01-27T23:00:00Z",
      "hostname": "ParaHead",
      "modified_at": "2013-01-27T23:00:00Z",
      "location": "cloud",
      "pub_ipv4": null,
      "mac": "02:00:98:42:f3:5a",
      "shared_ip": false,
      "ipv4": "152.66.243.90",
      "groups": [
        5
      ],
      "ipv6": "2001:738:2001:4031:66:243:90:0",
      "owner": 4,
      "description": "GridOO labor hallgat\u00f3i szerver"
    }
  },
  {
    "pk": 544,
    "model": "firewall.host",
    "fields": {
      "comment": "",
      "vlan": 2,
      "reverse": null,
      "created_at": "2013-01-27T23:00:00Z",
      "hostname": "mega2-ilo",
      "modified_at": "2013-01-27T23:00:00Z",
      "location": "",
      "pub_ipv4": null,
      "mac": "d8:d3:85:ae:f9:7a",
      "shared_ip": false,
      "ipv4": "10.3.2.12",
      "groups": [
        2
      ],
      "ipv6": "2001:738:2001:4031:3:2:12:0",
      "owner": 2,
      "description": ""
    }
  },
  {
    "pk": 545,
    "model": "firewall.host",
    "fields": {
      "comment": "",
      "vlan": 2,
      "reverse": null,
      "created_at": "2013-01-27T23:00:00Z",
      "hostname": "mega2",
      "modified_at": "2013-01-27T23:00:00Z",
      "location": "",
      "pub_ipv4": null,
      "mac": "d8:d3:85:ae:f9:78",
      "shared_ip": false,
      "ipv4": "10.3.1.12",
      "groups": [
        2,
        4
      ],
      "ipv6": "2001:738:2001:4031:3:1:12:0",
      "owner": 2,
      "description": ""
    }
  },
  {
    "pk": 546,
    "model": "firewall.host",
    "fields": {
      "comment": "",
      "vlan": 7,
      "reverse": null,
      "created_at": "2013-01-27T23:00:00Z",
      "hostname": "store",
      "modified_at": "2013-01-27T23:00:00Z",
      "location": "",
      "pub_ipv4": null,
      "mac": "02:00:98:42:f3:46",
      "shared_ip": false,
      "ipv4": "152.66.243.70",
      "groups": [
        5
      ],
      "ipv6": "2001:738:2001:4031:66:243:70:0",
      "owner": 5,
      "description": "cloud-os gep"
    }
  },
  {
    "pk": 547,
    "model": "firewall.host",
    "fields": {
      "comment": "",
      "vlan": 1,
      "reverse": null,
      "created_at": "2013-01-27T23:00:00Z",
      "hostname": "gabor",
      "modified_at": "2013-01-27T23:00:00Z",
      "location": "",
      "pub_ipv4": null,
      "mac": "00:1C:C4:C9:6C:DD",
      "shared_ip": false,
      "ipv4": "10.5.253.7",
      "groups": [
        1,
        2,
        4
      ],
      "ipv6": "2001:738:2001:4031:5:253:7:0",
      "owner": 3,
      "description": "Ny\u00edri G\u00e1bor laptopja"
    }
  },
  {
    "pk": 550,
    "model": "firewall.host",
    "fields": {
      "comment": "",
      "vlan": 7,
      "reverse": null,
      "created_at": "2013-01-27T23:00:00Z",
      "hostname": "tarokkk",
      "modified_at": "2013-01-27T23:00:00Z",
      "location": "",
      "pub_ipv4": null,
      "mac": "02:00:98:42:f3:4e",
      "shared_ip": false,
      "ipv4": "152.66.243.78",
      "groups": [
        5
      ],
      "ipv6": "2001:738:2001:4031:66:243:78:0",
      "owner": 5,
      "description": "Tarokkk anonim alkoholista szervere."
    }
  },
  {
    "pk": 551,
    "model": "firewall.host",
    "fields": {
      "comment": "",
      "vlan": 2,
      "reverse": "",
      "created_at": "2013-01-27T23:00:00Z",
      "hostname": "l3sw",
      "modified_at": "2013-01-27T23:00:00Z",
      "location": "",
      "pub_ipv4": null,
      "mac": "00:9C:02:6F:DD:80",
      "shared_ip": false,
      "ipv4": "10.3.0.2",
      "groups": [
        2
      ],
      "ipv6": null,
      "owner": 1,
      "description": "3 emeleti rackben levo hp switch "
    }
  },
  {
    "pk": 552,
    "model": "firewall.host",
    "fields": {
      "comment": "",
      "vlan": 2,
      "reverse": "",
      "created_at": "2013-01-27T23:00:00Z",
      "hostname": "l2sw",
      "modified_at": "2013-01-27T23:00:00Z",
      "location": "",
      "pub_ipv4": null,
      "mac": "00:17:08:ad:d0:40",
      "shared_ip": false,
      "ipv4": "10.3.0.7",
      "groups": [
        2
      ],
      "ipv6": null,
      "owner": 1,
      "description": "masodik emeleti rackben levo hp switch"
    }
  },
  {
    "pk": 553,
    "model": "firewall.host",
    "fields": {
      "comment": "",
      "vlan": 2,
      "reverse": "",
      "created_at": "2013-01-27T23:00:00Z",
      "hostname": "offsw",
      "modified_at": "2013-01-27T23:00:00Z",
      "location": "",
      "pub_ipv4": null,
      "mac": "00:22:6b:1d:8b:67",
      "shared_ip": false,
      "ipv4": "10.3.0.5",
      "groups": [
        2
      ],
      "ipv6": null,
      "owner": 1,
      "description": "egyteruben levo linksys switch"
    }
  },
  {
    "pk": 554,
    "model": "firewall.host",
    "fields": {
      "comment": "",
      "vlan": 2,
      "reverse": null,
      "created_at": "2013-01-27T23:00:00Z",
      "hostname": "switch2",
      "modified_at": "2013-01-27T23:00:00Z",
      "location": "",
      "pub_ipv4": null,
      "mac": "00:1e:e5:09:70:19",
      "shared_ip": false,
      "ipv4": "10.3.0.3",
      "groups": [
        2
      ],
      "ipv6": "2001:738:2001:4031:3:254:2:0",
      "owner": 1,
      "description": "harmadik emeleti rendezoben levo linksys switch (regi denes fele halozat resze volt)"
    }
  },
  {
    "pk": 555,
    "model": "firewall.host",
    "fields": {
      "comment": "",
      "vlan": 1,
      "reverse": null,
      "created_at": "2013-01-27T23:00:00Z",
      "hostname": "dudi",
      "modified_at": "2013-01-27T23:00:00Z",
      "location": "",
      "pub_ipv4": null,
      "mac": "00:1d:72:3b:64:b7",
      "shared_ip": false,
      "ipv4": "10.5.253.8",
      "groups": [
        1,
        2
      ],
      "ipv6": "2001:738:2001:4031:5:253:8:0",
      "owner": 1,
      "description": "Dud\u00e1s \u00c1d\u00e1m laptop"
    }
  },
  {
    "pk": 596,
    "model": "firewall.host",
    "fields": {
      "comment": "",
      "vlan": 7,
      "reverse": "",
      "created_at": "2013-01-27T23:00:00Z",
      "hostname": "infocpp",
      "modified_at": "2013-02-06T01:08:17Z",
      "location": "cloud",
      "pub_ipv4": null,
      "mac": "02:00:98:42:f3:43",
      "shared_ip": false,
      "ipv4": "152.66.243.67",
      "groups": [
        5
      ],
      "ipv6": "2001:738:2001:4031:66:243:67:0",
      "owner": 3,
      "description": "Prog2 t\u00e1rgyhonlap drupal"
    }
  },
  {
    "pk": 612,
    "model": "firewall.host",
    "fields": {
      "comment": "",
      "vlan": 7,
      "reverse": null,
      "created_at": "2013-01-27T23:00:00Z",
      "hostname": "zimbra",
      "modified_at": "2013-01-27T23:00:00Z",
      "location": "",
      "pub_ipv4": null,
      "mac": "02:00:98:42:f3:44",
      "shared_ip": false,
      "ipv4": "152.66.243.68",
      "groups": [
        5,
        6
      ],
      "ipv6": "2001:738:2001:4031:66:243:68:0",
      "owner": 5,
      "description": "cloud-os gep"
    }
  },
  {
    "pk": 618,
    "model": "firewall.host",
    "fields": {
      "comment": "",
      "vlan": 7,
      "reverse": null,
      "created_at": "2013-01-27T23:00:00Z",
      "hostname": "teamconcert",
      "modified_at": "2013-01-27T23:00:00Z",
      "location": "",
      "pub_ipv4": null,
      "mac": "02:00:98:42:f3:45",
      "shared_ip": false,
      "ipv4": "152.66.243.69",
      "groups": [
        5
      ],
      "ipv6": "2001:738:2001:4031:66:243:69:0",
      "owner": 4,
      "description": "TeamConcert Windows 2008 server"
    }
  },
  {
    "pk": 623,
    "model": "firewall.host",
    "fields": {
      "comment": "",
      "vlan": 7,
      "reverse": "cporta.iit.bme.hu",
      "created_at": "2013-01-27T23:00:00Z",
      "hostname": "cporta",
      "modified_at": "2013-02-04T14:24:37Z",
      "location": "",
      "pub_ipv4": null,
      "mac": "02:00:98:42:f3:51",
      "shared_ip": false,
      "ipv4": "152.66.243.81",
      "groups": [
        5,
        7
      ],
      "ipv6": null,
      "owner": 3,
      "description": ""
    }
  },
  {
    "pk": 629,
    "model": "firewall.host",
    "fields": {
      "comment": "Adminolja: K\u00e1polnai Rich\u00e1rd, Szeredi P\u00e9ter",
      "vlan": 7,
      "reverse": "dp.iit.bme.hu",
      "created_at": "2013-01-27T23:00:00Z",
      "hostname": "dp",
      "modified_at": "2013-01-27T23:00:00Z",
      "location": "cloudos g\u00e9p",
      "pub_ipv4": null,
      "mac": "02:00:98:42:f3:47",
      "shared_ip": false,
      "ipv4": "152.66.243.71",
      "groups": [
        5,
        7
      ],
      "ipv6": null,
      "owner": 5,
      "description": "Deklarat\u00edv Programoz\u00e1s, ETS szerver (f\u0151leg web)"
    }
  },
  {
    "pk": 630,
    "model": "firewall.host",
    "fields": {
      "comment": "",
      "vlan": 7,
      "reverse": "ui.hpc.iit.bme.hu",
      "created_at": "2013-01-27T23:00:00Z",
      "hostname": "ui",
      "modified_at": "2013-01-27T23:00:00Z",
      "location": "",
      "pub_ipv4": null,
      "mac": "02:00:98:42:f3:49",
      "shared_ip": false,
      "ipv4": "152.66.243.73",
      "groups": [
        5,
        7
      ],
      "ipv6": "2001:738:2001:4031:66:243:73:0",
      "owner": 5,
      "description": "cloud-os gep"
    }
  },
  {
    "pk": 631,
    "model": "firewall.host",
    "fields": {
      "comment": "",
      "vlan": 7,
      "reverse": "vers.iit.bme.hu",
      "created_at": "2013-01-27T23:00:00Z",
      "hostname": "vers",
      "modified_at": "2013-01-27T23:00:00Z",
      "location": "",
      "pub_ipv4": null,
      "mac": "02:00:98:42:f3:4a",
      "shared_ip": false,
      "ipv4": "152.66.243.74",
      "groups": [
        5,
        7
      ],
      "ipv6": "2001:738:2001:4031:66:243:74:0",
      "owner": 5,
      "description": "cloud-os gep"
    }
  },
  {
    "pk": 640,
    "model": "firewall.host",
    "fields": {
      "comment": "Migr\u00e1lva r\u00e9gi cloudr\u00f3l: 2013-01-22",
      "vlan": 10,
      "reverse": null,
      "created_at": "2013-01-27T23:00:00Z",
      "hostname": "id-708-Hanak-Windows7",
      "modified_at": "2013-01-27T23:00:00Z",
      "location": "cloud-os gep",
      "pub_ipv4": "152.66.243.62",
      "mac": "02:00:0a:09:01:09",
      "shared_ip": true,
      "ipv4": "10.9.1.9",
      "groups": [
        4
      ],
      "ipv6": "2001:738:2001:4031:9:1:9:0",
      "owner": 5,
      "description": "Han\u00e1k P\u00e9ter win7 g\u00e9pe"
    }
  },
  {
    "pk": 645,
    "model": "firewall.host",
    "fields": {
      "comment": "",
      "vlan": 1,
      "reverse": "",
      "created_at": "2013-01-27T23:00:00Z",
      "hostname": "lennon",
      "modified_at": "2013-01-31T18:45:41Z",
      "location": "",
      "pub_ipv4": "152.66.243.117",
      "mac": "a4:ba:db:d7:96:4c",
      "shared_ip": false,
      "ipv4": "10.5.253.11",
      "groups": [
        1
      ],
      "ipv6": "2001:738:2001:4031:5:253:11:0",
      "owner": 6,
      "description": "lennon laptopja"
    }
  },
  {
    "pk": 675,
    "model": "firewall.host",
    "fields": {
      "comment": "",
      "vlan": 10,
      "reverse": null,
      "created_at": "2013-01-27T23:00:00Z",
      "hostname": "id-178_user-TFDAZ6",
      "modified_at": "2013-01-27T23:00:00Z",
      "location": "",
      "pub_ipv4": "152.66.243.62",
      "mac": "02:00:0a:09:01:25",
      "shared_ip": true,
      "ipv4": "10.9.1.37",
      "groups": [
        4
      ],
      "ipv6": null,
      "owner": 13,
      "description": ""
    }
  },
  {
    "pk": 684,
    "model": "firewall.host",
    "fields": {
      "comment": "",
      "vlan": 10,
      "reverse": null,
      "created_at": "2013-01-27T23:00:00Z",
      "hostname": "id-182_user-UYD1S5",
      "modified_at": "2013-01-27T23:00:00Z",
      "location": "",
      "pub_ipv4": "152.66.243.62",
      "mac": "02:00:0a:09:01:2d",
      "shared_ip": true,
      "ipv4": "10.9.1.45",
      "groups": [
        4
      ],
      "ipv6": null,
      "owner": 15,
      "description": ""
    }
  },
  {
    "pk": 685,
    "model": "firewall.host",
    "fields": {
      "comment": "",
      "vlan": 10,
      "reverse": null,
      "created_at": "2013-01-27T23:00:00Z",
      "hostname": "id-183_user-UYD1S5",
      "modified_at": "2013-01-27T23:00:00Z",
      "location": "",
      "pub_ipv4": "152.66.243.62",
      "mac": "02:00:0a:09:01:2e",
      "shared_ip": true,
      "ipv4": "10.9.1.46",
      "groups": [
        4
      ],
      "ipv6": null,
      "owner": 15,
      "description": ""
    }
  },
  {
    "pk": 689,
    "model": "firewall.host",
    "fields": {
      "comment": "",
      "vlan": 7,
      "reverse": "",
      "created_at": "2013-01-27T23:00:00Z",
      "hostname": "bscw",
      "modified_at": "2013-01-27T23:00:00Z",
      "location": "",
      "pub_ipv4": null,
      "mac": "02:00:98:42:f3:42",
      "shared_ip": true,
      "ipv4": "152.66.243.66",
      "groups": [
        5
      ],
      "ipv6": null,
      "owner": 5,
      "description": "cloud-os gep"
    }
  },
  {
    "pk": 721,
    "model": "firewall.host",
    "fields": {
      "comment": "",
      "vlan": 10,
      "reverse": null,
      "created_at": "2013-01-30T15:29:44Z",
      "hostname": "id-799-devenv-dudi",
      "modified_at": "2013-01-30T15:29:44Z",
      "location": "",
      "pub_ipv4": "152.66.243.62",
      "mac": "02:00:0a:09:01:41",
      "shared_ip": true,
      "ipv4": "10.9.1.65",
      "groups": [
        4
      ],
      "ipv6": null,
      "owner": 5,
      "description": "cloud-os gep"
    }
  },
  {
    "pk": 753,
    "model": "firewall.host",
    "fields": {
      "comment": "",
      "vlan": 10,
      "reverse": "",
      "created_at": "2013-02-02T19:48:01Z",
      "hostname": "id-832-devenv-bd",
      "modified_at": "2013-02-08T20:14:57Z",
      "location": "",
      "pub_ipv4": "152.66.243.62",
      "mac": "02:00:0a:09:01:57",
      "shared_ip": true,
      "ipv4": "10.9.1.87",
      "groups": [
        4
      ],
      "ipv6": "2001:738:2001:4031:9:1:87:0",
      "owner": 5,
      "description": "cloud-os gep"
    }
  },
  {
    "pk": 789,
    "model": "firewall.host",
    "fields": {
      "comment": "",
      "vlan": 10,
      "reverse": null,
      "created_at": "2013-02-05T09:33:58Z",
      "hostname": "id-274_user-K2JL24",
      "modified_at": "2013-02-05T09:33:58Z",
      "location": "",
      "pub_ipv4": "152.66.243.62",
      "mac": "02:00:0a:09:01:69",
      "shared_ip": true,
      "ipv4": "10.9.1.105",
      "groups": [
        4
      ],
      "ipv6": null,
      "owner": 22,
      "description": ""
    }
  },
  {
    "pk": 793,
    "model": "firewall.host",
    "fields": {
      "comment": "",
      "vlan": 10,
      "reverse": null,
      "created_at": "2013-02-05T17:48:23Z",
      "hostname": "id-278_user-TFDAZ6",
      "modified_at": "2013-02-05T17:48:23Z",
      "location": "",
      "pub_ipv4": "152.66.243.62",
      "mac": "02:00:0a:09:01:6b",
      "shared_ip": true,
      "ipv4": "10.9.1.107",
      "groups": [
        4
      ],
      "ipv6": null,
      "owner": 13,
      "description": ""
    }
  },
  {
    "pk": 795,
    "model": "firewall.host",
    "fields": {
      "comment": "",
      "vlan": 10,
      "reverse": null,
      "created_at": "2013-02-05T22:08:47Z",
      "hostname": "id-280_user-root",
      "modified_at": "2013-02-05T22:08:47Z",
      "location": "",
      "pub_ipv4": "152.66.243.62",
      "mac": "02:00:0a:09:01:6c",
      "shared_ip": true,
      "ipv4": "10.9.1.108",
      "groups": [
        4
      ],
      "ipv6": null,
      "owner": 1,
      "description": ""
    }
  },
  {
    "pk": 796,
    "model": "firewall.host",
    "fields": {
      "comment": "",
      "vlan": 6,
      "reverse": "",
      "created_at": "2013-02-05T22:26:54Z",
      "hostname": "dns2",
      "modified_at": "2013-02-06T17:42:30Z",
      "location": "",
      "pub_ipv4": "152.66.243.61",
      "mac": "02:00:0a:02:01:02",
      "shared_ip": false,
      "ipv4": "10.2.1.2",
      "groups": [
        4
      ],
      "ipv6": null,
      "owner": 1,
      "description": ""
    }
  },
  {
    "pk": 798,
    "model": "firewall.host",
    "fields": {
      "comment": "",
      "vlan": 10,
      "reverse": "",
      "created_at": "2013-02-05T22:31:53Z",
      "hostname": "devenv-lennon",
      "modified_at": "2013-02-05T22:45:16Z",
      "location": "",
      "pub_ipv4": "152.66.243.62",
      "mac": "02:00:0a:09:01:6d",
      "shared_ip": true,
      "ipv4": "10.9.1.109",
      "groups": [
        4
      ],
      "ipv6": null,
      "owner": 5,
      "description": "cloud-os gep"
    }
  },
  {
    "pk": 801,
    "model": "firewall.host",
    "fields": {
      "comment": "",
      "vlan": 10,
      "reverse": "",
      "created_at": "2013-02-06T10:29:22Z",
      "hostname": "devenv-mate",
      "modified_at": "2013-02-06T10:29:57Z",
      "location": "",
      "pub_ipv4": "152.66.243.62",
      "mac": "02:00:0a:09:01:6e",
      "shared_ip": true,
      "ipv4": "10.9.1.110",
      "groups": [
        4
      ],
      "ipv6": null,
      "owner": 5,
      "description": "cloud-os gep"
    }
  },
  {
    "pk": 803,
    "model": "firewall.host",
    "fields": {
      "comment": "",
      "vlan": 2,
      "reverse": "",
      "created_at": "2013-02-06T16:47:39Z",
      "hostname": "monitor-man",
      "modified_at": "2013-02-06T16:47:39Z",
      "location": "",
      "pub_ipv4": null,
      "mac": "00:16:35:7e:fe:dd",
      "shared_ip": false,
      "ipv4": "10.3.3.4",
      "groups": [
        4
      ],
      "ipv6": null,
      "owner": 2,
      "description": ""
    }
  },
  {
    "pk": 809,
    "model": "firewall.host",
    "fields": {
      "comment": "",
      "vlan": 10,
      "reverse": null,
      "created_at": "2013-02-06T21:23:32Z",
      "hostname": "id-289_user-TFDAZ6",
      "modified_at": "2013-02-06T21:23:32Z",
      "location": "",
      "pub_ipv4": "152.66.243.62",
      "mac": "02:00:0a:09:01:73",
      "shared_ip": true,
      "ipv4": "10.9.1.115",
      "groups": [
        4
      ],
      "ipv6": null,
      "owner": 13,
      "description": ""
    }
  },
  {
    "pk": 814,
    "model": "firewall.host",
    "fields": {
      "comment": "",
      "vlan": 10,
      "reverse": null,
      "created_at": "2013-02-07T14:34:41Z",
      "hostname": "id-892-Windows7_IBM-majdmentenikell",
      "modified_at": "2013-02-07T14:34:41Z",
      "location": "",
      "pub_ipv4": "152.66.243.62",
      "mac": "02:00:0a:09:01:77",
      "shared_ip": true,
      "ipv4": "10.9.1.119",
      "groups": [
        4
      ],
      "ipv6": null,
      "owner": 5,
      "description": "cloud-os gep"
    }
  },
  {
    "pk": 815,
    "model": "firewall.host",
    "fields": {
      "comment": "",
      "vlan": 10,
      "reverse": null,
      "created_at": "2013-02-08T14:51:27Z",
      "hostname": "id-294_user-K2JL24",
      "modified_at": "2013-02-08T14:51:27Z",
      "location": "",
      "pub_ipv4": "152.66.243.62",
      "mac": "02:00:0a:09:01:78",
      "shared_ip": true,
      "ipv4": "10.9.1.120",
      "groups": [
        4
      ],
      "ipv6": null,
      "owner": 22,
      "description": ""
    }
  },
  {
    "pk": 819,
    "model": "firewall.host",
    "fields": {
      "comment": "",
      "vlan": 10,
      "reverse": null,
      "created_at": "2013-02-08T23:29:10Z",
      "hostname": "id-299_user-JI1M92",
      "modified_at": "2013-02-08T23:29:10Z",
      "location": "",
      "pub_ipv4": "152.66.243.62",
      "mac": "02:00:0a:09:01:79",
      "shared_ip": true,
      "ipv4": "10.9.1.121",
      "groups": [
        4
      ],
      "ipv6": null,
      "owner": 12,
      "description": ""
    }
  },
  {
    "pk": 820,
    "model": "firewall.host",
    "fields": {
      "comment": "",
      "vlan": 10,
      "reverse": null,
      "created_at": "2013-02-08T23:32:43Z",
      "hostname": "id-899-devenv-tarokkk",
      "modified_at": "2013-02-08T23:32:43Z",
      "location": "",
      "pub_ipv4": "152.66.243.62",
      "mac": "02:00:0a:09:01:7a",
      "shared_ip": true,
      "ipv4": "10.9.1.122",
      "groups": [
        4
      ],
      "ipv6": null,
      "owner": 5,
      "description": "cloud-os gep"
    }
  },
  {
    "pk": 1,
    "model": "firewall.firewall",
    "fields": {
      "name": "fw2"
    }
  },
  {
    "pk": 1,
    "model": "firewall.domain",
    "fields": {
      "description": "",
      "created_at": "2013-02-05T14:59:53Z",
      "modified_at": "2013-02-05T14:59:53Z",
      "ttl": 600,
      "owner": 1,
      "name": "cloud.ik.bme.hu"
    }
  },
  {
    "pk": 2,
    "model": "firewall.domain",
    "fields": {
      "description": "",
      "created_at": "2013-02-05T15:00:31Z",
      "modified_at": "2013-02-05T15:00:31Z",
      "ttl": 600,
      "owner": 1,
      "name": "man.ik.bme.hu"
    }
  },
  {
    "pk": 3,
    "model": "firewall.domain",
    "fields": {
      "description": "",
      "created_at": "2013-02-05T15:00:40Z",
      "modified_at": "2013-02-05T15:00:40Z",
      "ttl": 600,
      "owner": 1,
      "name": "lab.ik.bme.hu"
    }
  },
  {
    "pk": 4,
    "model": "firewall.domain",
    "fields": {
      "description": "",
      "created_at": "2013-02-05T15:01:00Z",
      "modified_at": "2013-02-05T15:01:00Z",
      "ttl": 600,
      "owner": 1,
      "name": "nincs.ik.bme.hu"
    }
  },
  {
    "pk": 5,
    "model": "firewall.domain",
    "fields": {
      "description": "",
      "created_at": "2013-02-05T15:01:12Z",
      "modified_at": "2013-02-05T15:01:12Z",
      "ttl": 600,
      "owner": 1,
      "name": "off.ik.bme.hu"
    }
  },
  {
    "pk": 6,
    "model": "firewall.domain",
    "fields": {
      "description": "",
      "created_at": "2013-02-05T15:01:22Z",
      "modified_at": "2013-02-05T15:01:22Z",
      "ttl": 600,
      "owner": 1,
      "name": "hot.ik.bme.hu"
    }
  },
  {
    "pk": 7,
    "model": "firewall.domain",
    "fields": {
      "description": "",
      "created_at": "2013-02-05T15:04:10Z",
      "modified_at": "2013-02-05T15:04:10Z",
      "ttl": 600,
      "owner": 1,
      "name": "vpn.ik.bme.hu"
    }
  },
  {
    "pk": 8,
    "model": "firewall.domain",
    "fields": {
      "description": "",
      "created_at": "2013-02-05T15:05:18Z",
      "modified_at": "2013-02-05T15:05:18Z",
      "ttl": 600,
      "owner": 1,
      "name": "vm-net.ik.bme.hu"
    }
  },
  {
    "pk": 9,
    "model": "firewall.domain",
    "fields": {
      "description": "",
      "created_at": "2013-02-05T15:10:07Z",
      "modified_at": "2013-02-05T15:10:07Z",
      "ttl": 600,
      "owner": 1,
      "name": "dns1.243.66.152.in-addr.arpa"
    }
  },
  {
    "pk": 10,
    "model": "firewall.domain",
    "fields": {
      "description": "",
      "created_at": "2013-02-05T15:10:31Z",
      "modified_at": "2013-02-05T16:07:40Z",
      "ttl": 600,
      "owner": 1,
      "name": "1.3.0.4.1.0.0.2.8.3.7.0.1.0.0.2.ip6.arpa"
    }
  },
  {
    "pk": 11,
    "model": "firewall.domain",
    "fields": {
      "description": "",
      "created_at": "2013-02-05T22:35:01Z",
      "modified_at": "2013-02-05T22:36:00Z",
      "ttl": 600,
      "owner": 1,
      "name": "10.in-addr.arpa"
    }
  },
  {
    "pk": 1,
    "model": "firewall.record",
    "fields": {
      "domain": 1,
      "name": "",
      "created_at": "2013-02-05T15:06:22Z",
      "address": "152.66.243.98",
      "modified_at": "2013-02-06T18:28:50Z",
      "host": null,
      "ttl": 600,
      "owner": 1,
      "type": "A",
      "description": ""
    }
  },
  {
    "pk": 2,
    "model": "firewall.record",
    "fields": {
      "domain": 1,
      "name": "",
      "created_at": "2013-02-05T15:06:34Z",
      "address": "2001:738:2001:4031:2:0:7:0",
      "modified_at": "2013-02-06T18:30:36Z",
      "host": null,
      "ttl": 600,
      "owner": 1,
      "type": "AAAA",
      "description": ""
    }
  },
  {
    "pk": 3,
    "model": "firewall.record",
    "fields": {
      "domain": 1,
      "name": "r",
      "created_at": "2013-02-05T15:07:04Z",
      "address": "152.66.243.62",
      "modified_at": "2013-02-06T18:30:31Z",
      "host": null,
      "ttl": 600,
      "owner": 1,
      "type": "A",
      "description": ""
    }
  },
  {
    "pk": 4,
    "model": "firewall.record",
    "fields": {
      "domain": 1,
      "name": "",
      "created_at": "2013-02-05T15:07:35Z",
      "address": "dns1.ik.bme.hu",
      "modified_at": "2013-02-06T18:30:23Z",
      "host": null,
      "ttl": 600,
      "owner": 1,
      "type": "NS",
      "description": ""
    }
  },
  {
    "pk": 5,
    "model": "firewall.record",
    "fields": {
      "domain": 5,
      "name": "",
      "created_at": "2013-02-05T15:08:03Z",
      "address": "dns1.ik.bme.hu",
      "modified_at": "2013-02-06T18:30:15Z",
      "host": null,
      "ttl": 600,
      "owner": 1,
      "type": "NS",
      "description": ""
    }
  },
  {
    "pk": 6,
    "model": "firewall.record",
    "fields": {
      "domain": 8,
      "name": "",
      "created_at": "2013-02-05T15:09:02Z",
      "address": "dns1.ik.bme.hu",
      "modified_at": "2013-02-06T18:30:09Z",
      "host": null,
      "ttl": 600,
      "owner": 1,
      "type": "NS",
      "description": ""
    }
  },
  {
    "pk": 7,
    "model": "firewall.record",
    "fields": {
      "domain": 2,
      "name": "",
      "created_at": "2013-02-05T15:09:21Z",
      "address": "dns1.ik.bme.hu",
      "modified_at": "2013-02-06T18:29:42Z",
      "host": null,
      "ttl": 600,
      "owner": 1,
      "type": "NS",
      "description": ""
    }
  },
  {
    "pk": 8,
    "model": "firewall.record",
    "fields": {
      "domain": 10,
      "name": "",
      "created_at": "2013-02-05T15:11:05Z",
      "address": "dns1.ik.bme.hu",
      "modified_at": "2013-02-06T18:29:33Z",
      "host": null,
      "ttl": 600,
      "owner": 1,
      "type": "NS",
      "description": ""
    }
  },
  {
    "pk": 9,
    "model": "firewall.record",
    "fields": {
      "domain": 10,
      "name": "",
      "created_at": "2013-02-05T15:11:18Z",
      "address": "nic.bme.hu",
      "modified_at": "2013-02-06T18:29:26Z",
      "host": null,
      "ttl": 600,
      "owner": 1,
      "type": "NS",
      "description": ""
    }
  },
  {
    "pk": 10,
    "model": "firewall.record",
    "fields": {
      "domain": 9,
      "name": "",
      "created_at": "2013-02-05T15:11:53Z",
      "address": "dns1.ik.bme.hu",
      "modified_at": "2013-02-06T18:29:19Z",
      "host": null,
      "ttl": 600,
      "owner": 1,
      "type": "NS",
      "description": ""
    }
  },
  {
    "pk": 13,
    "model": "firewall.record",
    "fields": {
      "domain": 1,
      "name": null,
      "created_at": "2013-02-05T16:16:50Z",
      "address": null,
      "modified_at": "2013-02-05T16:16:50Z",
      "host": 3,
      "ttl": 600,
      "owner": 2,
      "type": "A",
      "description": ""
    }
  },
  {
    "pk": 14,
    "model": "firewall.record",
    "fields": {
      "domain": 5,
      "name": null,
      "created_at": "2013-02-05T16:16:50Z",
      "address": null,
      "modified_at": "2013-02-05T16:16:50Z",
      "host": 7,
      "ttl": 600,
      "owner": 2,
      "type": "A",
      "description": ""
    }
  },
  {
    "pk": 15,
    "model": "firewall.record",
    "fields": {
      "domain": 5,
      "name": null,
      "created_at": "2013-02-05T16:16:50Z",
      "address": null,
      "modified_at": "2013-02-05T16:16:50Z",
      "host": 8,
      "ttl": 600,
      "owner": 3,
      "type": "A",
      "description": ""
    }
  },
  {
    "pk": 16,
    "model": "firewall.record",
    "fields": {
      "domain": 5,
      "name": null,
      "created_at": "2013-02-05T16:16:50Z",
      "address": null,
      "modified_at": "2013-02-05T16:16:50Z",
      "host": 9,
      "ttl": 600,
      "owner": 3,
      "type": "A",
      "description": ""
    }
  },
  {
    "pk": 17,
    "model": "firewall.record",
    "fields": {
      "domain": 5,
      "name": null,
      "created_at": "2013-02-05T16:16:50Z",
      "address": null,
      "modified_at": "2013-02-05T16:16:50Z",
      "host": 10,
      "ttl": 600,
      "owner": 3,
      "type": "A",
      "description": ""
    }
  },
  {
    "pk": 18,
    "model": "firewall.record",
    "fields": {
      "domain": 1,
      "name": null,
      "created_at": "2013-02-05T16:16:50Z",
      "address": null,
      "modified_at": "2013-02-05T16:16:50Z",
      "host": 12,
      "ttl": 600,
      "owner": 4,
      "type": "A",
      "description": ""
    }
  },
  {
    "pk": 19,
    "model": "firewall.record",
    "fields": {
      "domain": 2,
      "name": null,
      "created_at": "2013-02-05T16:16:50Z",
      "address": null,
      "modified_at": "2013-02-05T16:16:50Z",
      "host": 16,
      "ttl": 600,
      "owner": 1,
      "type": "A",
      "description": ""
    }
  },
  {
    "pk": 20,
    "model": "firewall.record",
    "fields": {
      "domain": 2,
      "name": null,
      "created_at": "2013-02-05T16:16:50Z",
      "address": null,
      "modified_at": "2013-02-05T16:16:50Z",
      "host": 17,
      "ttl": 600,
      "owner": 1,
      "type": "A",
      "description": ""
    }
  },
  {
    "pk": 21,
    "model": "firewall.record",
    "fields": {
      "domain": 2,
      "name": null,
      "created_at": "2013-02-05T16:16:50Z",
      "address": null,
      "modified_at": "2013-02-05T16:16:50Z",
      "host": 18,
      "ttl": 600,
      "owner": 1,
      "type": "A",
      "description": ""
    }
  },
  {
    "pk": 22,
    "model": "firewall.record",
    "fields": {
      "domain": 2,
      "name": null,
      "created_at": "2013-02-05T16:16:50Z",
      "address": null,
      "modified_at": "2013-02-05T16:16:50Z",
      "host": 19,
      "ttl": 600,
      "owner": 1,
      "type": "A",
      "description": ""
    }
  },
  {
    "pk": 23,
    "model": "firewall.record",
    "fields": {
      "domain": 2,
      "name": null,
      "created_at": "2013-02-05T16:16:50Z",
      "address": null,
      "modified_at": "2013-02-05T16:16:50Z",
      "host": 20,
      "ttl": 600,
      "owner": 1,
      "type": "A",
      "description": ""
    }
  },
  {
    "pk": 24,
    "model": "firewall.record",
    "fields": {
      "domain": 2,
      "name": null,
      "created_at": "2013-02-05T16:16:50Z",
      "address": null,
      "modified_at": "2013-02-05T16:16:50Z",
      "host": 21,
      "ttl": 600,
      "owner": 1,
      "type": "A",
      "description": ""
    }
  },
  {
    "pk": 25,
    "model": "firewall.record",
    "fields": {
      "domain": 2,
      "name": null,
      "created_at": "2013-02-05T16:16:50Z",
      "address": null,
      "modified_at": "2013-02-05T16:16:50Z",
      "host": 22,
      "ttl": 600,
      "owner": 1,
      "type": "A",
      "description": ""
    }
  },
  {
    "pk": 26,
    "model": "firewall.record",
    "fields": {
      "domain": 2,
      "name": null,
      "created_at": "2013-02-05T16:16:50Z",
      "address": null,
      "modified_at": "2013-02-05T16:16:50Z",
      "host": 23,
      "ttl": 600,
      "owner": 1,
      "type": "A",
      "description": ""
    }
  },
  {
    "pk": 27,
    "model": "firewall.record",
    "fields": {
      "domain": 2,
      "name": null,
      "created_at": "2013-02-05T16:16:50Z",
      "address": null,
      "modified_at": "2013-02-05T16:16:50Z",
      "host": 24,
      "ttl": 600,
      "owner": 1,
      "type": "A",
      "description": ""
    }
  },
  {
    "pk": 28,
    "model": "firewall.record",
    "fields": {
      "domain": 2,
      "name": null,
      "created_at": "2013-02-05T16:16:50Z",
      "address": null,
      "modified_at": "2013-02-05T16:16:50Z",
      "host": 25,
      "ttl": 600,
      "owner": 1,
      "type": "A",
      "description": ""
    }
  },
  {
    "pk": 29,
    "model": "firewall.record",
    "fields": {
      "domain": 2,
      "name": null,
      "created_at": "2013-02-05T16:16:50Z",
      "address": null,
      "modified_at": "2013-02-05T16:16:50Z",
      "host": 26,
      "ttl": 600,
      "owner": 4,
      "type": "A",
      "description": ""
    }
  },
  {
    "pk": 30,
    "model": "firewall.record",
    "fields": {
      "domain": 5,
      "name": null,
      "created_at": "2013-02-05T16:16:50Z",
      "address": null,
      "modified_at": "2013-02-05T16:16:50Z",
      "host": 27,
      "ttl": 600,
      "owner": 4,
      "type": "A",
      "description": ""
    }
  },
  {
    "pk": 31,
    "model": "firewall.record",
    "fields": {
      "domain": 5,
      "name": null,
      "created_at": "2013-02-05T16:16:50Z",
      "address": null,
      "modified_at": "2013-02-05T16:16:50Z",
      "host": 28,
      "ttl": 600,
      "owner": 3,
      "type": "A",
      "description": ""
    }
  },
  {
    "pk": 32,
    "model": "firewall.record",
    "fields": {
      "domain": 1,
      "name": null,
      "created_at": "2013-02-05T16:16:50Z",
      "address": null,
      "modified_at": "2013-02-05T16:16:50Z",
      "host": 29,
      "ttl": 600,
      "owner": 2,
      "type": "A",
      "description": ""
    }
  },
  {
    "pk": 33,
    "model": "firewall.record",
    "fields": {
      "domain": 2,
      "name": null,
      "created_at": "2013-02-05T16:16:51Z",
      "address": null,
      "modified_at": "2013-02-05T16:16:51Z",
      "host": 30,
      "ttl": 600,
      "owner": 1,
      "type": "A",
      "description": ""
    }
  },
  {
    "pk": 34,
    "model": "firewall.record",
    "fields": {
      "domain": 1,
      "name": null,
      "created_at": "2013-02-05T16:16:51Z",
      "address": null,
      "modified_at": "2013-02-05T16:16:51Z",
      "host": 34,
      "ttl": 600,
      "owner": 2,
      "type": "A",
      "description": ""
    }
  },
  {
    "pk": 35,
    "model": "firewall.record",
    "fields": {
      "domain": 2,
      "name": null,
      "created_at": "2013-02-05T16:16:51Z",
      "address": null,
      "modified_at": "2013-02-05T16:16:51Z",
      "host": 35,
      "ttl": 600,
      "owner": 1,
      "type": "A",
      "description": ""
    }
  },
  {
    "pk": 36,
    "model": "firewall.record",
    "fields": {
      "domain": 2,
      "name": null,
      "created_at": "2013-02-05T16:16:51Z",
      "address": null,
      "modified_at": "2013-02-05T16:16:51Z",
      "host": 36,
      "ttl": 600,
      "owner": 1,
      "type": "A",
      "description": ""
    }
  },
  {
    "pk": 37,
    "model": "firewall.record",
    "fields": {
      "domain": 2,
      "name": null,
      "created_at": "2013-02-05T16:16:51Z",
      "address": null,
      "modified_at": "2013-02-05T16:16:51Z",
      "host": 37,
      "ttl": 600,
      "owner": 4,
      "type": "A",
      "description": ""
    }
  },
  {
    "pk": 38,
    "model": "firewall.record",
    "fields": {
      "domain": 2,
      "name": null,
      "created_at": "2013-02-05T16:16:51Z",
      "address": null,
      "modified_at": "2013-02-05T16:16:51Z",
      "host": 38,
      "ttl": 600,
      "owner": 2,
      "type": "A",
      "description": ""
    }
  },
  {
    "pk": 39,
    "model": "firewall.record",
    "fields": {
      "domain": 2,
      "name": null,
      "created_at": "2013-02-05T16:16:51Z",
      "address": null,
      "modified_at": "2013-02-05T16:16:51Z",
      "host": 39,
      "ttl": 600,
      "owner": 2,
      "type": "A",
      "description": ""
    }
  },
  {
    "pk": 40,
    "model": "firewall.record",
    "fields": {
      "domain": 5,
      "name": null,
      "created_at": "2013-02-05T16:16:51Z",
      "address": null,
      "modified_at": "2013-02-05T16:16:51Z",
      "host": 105,
      "ttl": 600,
      "owner": 4,
      "type": "A",
      "description": ""
    }
  },
  {
    "pk": 41,
    "model": "firewall.record",
    "fields": {
      "domain": 1,
      "name": null,
      "created_at": "2013-02-05T16:16:51Z",
      "address": null,
      "modified_at": "2013-02-05T16:16:51Z",
      "host": 299,
      "ttl": 600,
      "owner": 3,
      "type": "A",
      "description": ""
    }
  },
  {
    "pk": 42,
    "model": "firewall.record",
    "fields": {
      "domain": 5,
      "name": null,
      "created_at": "2013-02-05T16:16:51Z",
      "address": null,
      "modified_at": "2013-02-05T16:16:51Z",
      "host": 300,
      "ttl": 600,
      "owner": 3,
      "type": "A",
      "description": ""
    }
  },
  {
    "pk": 43,
    "model": "firewall.record",
    "fields": {
      "domain": 5,
      "name": null,
      "created_at": "2013-02-05T16:16:51Z",
      "address": null,
      "modified_at": "2013-02-05T16:16:51Z",
      "host": 303,
      "ttl": 600,
      "owner": 3,
      "type": "A",
      "description": ""
    }
  },
  {
    "pk": 44,
    "model": "firewall.record",
    "fields": {
      "domain": 5,
      "name": null,
      "created_at": "2013-02-05T16:16:51Z",
      "address": null,
      "modified_at": "2013-02-05T16:16:51Z",
      "host": 304,
      "ttl": 600,
      "owner": 3,
      "type": "A",
      "description": ""
    }
  },
  {
    "pk": 45,
    "model": "firewall.record",
    "fields": {
      "domain": 5,
      "name": null,
      "created_at": "2013-02-05T16:16:51Z",
      "address": null,
      "modified_at": "2013-02-05T16:16:51Z",
      "host": 305,
      "ttl": 600,
      "owner": 3,
      "type": "A",
      "description": ""
    }
  },
  {
    "pk": 46,
    "model": "firewall.record",
    "fields": {
      "domain": 1,
      "name": null,
      "created_at": "2013-02-05T16:16:51Z",
      "address": null,
      "modified_at": "2013-02-05T16:16:51Z",
      "host": 491,
      "ttl": 600,
      "owner": 5,
      "type": "A",
      "description": ""
    }
  },
  {
    "pk": 47,
    "model": "firewall.record",
    "fields": {
      "domain": 1,
      "name": null,
      "created_at": "2013-02-05T16:16:51Z",
      "address": null,
      "modified_at": "2013-02-05T16:16:51Z",
      "host": 492,
      "ttl": 600,
      "owner": 5,
      "type": "A",
      "description": ""
    }
  },
  {
    "pk": 48,
    "model": "firewall.record",
    "fields": {
      "domain": 1,
      "name": null,
      "created_at": "2013-02-05T16:16:51Z",
      "address": null,
      "modified_at": "2013-02-05T16:16:51Z",
      "host": 493,
      "ttl": 600,
      "owner": 5,
      "type": "A",
      "description": ""
    }
  },
  {
    "pk": 49,
    "model": "firewall.record",
    "fields": {
      "domain": 1,
      "name": null,
      "created_at": "2013-02-05T16:16:51Z",
      "address": null,
      "modified_at": "2013-02-05T16:16:51Z",
      "host": 494,
      "ttl": 600,
      "owner": 5,
      "type": "A",
      "description": ""
    }
  },
  {
    "pk": 50,
    "model": "firewall.record",
    "fields": {
      "domain": 1,
      "name": null,
      "created_at": "2013-02-05T16:16:51Z",
      "address": null,
      "modified_at": "2013-02-05T16:16:51Z",
      "host": 497,
      "ttl": 600,
      "owner": 5,
      "type": "A",
      "description": ""
    }
  },
  {
    "pk": 51,
    "model": "firewall.record",
    "fields": {
      "domain": 8,
      "name": null,
      "created_at": "2013-02-05T16:16:51Z",
      "address": null,
      "modified_at": "2013-02-05T16:16:51Z",
      "host": 501,
      "ttl": 600,
      "owner": 5,
      "type": "A",
      "description": ""
    }
  },
  {
    "pk": 52,
    "model": "firewall.record",
    "fields": {
      "domain": 2,
      "name": null,
      "created_at": "2013-02-05T16:16:51Z",
      "address": null,
      "modified_at": "2013-02-05T16:16:51Z",
      "host": 510,
      "ttl": 600,
      "owner": 2,
      "type": "A",
      "description": ""
    }
  },
  {
    "pk": 53,
    "model": "firewall.record",
    "fields": {
      "domain": 2,
      "name": null,
      "created_at": "2013-02-05T16:16:51Z",
      "address": null,
      "modified_at": "2013-02-05T16:16:51Z",
      "host": 511,
      "ttl": 600,
      "owner": 2,
      "type": "A",
      "description": ""
    }
  },
  {
    "pk": 54,
    "model": "firewall.record",
    "fields": {
      "domain": 1,
      "name": null,
      "created_at": "2013-02-05T16:16:51Z",
      "address": null,
      "modified_at": "2013-02-05T16:16:51Z",
      "host": 512,
      "ttl": 600,
      "owner": 5,
      "type": "A",
      "description": ""
    }
  },
  {
    "pk": 55,
    "model": "firewall.record",
    "fields": {
      "domain": 2,
      "name": null,
      "created_at": "2013-02-05T16:16:51Z",
      "address": null,
      "modified_at": "2013-02-05T16:16:51Z",
      "host": 513,
      "ttl": 600,
      "owner": 2,
      "type": "A",
      "description": ""
    }
  },
  {
    "pk": 56,
    "model": "firewall.record",
    "fields": {
      "domain": 2,
      "name": null,
      "created_at": "2013-02-05T16:16:51Z",
      "address": null,
      "modified_at": "2013-02-05T16:16:51Z",
      "host": 514,
      "ttl": 600,
      "owner": 2,
      "type": "A",
      "description": ""
    }
  },
  {
    "pk": 57,
    "model": "firewall.record",
    "fields": {
      "domain": 8,
      "name": null,
      "created_at": "2013-02-05T16:16:51Z",
      "address": null,
      "modified_at": "2013-02-05T16:16:51Z",
      "host": 524,
      "ttl": 600,
      "owner": 2,
      "type": "A",
      "description": ""
    }
  },
  {
    "pk": 58,
    "model": "firewall.record",
    "fields": {
      "domain": 1,
      "name": null,
      "created_at": "2013-02-05T16:16:51Z",
      "address": null,
      "modified_at": "2013-02-05T16:16:51Z",
      "host": 532,
      "ttl": 600,
      "owner": 5,
      "type": "A",
      "description": ""
    }
  },
  {
    "pk": 59,
    "model": "firewall.record",
    "fields": {
      "domain": 2,
      "name": null,
      "created_at": "2013-02-05T16:16:51Z",
      "address": null,
      "modified_at": "2013-02-05T16:16:51Z",
      "host": 535,
      "ttl": 600,
      "owner": 2,
      "type": "A",
      "description": ""
    }
  },
  {
    "pk": 60,
    "model": "firewall.record",
    "fields": {
      "domain": 2,
      "name": null,
      "created_at": "2013-02-05T16:16:51Z",
      "address": null,
      "modified_at": "2013-02-05T16:16:51Z",
      "host": 536,
      "ttl": 600,
      "owner": 2,
      "type": "A",
      "description": ""
    }
  },
  {
    "pk": 61,
    "model": "firewall.record",
    "fields": {
      "domain": 1,
      "name": null,
      "created_at": "2013-02-05T16:16:51Z",
      "address": null,
      "modified_at": "2013-02-05T16:16:51Z",
      "host": 541,
      "ttl": 600,
      "owner": 4,
      "type": "A",
      "description": ""
    }
  },
  {
    "pk": 62,
    "model": "firewall.record",
    "fields": {
      "domain": 2,
      "name": null,
      "created_at": "2013-02-05T16:16:51Z",
      "address": null,
      "modified_at": "2013-02-05T16:16:51Z",
      "host": 544,
      "ttl": 600,
      "owner": 2,
      "type": "A",
      "description": ""
    }
  },
  {
    "pk": 63,
    "model": "firewall.record",
    "fields": {
      "domain": 2,
      "name": null,
      "created_at": "2013-02-05T16:16:51Z",
      "address": null,
      "modified_at": "2013-02-05T16:16:51Z",
      "host": 545,
      "ttl": 600,
      "owner": 2,
      "type": "A",
      "description": ""
    }
  },
  {
    "pk": 64,
    "model": "firewall.record",
    "fields": {
      "domain": 1,
      "name": null,
      "created_at": "2013-02-05T16:16:51Z",
      "address": null,
      "modified_at": "2013-02-05T16:16:51Z",
      "host": 546,
      "ttl": 600,
      "owner": 5,
      "type": "A",
      "description": ""
    }
  },
  {
    "pk": 65,
    "model": "firewall.record",
    "fields": {
      "domain": 5,
      "name": null,
      "created_at": "2013-02-05T16:16:51Z",
      "address": null,
      "modified_at": "2013-02-05T16:16:51Z",
      "host": 547,
      "ttl": 600,
      "owner": 3,
      "type": "A",
      "description": ""
    }
  },
  {
    "pk": 66,
    "model": "firewall.record",
    "fields": {
      "domain": 1,
      "name": null,
      "created_at": "2013-02-05T16:16:51Z",
      "address": null,
      "modified_at": "2013-02-05T16:16:51Z",
      "host": 550,
      "ttl": 600,
      "owner": 5,
      "type": "A",
      "description": ""
    }
  },
  {
    "pk": 67,
    "model": "firewall.record",
    "fields": {
      "domain": 2,
      "name": null,
      "created_at": "2013-02-05T16:16:51Z",
      "address": null,
      "modified_at": "2013-02-05T16:16:51Z",
      "host": 551,
      "ttl": 600,
      "owner": 1,
      "type": "A",
      "description": ""
    }
  },
  {
    "pk": 68,
    "model": "firewall.record",
    "fields": {
      "domain": 2,
      "name": null,
      "created_at": "2013-02-05T16:16:51Z",
      "address": null,
      "modified_at": "2013-02-05T16:16:51Z",
      "host": 552,
      "ttl": 600,
      "owner": 1,
      "type": "A",
      "description": ""
    }
  },
  {
    "pk": 69,
    "model": "firewall.record",
    "fields": {
      "domain": 2,
      "name": null,
      "created_at": "2013-02-05T16:16:51Z",
      "address": null,
      "modified_at": "2013-02-05T16:16:51Z",
      "host": 553,
      "ttl": 600,
      "owner": 1,
      "type": "A",
      "description": ""
    }
  },
  {
    "pk": 70,
    "model": "firewall.record",
    "fields": {
      "domain": 2,
      "name": null,
      "created_at": "2013-02-05T16:16:51Z",
      "address": null,
      "modified_at": "2013-02-05T16:16:51Z",
      "host": 554,
      "ttl": 600,
      "owner": 1,
      "type": "A",
      "description": ""
    }
  },
  {
    "pk": 71,
    "model": "firewall.record",
    "fields": {
      "domain": 5,
      "name": null,
      "created_at": "2013-02-05T16:16:51Z",
      "address": null,
      "modified_at": "2013-02-05T16:16:51Z",
      "host": 555,
      "ttl": 600,
      "owner": 1,
      "type": "A",
      "description": ""
    }
  },
  {
    "pk": 72,
    "model": "firewall.record",
    "fields": {
      "domain": 1,
      "name": null,
      "created_at": "2013-02-05T16:16:51Z",
      "address": null,
      "modified_at": "2013-02-05T16:16:51Z",
      "host": 596,
      "ttl": 600,
      "owner": 3,
      "type": "A",
      "description": ""
    }
  },
  {
    "pk": 73,
    "model": "firewall.record",
    "fields": {
      "domain": 1,
      "name": null,
      "created_at": "2013-02-05T16:16:51Z",
      "address": null,
      "modified_at": "2013-02-05T16:16:51Z",
      "host": 612,
      "ttl": 600,
      "owner": 5,
      "type": "A",
      "description": ""
    }
  },
  {
    "pk": 74,
    "model": "firewall.record",
    "fields": {
      "domain": 1,
      "name": null,
      "created_at": "2013-02-05T16:16:51Z",
      "address": null,
      "modified_at": "2013-02-05T16:16:51Z",
      "host": 618,
      "ttl": 600,
      "owner": 4,
      "type": "A",
      "description": ""
    }
  },
  {
    "pk": 75,
    "model": "firewall.record",
    "fields": {
      "domain": 1,
      "name": null,
      "created_at": "2013-02-05T16:16:51Z",
      "address": null,
      "modified_at": "2013-02-05T16:16:51Z",
      "host": 623,
      "ttl": 600,
      "owner": 3,
      "type": "A",
      "description": ""
    }
  },
  {
    "pk": 76,
    "model": "firewall.record",
    "fields": {
      "domain": 1,
      "name": null,
      "created_at": "2013-02-05T16:16:51Z",
      "address": null,
      "modified_at": "2013-02-05T16:16:51Z",
      "host": 629,
      "ttl": 600,
      "owner": 5,
      "type": "A",
      "description": ""
    }
  },
  {
    "pk": 77,
    "model": "firewall.record",
    "fields": {
      "domain": 1,
      "name": null,
      "created_at": "2013-02-05T16:16:51Z",
      "address": null,
      "modified_at": "2013-02-05T16:16:51Z",
      "host": 630,
      "ttl": 600,
      "owner": 5,
      "type": "A",
      "description": ""
    }
  },
  {
    "pk": 78,
    "model": "firewall.record",
    "fields": {
      "domain": 1,
      "name": null,
      "created_at": "2013-02-05T16:16:51Z",
      "address": null,
      "modified_at": "2013-02-05T16:16:51Z",
      "host": 631,
      "ttl": 600,
      "owner": 5,
      "type": "A",
      "description": ""
    }
  },
  {
    "pk": 80,
    "model": "firewall.record",
    "fields": {
      "domain": 8,
      "name": null,
      "created_at": "2013-02-05T16:16:51Z",
      "address": null,
      "modified_at": "2013-02-05T16:16:51Z",
      "host": 640,
      "ttl": 600,
      "owner": 5,
      "type": "A",
      "description": ""
    }
  },
  {
    "pk": 81,
    "model": "firewall.record",
    "fields": {
      "domain": 5,
      "name": null,
      "created_at": "2013-02-05T16:16:51Z",
      "address": null,
      "modified_at": "2013-02-05T16:16:51Z",
      "host": 645,
      "ttl": 600,
      "owner": 6,
      "type": "A",
      "description": ""
    }
  },
  {
    "pk": 86,
    "model": "firewall.record",
    "fields": {
      "domain": 8,
      "name": null,
      "created_at": "2013-02-05T16:16:51Z",
      "address": null,
      "modified_at": "2013-02-05T16:16:51Z",
      "host": 675,
      "ttl": 600,
      "owner": 13,
      "type": "A",
      "description": ""
    }
  },
  {
    "pk": 87,
    "model": "firewall.record",
    "fields": {
      "domain": 8,
      "name": null,
      "created_at": "2013-02-05T16:16:51Z",
      "address": null,
      "modified_at": "2013-02-05T16:16:51Z",
      "host": 684,
      "ttl": 600,
      "owner": 15,
      "type": "A",
      "description": ""
    }
  },
  {
    "pk": 88,
    "model": "firewall.record",
    "fields": {
      "domain": 8,
      "name": null,
      "created_at": "2013-02-05T16:16:51Z",
      "address": null,
      "modified_at": "2013-02-05T16:16:51Z",
      "host": 685,
      "ttl": 600,
      "owner": 15,
      "type": "A",
      "description": ""
    }
  },
  {
    "pk": 89,
    "model": "firewall.record",
    "fields": {
      "domain": 1,
      "name": null,
      "created_at": "2013-02-05T16:16:51Z",
      "address": null,
      "modified_at": "2013-02-05T16:16:51Z",
      "host": 689,
      "ttl": 600,
      "owner": 5,
      "type": "A",
      "description": ""
    }
  },
  {
    "pk": 91,
    "model": "firewall.record",
    "fields": {
      "domain": 8,
      "name": null,
      "created_at": "2013-02-05T16:16:51Z",
      "address": null,
      "modified_at": "2013-02-05T16:16:51Z",
      "host": 721,
      "ttl": 600,
      "owner": 5,
      "type": "A",
      "description": ""
    }
  },
  {
    "pk": 94,
    "model": "firewall.record",
    "fields": {
      "domain": 8,
      "name": null,
      "created_at": "2013-02-05T16:16:51Z",
      "address": null,
      "modified_at": "2013-02-05T16:16:51Z",
      "host": 753,
      "ttl": 600,
      "owner": 5,
      "type": "A",
      "description": ""
    }
  },
  {
    "pk": 96,
    "model": "firewall.record",
    "fields": {
      "domain": 8,
      "name": null,
      "created_at": "2013-02-05T16:16:51Z",
      "address": null,
      "modified_at": "2013-02-05T16:16:51Z",
      "host": 789,
      "ttl": 600,
      "owner": 22,
      "type": "A",
      "description": ""
    }
  },
  {
    "pk": 98,
    "model": "firewall.record",
    "fields": {
      "domain": 1,
      "name": "svn",
      "created_at": "2013-02-05T16:29:33Z",
      "address": "152.66.241.82",
      "modified_at": "2013-02-06T18:29:12Z",
      "host": null,
      "ttl": 600,
      "owner": 3,
      "type": "A",
      "description": ""
    }
  },
  {
    "pk": 99,
    "model": "firewall.record",
    "fields": {
      "domain": 8,
      "name": null,
      "created_at": "2013-02-05T17:48:23Z",
      "address": null,
      "modified_at": "2013-02-05T17:48:23Z",
      "host": 793,
      "ttl": 600,
      "owner": 13,
      "type": "A",
      "description": ""
    }
  },
  {
    "pk": 101,
    "model": "firewall.record",
    "fields": {
      "domain": 8,
      "name": null,
      "created_at": "2013-02-05T22:08:47Z",
      "address": null,
      "modified_at": "2013-02-05T22:08:47Z",
      "host": 795,
      "ttl": 600,
      "owner": 1,
      "type": "A",
      "description": ""
    }
  },
  {
    "pk": 102,
    "model": "firewall.record",
    "fields": {
      "domain": 1,
      "name": null,
      "created_at": "2013-02-05T22:26:54Z",
      "address": null,
      "modified_at": "2013-02-05T22:26:54Z",
      "host": 796,
      "ttl": 600,
      "owner": 1,
      "type": "A",
      "description": ""
    }
  },
  {
    "pk": 104,
    "model": "firewall.record",
    "fields": {
      "domain": 8,
      "name": null,
      "created_at": "2013-02-05T22:31:53Z",
      "address": null,
      "modified_at": "2013-02-05T22:31:53Z",
      "host": 798,
      "ttl": 600,
      "owner": 5,
      "type": "A",
      "description": ""
    }
  },
  {
    "pk": 105,
    "model": "firewall.record",
    "fields": {
      "domain": 11,
      "name": "",
      "created_at": "2013-02-05T22:37:56Z",
      "address": "dns1.ik.bme.hu",
      "modified_at": "2013-02-06T18:29:03Z",
      "host": null,
      "ttl": 600,
      "owner": 1,
      "type": "NS",
      "description": ""
    }
  },
  {
    "pk": 108,
    "model": "firewall.record",
    "fields": {
      "domain": 1,
      "name": "",
      "created_at": "2013-02-06T00:32:02Z",
      "address": "",
      "modified_at": "2013-02-06T00:32:02Z",
      "host": 512,
      "ttl": 600,
      "owner": 3,
      "type": "AAAA",
      "description": ""
    }
  },
  {
    "pk": 109,
    "model": "firewall.record",
    "fields": {
      "domain": 1,
      "name": "",
      "created_at": "2013-02-06T01:08:17Z",
      "address": "",
      "modified_at": "2013-02-06T01:08:17Z",
      "host": 596,
      "ttl": 600,
      "owner": 3,
      "type": "AAAA",
      "description": ""
    }
  },
  {
    "pk": 110,
    "model": "firewall.record",
    "fields": {
      "domain": 1,
      "name": "",
      "created_at": "2013-02-06T01:10:19Z",
      "address": "",
      "modified_at": "2013-02-06T01:10:19Z",
      "host": 29,
      "ttl": 600,
      "owner": 1,
      "type": "AAAA",
      "description": ""
    }
  },
  {
    "pk": 111,
    "model": "firewall.record",
    "fields": {
      "domain": 5,
      "name": "",
      "created_at": "2013-02-06T01:10:41Z",
      "address": "",
      "modified_at": "2013-02-06T01:10:41Z",
      "host": 7,
      "ttl": 600,
      "owner": 2,
      "type": "AAAA",
      "description": ""
    }
  },
  {
    "pk": 112,
    "model": "firewall.record",
    "fields": {
      "domain": 5,
      "name": "",
      "created_at": "2013-02-06T01:10:58Z",
      "address": "",
      "modified_at": "2013-02-06T01:10:58Z",
      "host": 8,
      "ttl": 600,
      "owner": 3,
      "type": "AAAA",
      "description": ""
    }
  },
  {
    "pk": 113,
    "model": "firewall.record",
    "fields": {
      "domain": 5,
      "name": "",
      "created_at": "2013-02-06T01:11:04Z",
      "address": "",
      "modified_at": "2013-02-06T01:11:04Z",
      "host": 8,
      "ttl": 600,
      "owner": 3,
      "type": "AAAA",
      "description": ""
    }
  },
  {
    "pk": 114,
    "model": "firewall.record",
    "fields": {
      "domain": 5,
      "name": "",
      "created_at": "2013-02-06T01:11:20Z",
      "address": "",
      "modified_at": "2013-02-06T01:11:20Z",
      "host": 27,
      "ttl": 600,
      "owner": 4,
      "type": "AAAA",
      "description": ""
    }
  },
  {
    "pk": 115,
    "model": "firewall.record",
    "fields": {
      "domain": 5,
      "name": "",
      "created_at": "2013-02-06T01:12:31Z",
      "address": "",
      "modified_at": "2013-02-06T01:12:31Z",
      "host": 645,
      "ttl": 600,
      "owner": 6,
      "type": "AAAA",
      "description": ""
    }
  },
  {
    "pk": 116,
    "model": "firewall.record",
    "fields": {
      "domain": 1,
      "name": "",
      "created_at": "2013-02-06T01:12:59Z",
      "address": "",
      "modified_at": "2013-02-06T01:12:59Z",
      "host": 532,
      "ttl": 600,
      "owner": 2,
      "type": "AAAA",
      "description": ""
    }
  },
  {
    "pk": 117,
    "model": "firewall.record",
    "fields": {
      "domain": 8,
      "name": null,
      "created_at": "2013-02-06T10:29:22Z",
      "address": null,
      "modified_at": "2013-02-06T10:29:22Z",
      "host": 801,
      "ttl": 600,
      "owner": 5,
      "type": "A",
      "description": ""
    }
  },
  {
    "pk": 119,
    "model": "firewall.record",
    "fields": {
      "domain": 1,
      "name": "support",
      "created_at": "2013-02-06T13:38:05Z",
      "address": "",
      "modified_at": "2013-02-06T18:27:09Z",
      "host": 512,
      "ttl": 600,
      "owner": 4,
      "type": "CNAME",
      "description": ""
    }
  },
  {
    "pk": 120,
    "model": "firewall.record",
    "fields": {
      "domain": 1,
      "name": "",
      "created_at": "2013-02-06T14:11:58Z",
      "address": "10:giccero.cloud.ik.bme.hu",
      "modified_at": "2013-02-06T18:27:18Z",
      "host": 512,
      "ttl": 600,
      "owner": 3,
      "type": "MX",
      "description": ""
    }
  },
  {
    "pk": 121,
    "model": "firewall.record",
    "fields": {
      "domain": 1,
      "name": "giccero",
      "created_at": "2013-02-06T15:30:38Z",
      "address": "10:giccero.cloud.ik.bme.hu",
      "modified_at": "2013-02-06T18:27:31Z",
      "host": 512,
      "ttl": 600,
      "owner": 1,
      "type": "MX",
      "description": ""
    }
  },
  {
    "pk": 122,
    "model": "firewall.record",
    "fields": {
      "domain": 1,
      "name": "support2",
      "created_at": "2013-02-06T15:31:55Z",
      "address": "10:giccero.cloud.ik.bme.hu",
      "modified_at": "2013-02-06T18:26:37Z",
      "host": 512,
      "ttl": 600,
      "owner": 1,
      "type": "MX",
      "description": ""
    }
  },
  {
    "pk": 123,
    "model": "firewall.record",
    "fields": {
      "domain": 2,
      "name": null,
      "created_at": "2013-02-06T16:47:39Z",
      "address": null,
      "modified_at": "2013-02-06T16:47:39Z",
      "host": 803,
      "ttl": 600,
      "owner": 2,
      "type": "A",
      "description": ""
    }
  },
  {
    "pk": 128,
    "model": "firewall.record",
    "fields": {
      "domain": 8,
      "name": null,
      "created_at": "2013-02-06T21:23:32Z",
      "address": null,
      "modified_at": "2013-02-06T21:23:32Z",
      "host": 809,
      "ttl": 600,
      "owner": 13,
      "type": "A",
      "description": ""
    }
  },
  {
    "pk": 133,
    "model": "firewall.record",
    "fields": {
      "domain": 8,
      "name": null,
      "created_at": "2013-02-07T14:34:41Z",
      "address": null,
      "modified_at": "2013-02-07T14:34:41Z",
      "host": 814,
      "ttl": 600,
      "owner": 5,
      "type": "A",
      "description": ""
    }
  },
  {
    "pk": 134,
    "model": "firewall.record",
    "fields": {
      "domain": 1,
      "name": "nat",
      "created_at": "2013-02-07T15:20:37Z",
      "address": "152.66.243.148",
      "modified_at": "2013-02-07T15:20:37Z",
      "host": null,
      "ttl": 600,
      "owner": 1,
      "type": "A",
      "description": ""
    }
  },
  {
    "pk": 135,
    "model": "firewall.record",
    "fields": {
      "domain": 5,
      "name": "",
      "created_at": "2013-02-07T15:23:36Z",
      "address": "152.66.243.147",
      "modified_at": "2013-02-07T15:23:36Z",
      "host": null,
      "ttl": 600,
      "owner": 1,
      "type": "A",
      "description": ""
    }
  },
  {
    "pk": 136,
    "model": "firewall.record",
    "fields": {
      "domain": 8,
      "name": null,
      "created_at": "2013-02-08T14:51:27Z",
      "address": null,
      "modified_at": "2013-02-08T14:51:27Z",
      "host": 815,
      "ttl": 600,
      "owner": 22,
      "type": "A",
      "description": ""
    }
  },
  {
    "pk": 140,
    "model": "firewall.record",
    "fields": {
      "domain": 8,
      "name": null,
      "created_at": "2013-02-08T23:29:10Z",
      "address": null,
      "modified_at": "2013-02-08T23:29:10Z",
      "host": 819,
      "ttl": 600,
      "owner": 12,
      "type": "A",
      "description": ""
    }
  },
  {
    "pk": 141,
    "model": "firewall.record",
    "fields": {
      "domain": 8,
      "name": null,
      "created_at": "2013-02-08T23:32:43Z",
      "address": null,
      "modified_at": "2013-02-08T23:32:43Z",
      "host": 820,
      "ttl": 600,
      "owner": 5,
      "type": "A",
      "description": ""
    }
  },
  {
    "pk": 1,
    "model": "firewall.blacklist",
    "fields": {
      "created_at": "2013-02-19T15:17:14Z",
      "reason": "abjuzerkedett",
      "modified_at": "2013-02-19T15:24:41Z",
      "ipv4": "10.133.0.1"
    }
  },
  {
    "pk": 2,
    "model": "firewall.blacklist",
    "fields": {
      "created_at": "2013-02-19T15:24:55Z",
      "reason": "turulkodott",
      "modified_at": "2013-02-19T15:24:55Z",
      "ipv4": "10.2.0.199"
    }
  },
  {
    "pk": 3,
    "model": "firewall.blacklist",
    "fields": {
      "created_at": "2013-02-19T15:25:04Z",
      "reason": "nem tudom",
      "modified_at": "2013-02-19T15:25:04Z",
      "ipv4": "188.227.225.161"
    }
  },
  {
    "pk": 1,
    "model": "south.migrationhistory",
    "fields": {
      "applied": "2012-11-21T13:46:11Z",
      "app_name": "one",
      "migration": "0001_initial"
    }
  },
  {
    "pk": 2,
    "model": "south.migrationhistory",
    "fields": {
      "applied": "2012-11-21T13:47:33Z",
      "app_name": "school",
      "migration": "0001_initial"
    }
  },
  {
    "pk": 3,
    "model": "south.migrationhistory",
    "fields": {
      "applied": "2012-11-23T09:58:38Z",
      "app_name": "firewall",
      "migration": "0001_initial"
    }
  },
  {
    "pk": 4,
    "model": "south.migrationhistory",
    "fields": {
      "applied": "2012-11-27T10:28:57Z",
      "app_name": "firewall",
      "migration": "0002_auto__add_field_rule_owner__chg_field_host_mac"
    }
  },
  {
    "pk": 5,
    "model": "south.migrationhistory",
    "fields": {
      "applied": "2012-11-27T10:35:13Z",
      "app_name": "firewall",
      "migration": "0003_auto__chg_field_rule_owner"
    }
  },
  {
    "pk": 6,
    "model": "south.migrationhistory",
    "fields": {
      "applied": "2012-11-28T14:38:15Z",
      "app_name": "firewall",
      "migration": "0004_auto__del_field_host_vlan"
    }
  },
  {
    "pk": 7,
    "model": "south.migrationhistory",
    "fields": {
      "applied": "2012-11-28T14:40:55Z",
      "app_name": "firewall",
      "migration": "0005_auto__del_field_rule_vlan__add_field_host_vlan"
    }
  },
  {
    "pk": 8,
    "model": "south.migrationhistory",
    "fields": {
      "applied": "2012-12-03T14:06:54Z",
      "app_name": "firewall",
      "migration": "0006_auto__add_field_rule_r_type"
    }
  },
  {
    "pk": 9,
    "model": "south.migrationhistory",
    "fields": {
      "applied": "2012-12-03T14:26:24Z",
      "app_name": "firewall",
      "migration": "0007_auto"
    }
  },
  {
    "pk": 10,
    "model": "south.migrationhistory",
    "fields": {
      "applied": "2012-12-10T17:06:32Z",
      "app_name": "firewall",
      "migration": "0008_auto__add_field_rule_nat__add_field_rule_nat_dport"
    }
  },
  {
    "pk": 11,
    "model": "south.migrationhistory",
    "fields": {
      "applied": "2012-12-18T20:15:50Z",
      "app_name": "firewall",
      "migration": "0009_auto__add_field_vlan_snat_ip"
    }
  },
  {
    "pk": 12,
    "model": "south.migrationhistory",
    "fields": {
      "applied": "2012-12-18T20:19:15Z",
      "app_name": "firewall",
      "migration": "0010_auto__chg_field_vlan_snat_ip"
    }
  },
  {
    "pk": 13,
    "model": "south.migrationhistory",
    "fields": {
      "applied": "2012-12-19T13:07:27Z",
      "app_name": "firewall",
      "migration": "0011_auto__del_field_rule_action__add_field_rule_dport__add_field_rule_spor"
    }
  },
  {
    "pk": 14,
    "model": "south.migrationhistory",
    "fields": {
      "applied": "2012-12-23T21:44:29Z",
      "app_name": "djcelery",
      "migration": "0001_initial"
    }
  },
  {
    "pk": 15,
    "model": "south.migrationhistory",
    "fields": {
      "applied": "2012-12-23T21:44:29Z",
      "app_name": "djcelery",
      "migration": "0002_v25_changes"
    }
  },
  {
    "pk": 16,
    "model": "south.migrationhistory",
    "fields": {
      "applied": "2012-12-23T21:44:29Z",
      "app_name": "djcelery",
      "migration": "0003_v26_changes"
    }
  },
  {
    "pk": 17,
    "model": "south.migrationhistory",
    "fields": {
      "applied": "2012-12-23T21:44:29Z",
      "app_name": "djcelery",
      "migration": "0004_v30_changes"
    }
  },
  {
    "pk": 18,
    "model": "south.migrationhistory",
    "fields": {
      "applied": "2012-12-23T22:20:37Z",
      "app_name": "django",
      "migration": "0001_initial"
    }
  },
  {
    "pk": 19,
    "model": "south.migrationhistory",
    "fields": {
      "applied": "2012-12-25T23:43:06Z",
      "app_name": "firewall",
      "migration": "0012_auto__chg_field_rule_nat_dport__add_field_host_shared_ip"
    }
  },
  {
    "pk": 20,
    "model": "south.migrationhistory",
    "fields": {
      "applied": "2012-12-25T23:51:24Z",
      "app_name": "firewall",
      "migration": "0013_auto__del_unique_host_pub_ipv4"
    }
  },
  {
    "pk": 21,
    "model": "south.migrationhistory",
    "fields": {
      "applied": "2012-12-26T01:26:39Z",
      "app_name": "one",
      "migration": "0002_auto__add_field_instance_firewall_host"
    }
  },
  {
    "pk": 22,
    "model": "south.migrationhistory",
    "fields": {
      "applied": "2012-12-26T01:35:14Z",
      "app_name": "one",
      "migration": "0003_auto__chg_field_instance_firewall_host"
    }
  },
  {
    "pk": 23,
    "model": "south.migrationhistory",
    "fields": {
      "applied": "2013-01-02T01:49:08Z",
      "app_name": "firewall",
      "migration": "0014_auto__chg_field_rule_direction"
    }
  },
  {
    "pk": 24,
    "model": "south.migrationhistory",
    "fields": {
      "applied": "2013-01-22T22:21:08Z",
      "app_name": "firewall",
      "migration": "0015_auto__chg_field_host_hostname"
    }
  },
  {
    "pk": 25,
    "model": "south.migrationhistory",
    "fields": {
      "applied": "2013-01-24T16:40:56Z",
      "app_name": "firewall",
      "migration": "0016_auto__add_alias__chg_field_host_ipv6"
    }
  },
  {
    "pk": 26,
    "model": "south.migrationhistory",
    "fields": {
      "applied": "2013-01-24T16:56:01Z",
      "app_name": "firewall",
      "migration": "0017_auto__del_field_alias_hostname__add_field_alias_alias"
    }
  },
  {
    "pk": 27,
    "model": "south.migrationhistory",
    "fields": {
      "applied": "2013-01-24T17:17:33Z",
      "app_name": "firewall",
      "migration": "0018_auto__add_field_host_reverse"
    }
  },
  {
    "pk": 28,
    "model": "south.migrationhistory",
    "fields": {
      "applied": "2013-01-24T17:34:49Z",
      "app_name": "firewall",
      "migration": "0019_auto__del_unique_host_reverse"
    }
  },
  {
    "pk": 29,
    "model": "south.migrationhistory",
    "fields": {
      "applied": "2013-01-25T14:29:38Z",
      "app_name": "firewall",
      "migration": "0020_auto__add_setting"
    }
  },
  {
    "pk": 30,
    "model": "south.migrationhistory",
    "fields": {
      "applied": "2013-01-28T17:07:31Z",
      "app_name": "store",
      "migration": "0001_initial"
    }
  },
  {
    "pk": 31,
    "model": "south.migrationhistory",
    "fields": {
      "applied": "2013-01-29T19:42:40Z",
      "app_name": "firewall",
      "migration": "0021_auto__add_field_host_created_at__add_field_host_modified_at__add_field"
    }
  },
  {
    "pk": 32,
    "model": "south.migrationhistory",
    "fields": {
      "applied": "2013-01-30T16:41:30Z",
      "app_name": "firewall",
      "migration": "0022_auto__add_vlangroup__add_field_setting_description__add_field_group_de"
    }
  },
  {
    "pk": 33,
    "model": "south.migrationhistory",
    "fields": {
      "applied": "2013-01-30T16:41:30Z",
      "app_name": "firewall",
      "migration": "0023_auto__add_field_rule_firewall"
    }
  },
  {
    "pk": 34,
    "model": "south.migrationhistory",
    "fields": {
      "applied": "2013-02-02T20:17:01Z",
      "app_name": "school",
      "migration": "0002_auto__del_entity__del_lessonclass__del_lesson__del_person__del_mark__d"
    }
  },
  {
    "pk": 35,
    "model": "south.migrationhistory",
    "fields": {
      "applied": "2013-02-02T20:17:01Z",
      "app_name": "school",
      "migration": "0003_auto__add_course__add_semester__add_person__add_group__add_unique_grou"
    }
  },
  {
    "pk": 36,
    "model": "south.migrationhistory",
    "fields": {
      "applied": "2013-02-02T20:17:01Z",
      "app_name": "school",
      "migration": "0004_auto__add_field_course_short_name__add_field_semester_name"
    }
  },
  {
    "pk": 37,
    "model": "south.migrationhistory",
    "fields": {
      "applied": "2013-02-03T09:37:25Z",
      "app_name": "school",
      "migration": "0005_auto"
    }
  },
  {
    "pk": 38,
    "model": "south.migrationhistory",
    "fields": {
      "applied": "2013-02-03T09:37:26Z",
      "app_name": "school",
      "migration": "0006_auto"
    }
  },
  {
    "pk": 39,
    "model": "south.migrationhistory",
    "fields": {
      "applied": "2013-02-03T14:47:44Z",
      "app_name": "school",
      "migration": "0007_auto__chg_field_course_code"
    }
  },
  {
    "pk": 40,
    "model": "south.migrationhistory",
    "fields": {
      "applied": "2013-02-04T21:46:19Z",
      "app_name": "store",
      "migration": "0002_auto__del_setting"
    }
  },
  {
    "pk": 41,
    "model": "south.migrationhistory",
    "fields": {
      "applied": "2013-02-05T14:58:39Z",
      "app_name": "one",
      "migration": "0004_auto__chg_field_userclouddetails_ssh_private_key"
    }
  },
  {
    "pk": 42,
    "model": "south.migrationhistory",
    "fields": {
      "applied": "2013-02-05T14:58:39Z",
      "app_name": "firewall",
      "migration": "0024_auto__add_domain__add_record"
    }
  },
  {
    "pk": 43,
    "model": "south.migrationhistory",
    "fields": {
      "applied": "2013-02-05T14:58:39Z",
      "app_name": "firewall",
      "migration": "0025_auto__chg_field_record_address"
    }
  },
  {
    "pk": 44,
    "model": "south.migrationhistory",
    "fields": {
      "applied": "2013-02-05T14:58:39Z",
      "app_name": "firewall",
      "migration": "0026_auto__chg_field_record_name"
    }
  },
  {
    "pk": 45,
    "model": "south.migrationhistory",
    "fields": {
      "applied": "2013-02-05T14:58:39Z",
      "app_name": "firewall",
      "migration": "0027_auto__add_field_vlan_reverse_domain"
    }
  },
  {
    "pk": 46,
    "model": "south.migrationhistory",
    "fields": {
      "applied": "2013-02-05T14:58:40Z",
      "app_name": "firewall",
      "migration": "0028_auto__del_field_vlan_domain"
    }
  },
  {
    "pk": 47,
    "model": "south.migrationhistory",
    "fields": {
      "applied": "2013-02-05T14:58:40Z",
      "app_name": "firewall",
      "migration": "0029_auto__add_field_vlan_domain"
    }
  },
  {
    "pk": 48,
    "model": "south.migrationhistory",
    "fields": {
      "applied": "2013-02-06T16:07:46Z",
      "app_name": "school",
      "migration": "0008_auto__add_field_person_language"
    }
  },
  {
    "pk": 49,
    "model": "south.migrationhistory",
    "fields": {
      "applied": "2013-02-08T11:08:19Z",
      "app_name": "one",
      "migration": "0005_auto__add_share__add_field_userclouddetails_share_quota__add_field_use"
    }
  },
  {
    "pk": 50,
    "model": "south.migrationhistory",
    "fields": {
      "applied": "2013-02-08T11:08:19Z",
      "app_name": "one",
      "migration": "0006_auto__add_field_template_state"
    }
  },
  {
    "pk": 51,
    "model": "south.migrationhistory",
    "fields": {
      "applied": "2013-02-08T17:31:27Z",
      "app_name": "school",
      "migration": "0009_auto__add_field_person_code__chg_field_person_user"
    }
  },
  {
    "pk": 52,
    "model": "south.migrationhistory",
    "fields": {
      "applied": "2013-02-08T17:31:27Z",
      "app_name": "school",
      "migration": "0010_neptuncodes"
    }
  },
  {
    "pk": 53,
    "model": "south.migrationhistory",
    "fields": {
      "applied": "2013-02-08T17:31:27Z",
      "app_name": "school",
      "migration": "0011_auto__add_unique_person_code"
    }
  },
  {
    "pk": 54,
    "model": "south.migrationhistory",
    "fields": {
      "applied": "2013-02-08T18:43:07Z",
      "app_name": "school",
      "migration": "0012_auto__del_unique_group_name"
    }
  },
  {
    "pk": 55,
    "model": "south.migrationhistory",
    "fields": {
      "applied": "2013-02-08T23:55:01Z",
      "app_name": "one",
      "migration": "0007_auto__add_field_template_public"
    }
  },
  {
    "pk": 56,
    "model": "south.migrationhistory",
    "fields": {
      "applied": "2013-02-19T14:58:14Z",
      "app_name": "firewall",
      "migration": "0029_auto__add_field_vlan_domain"
    }
  },
  {
    "pk": 57,
    "model": "south.migrationhistory",
    "fields": {
      "applied": "2013-02-19T14:58:15Z",
      "app_name": "djcelery",
      "migration": "0001_initial"
    }
  },
  {
    "pk": 58,
    "model": "south.migrationhistory",
    "fields": {
      "applied": "2013-02-19T14:58:15Z",
      "app_name": "djcelery",
      "migration": "0002_v25_changes"
    }
  },
  {
    "pk": 59,
    "model": "south.migrationhistory",
    "fields": {
      "applied": "2013-02-19T14:58:15Z",
      "app_name": "djcelery",
      "migration": "0003_v26_changes"
    }
  },
  {
    "pk": 60,
    "model": "south.migrationhistory",
    "fields": {
      "applied": "2013-02-19T14:58:15Z",
      "app_name": "djcelery",
      "migration": "0004_v30_changes"
    }
  },
  {
    "pk": 61,
    "model": "south.migrationhistory",
    "fields": {
      "applied": "2013-02-19T14:58:15Z",
      "app_name": "django",
      "migration": "0001_initial"
    }
  },
  {
    "pk": 62,
    "model": "south.migrationhistory",
    "fields": {
      "applied": "2013-02-19T15:00:06Z",
      "app_name": "firewall",
      "migration": "0030_auto__del_setting__del_alias__add_blacklist"
    }
  },
  {
    "pk": 7,
    "model": "django.queue",
    "fields": {
      "name": "1a3a8776-7b0d-386c-8101-cb76e75d3c4f.reply.celery.pidbox"
    }
  },
  {
    "pk": 3,
    "model": "django.queue",
    "fields": {
      "name": "2e5083bc-4367-31bc-944c-c9c4190d09ed.reply.celery.pidbox"
    }
  },
  {
    "pk": 4,
    "model": "django.queue",
    "fields": {
      "name": "38897778-b79c-3cd6-80ac-d9bd2153e8f2.reply.celery.pidbox"
    }
  },
  {
    "pk": 6,
    "model": "django.queue",
    "fields": {
      "name": "864b9f4e-44da-3235-8d46-4a12b7ff3d62.reply.celery.pidbox"
    }
  },
  {
    "pk": 1,
    "model": "django.queue",
    "fields": {
      "name": "celery"
    }
  },
  {
    "pk": 2,
    "model": "django.queue",
    "fields": {
      "name": "cloud.celery.pidbox"
    }
  },
  {
    "pk": 5,
    "model": "django.queue",
    "fields": {
      "name": "e4c9b1e7-dee1-3bd4-bef4-f44c23467e21.reply.celery.pidbox"
    }
  },
  {
    "pk": 8,
    "model": "django.queue",
    "fields": {
      "name": "f72ef8f4-1ace-350f-baf2-769bd03038a5.reply.celery.pidbox"
    }
  },
  {
    "pk": 595,
    "model": "django.message",
    "fields": {
      "queue": 1,
      "visible": false,
      "sent_at": "2013-02-08T23:35:08Z",
      "payload": "{\"body\": \"gAJ9cQEoVQdyZXRyaWVzcQJLAFUEdGFza3EDVRlmaXJld2FsbC50YXNrcy5SZWxvYWRUYXNrcQRVCGVycmJhY2tzcQVOVQljYWxsYmFja3NxBk5VBmt3YXJnc3EHfXEIVQNldGFxCU5VBGFyZ3NxCl1xC1UCaWRxDFUkZDM1ZWNiMDEtYzI2ZS00Y2I0LWI1ODMtNzAwYTQzOGFhZTg0cQ1VB2V4cGlyZXNxDk5VA3V0Y3EPiHUu\", \"headers\": {}, \"content-type\": \"application/x-python-serialize\", \"properties\": {\"exclusive\": false, \"name\": \"celery\", \"body_encoding\": \"base64\", \"delivery_info\": {\"priority\": 0, \"routing_key\": \"celery\", \"exchange\": \"celery\"}, \"auto_delete\": false, \"delivery_mode\": 2, \"no_ack\": false, \"alias\": null, \"queue_arguments\": null, \"binding_arguments\": null, \"delivery_tag\": 4, \"bindings\": [], \"durable\": true}, \"content-encoding\": \"binary\"}"
    }
  },
  {
    "pk": 596,
    "model": "django.message",
    "fields": {
      "queue": 1,
      "visible": false,
      "sent_at": "2013-02-08T23:42:01Z",
      "payload": "{\"body\": \"gAJ9cQEoVQdyZXRyaWVzcQJLAFUEdGFza3EDVRlmaXJld2FsbC50YXNrcy5SZWxvYWRUYXNrcQRVCGVycmJhY2tzcQVOVQljYWxsYmFja3NxBk5VBmt3YXJnc3EHfXEIVQNldGFxCU5VBGFyZ3NxCl1xC1UCaWRxDFUkYmEzMDM2NDctMDFhNy00ZWE0LTlmZWItMzAwZjY1ZGM5ODUwcQ1VB2V4cGlyZXNxDk5VA3V0Y3EPiHUu\", \"headers\": {}, \"content-type\": \"application/x-python-serialize\", \"properties\": {\"exclusive\": false, \"name\": \"celery\", \"body_encoding\": \"base64\", \"delivery_info\": {\"priority\": 0, \"routing_key\": \"celery\", \"exchange\": \"celery\"}, \"auto_delete\": false, \"delivery_mode\": 2, \"no_ack\": false, \"alias\": null, \"queue_arguments\": null, \"binding_arguments\": null, \"delivery_tag\": 5, \"bindings\": [], \"durable\": true}, \"content-encoding\": \"binary\"}"
    }
  },
  {
    "pk": 597,
    "model": "django.message",
    "fields": {
      "queue": 1,
      "visible": false,
      "sent_at": "2013-02-08T23:48:40Z",
      "payload": "{\"body\": \"gAJ9cQEoVQdyZXRyaWVzcQJLAFUEdGFza3EDVRlmaXJld2FsbC50YXNrcy5SZWxvYWRUYXNrcQRVCGVycmJhY2tzcQVOVQljYWxsYmFja3NxBk5VBmt3YXJnc3EHfXEIVQNldGFxCU5VBGFyZ3NxCl1xC1UCaWRxDFUkYzYzMWQyOTEtNjMxMC00ZjJmLTk0M2MtZmU2MGY5MTI2NGY4cQ1VB2V4cGlyZXNxDk5VA3V0Y3EPiHUu\", \"headers\": {}, \"content-type\": \"application/x-python-serialize\", \"properties\": {\"exclusive\": false, \"name\": \"celery\", \"body_encoding\": \"base64\", \"delivery_info\": {\"priority\": 0, \"routing_key\": \"celery\", \"exchange\": \"celery\"}, \"auto_delete\": false, \"delivery_mode\": 2, \"no_ack\": false, \"alias\": null, \"queue_arguments\": null, \"binding_arguments\": null, \"delivery_tag\": 3, \"bindings\": [], \"durable\": true}, \"content-encoding\": \"binary\"}"
    }
  }
]
