[
  {
    "pk": 1,
    "model": "auth.user",
    "fields": {
      "username": "root",
      "first_name": "",
      "last_name": "",
      "is_active": true,
      "is_superuser": true,
      "is_staff": true,
      "last_login": "2013-01-30T19:33:30Z",
      "groups": [],
      "user_permissions": [],
      "email": "root@cloud.ik.bme.hu",
      "date_joined": "2012-11-21T08:54:38Z"
    }
  },
  {
    "pk": 2,
    "model": "auth.user",
    "fields": {
      "username": "bd",
      "first_name": "",
      "last_name": "",
      "is_active": true,
      "is_superuser": false,
      "is_staff": true,
      "last_login": "2013-01-14T21:41:28Z",
      "groups": [],
      "user_permissions": [],
      "email": "",
      "date_joined": "2012-11-27T10:33:20Z"
    }
  },
  {
    "pk": 3,
    "model": "auth.user",
    "fields": {
      "username": "mate",
      "first_name": "",
      "last_name": "",
      "is_active": true,
      "is_superuser": false,
      "is_staff": false,
      "last_login": "2012-11-27T10:40:57Z",
      "groups": [],
      "user_permissions": [],
      "email": "",
      "date_joined": "2012-11-27T10:40:57Z"
    }
  },
  {
    "pk": 4,
    "model": "auth.user",
    "fields": {
      "username": "tarokkk",
      "first_name": "",
      "last_name": "",
      "is_active": true,
      "is_superuser": false,
      "is_staff": false,
      "last_login": "2012-11-27T10:41:08Z",
      "groups": [],
      "user_permissions": [],
      "email": "",
      "date_joined": "2012-11-27T10:41:08Z"
    }
  },
  {
    "pk": 5,
    "model": "auth.user",
    "fields": {
      "username": "opennebula",
      "first_name": "",
      "last_name": "",
      "is_active": true,
      "is_superuser": false,
      "is_staff": false,
      "last_login": "2012-12-23T18:57:31Z",
      "groups": [],
      "user_permissions": [],
      "email": "",
      "date_joined": "2012-12-23T18:57:31Z"
    }
  },
  {
    "pk": 6,
    "model": "auth.user",
    "fields": {
      "username": "lennon",
      "first_name": "",
      "last_name": "",
      "is_active": true,
      "is_superuser": true,
      "is_staff": true,
      "last_login": "2013-01-14T15:07:27Z",
      "groups": [],
      "user_permissions": [],
      "email": "",
      "date_joined": "2013-01-14T15:01:51Z"
    }
  },
  {
    "pk": 7,
    "model": "auth.user",
    "fields": {
      "username": "test",
      "first_name": "",
      "last_name": "",
      "is_active": true,
      "is_superuser": true,
      "is_staff": true,
      "last_login": "2013-01-22T15:21:22Z",
      "groups": [],
      "user_permissions": [],
      "email": "",
      "date_joined": "2013-01-16T12:36:01Z"
    }
  },
  {
    "pk": 11,
    "model": "auth.user",
    "fields": {
      "username": "K2JL24",
      "first_name": "M\u00e1t\u00e9",
      "last_name": "\u0150ry",
      "is_active": true,
      "is_superuser": false,
      "is_staff": false,
      "last_login": "2013-01-30T19:33:39Z",
      "groups": [],
      "user_permissions": [],
      "email": "orymate@gmail.com",
      "date_joined": "2013-01-22T23:03:18Z"
    }
  },
  {
    "pk": 12,
    "model": "auth.user",
    "fields": {
      "username": "JI1M92",
      "first_name": "D\u00e1niel",
      "last_name": "Bach",
      "is_active": true,
      "is_superuser": false,
      "is_staff": false,
      "last_login": "2013-01-29T20:25:13Z",
      "groups": [],
      "user_permissions": [],
      "email": "bd@doszgep.hu",
      "date_joined": "2013-01-23T08:49:10Z"
    }
  },
  {
    "pk": 13,
    "model": "auth.user",
    "fields": {
      "username": "TFDAZ6",
      "first_name": "S\u00e1ndor",
      "last_name": "Guba",
      "is_active": true,
      "is_superuser": false,
      "is_staff": false,
      "last_login": "2013-01-29T17:51:58Z",
      "groups": [],
      "user_permissions": [],
      "email": "gubasanyi@gmail.com",
      "date_joined": "2013-01-23T13:37:22Z"
    }
  },
  {
    "pk": 14,
    "model": "auth.user",
    "fields": {
      "username": "K7YLW5",
      "first_name": "Bence",
      "last_name": "D\u00e1nyi",
      "is_active": true,
      "is_superuser": false,
      "is_staff": false,
      "last_login": "2013-01-23T15:04:46Z",
      "groups": [],
      "user_permissions": [],
      "email": "madbence@gmail.com",
      "date_joined": "2013-01-23T15:04:46Z"
    }
  },
  {
    "pk": 15,
    "model": "auth.user",
    "fields": {
      "username": "UYD1S5",
      "first_name": "Rich\u00e1rd",
      "last_name": "Cziva",
      "is_active": true,
      "is_superuser": false,
      "is_staff": false,
      "last_login": "2013-01-25T11:00:42Z",
      "groups": [],
      "user_permissions": [],
      "email": "cziva.richard@gmail.com",
      "date_joined": "2013-01-25T11:00:42Z"
    }
  },
  {
    "pk": 16,
    "model": "auth.user",
    "fields": {
      "username": "FFRUNU",
      "first_name": "G\u00e1bor",
      "last_name": "Ny\u00edri",
      "is_active": true,
      "is_superuser": false,
      "is_staff": false,
      "last_login": "2013-01-29T11:56:10Z",
      "groups": [],
      "user_permissions": [],
      "email": "halacs@sch.bme.hu",
      "date_joined": "2013-01-29T11:56:09Z"
    }
  },
  {
    "pk": 17,
    "model": "auth.user",
    "fields": {
      "username": "HUT3L3",
      "first_name": "Rich\u00e1rd P\u00e9ter",
      "last_name": "K\u00e1polnai",
      "is_active": true,
      "is_superuser": false,
      "is_staff": false,
      "last_login": "2013-01-29T12:58:39Z",
      "groups": [],
      "user_permissions": [],
      "email": "kapolnai@iit.bme.hu",
      "date_joined": "2013-01-29T12:58:39Z"
    }
  },
  {
    "pk": 18,
    "model": "auth.user",
    "fields": {
      "username": "ORL3EA",
      "first_name": "Bal\u00e1zs",
      "last_name": "S\u00e1f\u00e1r",
      "is_active": true,
      "is_superuser": false,
      "is_staff": false,
      "last_login": "2013-01-29T18:54:03Z",
      "groups": [],
      "user_permissions": [],
      "email": "ballew552@gmail.com",
      "date_joined": "2013-01-29T18:44:09Z"
    }
  },
  {
    "pk": 1,
    "model": "one.sshkey",
    "fields": {
      "user": 1,
      "key": "ssh-rsa AAAAB3NzaC1yc2EAAAADAQABAAAAgQCRlW+B/UtNIQKbV9Vu+KbnC+7mIveLhIU6KYtBubmhTEvaMv/x2+R3fwRpWpNWHAcFTJeJ/XWICqXjcAXYI7JOS9Ih9UqESl1EAuVPnJNL82Vdhy4iup2isD+WWla9XUiCk4Q9ArliqG8A1ZbeQYLERbYkGs9smFPPI/7RWDku2w== cloud-2012-11-21"
    }
  },
  {
    "pk": 3,
    "model": "one.sshkey",
    "fields": {
      "user": 3,
      "key": "ssh-rsa AAAAB3NzaC1yc2EAAAADAQABAAAAgQDTy7MRBOBAJmXrwJtjRo8m+/YVakf6fii/9Rc+dNvk+lBwhK2MPpOr9kww55Pq47Lp7heEV1Zx2SRRDCPGv2WvSByZwcMs3KPx+tNybPiUIj22Q+Q58unVEohWqShzRL4JZI6dOu+jtufftp7UiE3XB2ZNKOUJ+nJZnhEmmtdTlw== cloud-2012-11-27"
    }
  },
  {
    "pk": 4,
    "model": "one.sshkey",
    "fields": {
      "user": 4,
      "key": "ssh-rsa AAAAB3NzaC1yc2EAAAADAQABAAAAgQC395mvZy9a5BAqji8Ske+JWIZDYyIrKa0hxWAPw6E9G3BWvVc7WFX3qm2zrZAYK6SYq6L2jJQuZDKuG6U2jUgRVN01I5ws6nqBpe7sCyII2f10em8GLZA84/GVKNbdW4sSZSB2noSaieZJqkaGIjA1lTvNPtiaw8wxwhve+Y2Vtw== cloud-2012-11-27"
    }
  },
  {
    "pk": 5,
    "model": "one.sshkey",
    "fields": {
      "user": 5,
      "key": "ssh-rsa AAAAB3NzaC1yc2EAAAADAQABAAAAgQCQJneJJ/Hkz7QjuxVR/7j2OESMnHMbmWSTwgXEqSq9jKjWR7zLUsKgP1B5/NWZ33Cf+Toddri/V2AvWZ7vIb2W3fB/s9rLpsWWOQPwvqUxOwxyFZDisXZZi0kHiPnJLO0NUS+ox+YYgtBv66zDxmHwozY9cY0pWerVAVdFTcRsUw== cloud-2012-12-23"
    }
  },
  {
    "pk": 6,
    "model": "one.sshkey",
    "fields": {
      "user": 2,
      "key": "ssh-rsa AAAAB3NzaC1yc2EAAAADAQABAAAAgQCt10GFvHqha6RS8v2cc3zt8RA0TzoVeSLIMLpvczVPzuqm0Yt6VxS03m6YfS8REX50M87T69ER+Nx85MxIwQ/td7sNUve8ZMh+KIKvtRwxXhYqpiEjWPX6HQB777y/0cseIIV27qmWav60Q1ZTGr92uZlMkR41uhmlTAbkqSgPAw== cloud-2012-12-26"
    }
  },
  {
    "pk": 8,
    "model": "one.sshkey",
    "fields": {
      "user": 6,
      "key": "ssh-rsa AAAAB3NzaC1yc2EAAAADAQABAAAAgQCq870vNOkEE1CQR1ZaO66Hure2grrBQ/7rM6SqsGtDBQ++POyA/VesmPSN5tgceB/uKrHSp7naK4cy0JqcWH83gsoDuoFv4QTR88WitkiKTeax8GEGjOBtUbss2tli9mtIJI/TwFUP69FOg1Uy520fasmWwVuRLLUxWqlqaylqhQ== cloud-2013-01-14"
    }
  },
  {
    "pk": 9,
    "model": "one.sshkey",
    "fields": {
      "user": 4,
      "key": "ssh-rsa AAAAB3NzaC1yc2EAAAADAQABAAAAgQC/OISjwzUDOW0WU1F4nJZZYPtTGL/25l6HsDyNWa+ilrR1OhR/pdIbWuDGjmvYHdVySavYl1DrjD1hxI8M4dYaHFyZp4WdI09wFtEFNj3roFHty7H3+r4gN4YCBtWuTWaoFRYMkd5TqNNw7yPyYvYa8YtXbxvVzgkG3lyIkP64RQ== cloud-2013-01-16"
    }
  },
  {
    "pk": 11,
    "model": "one.sshkey",
    "fields": {
      "user": 7,
      "key": "ssh-rsa AAAAB3NzaC1yc2EAAAADAQABAAAAgQDEs3iCElHDnkQrHu0Ylxo7d8+0b+BqVnglIzNACpuoDy4/cADEhRod4DPXr8yDFkS7nTeanYSeAU5U1aqRKf5j6vRbuUu2nwMvBFUkK8oG/bYh5/o3h3+Z3SoUxbV8oIl4DFhNQ3dnRIEuwVZgcNjluJJ56TVAnqhv9rxrKuwe8w== cloud-2013-01-16"
    }
  },
  {
    "pk": 12,
    "model": "one.sshkey",
    "fields": {
      "user": 7,
      "key": "ssh-rsa AAAAB3NzaC1yc2EAAAADAQABAAAAgQC+TDtKuvFqExAXQLQD4uwIKy8rTK2Bfysw54DK4izoRVS+Kvgu+NVln+D1KQ+27DC4YY0R+8KmfCfKm/Ln54uzfpCHpQCcKPonRCDaHaztXmJLLWJZVJBz41WFJ4W5Gd9WKF1s3KKnW7mu7j0AChAJFCiOKNPq12Gcgd05Zl8OlQ== cloud-2013-01-16"
    }
  },
  {
    "pk": 22,
    "model": "one.sshkey",
    "fields": {
      "user": 11,
      "key": "ssh-rsa AAAAB3NzaC1yc2EAAAADAQABAAAAgQDXttVluhHIFBrshPjBGA//DWuBKQ7oKzw7wyd+Um+EbLFvTyrnOd4CKkVRfSsDYQl5jNm3vd9WSadzkJtRYYavQXLQTCZ/u3IaTsP2cvIRmCQw4AkoPkh1iJejYPucYXA1SmQgq3pA93i8+GsGi7AvXOz30s2aMIx8+T8Ky99b9w== cloud-2013-01-23"
    }
  },
  {
    "pk": 23,
    "model": "one.sshkey",
    "fields": {
      "user": 12,
      "key": "ssh-rsa AAAAB3NzaC1yc2EAAAADAQABAAAAgQCyezB3kUSeWlzRzYZ/y0D2NjqUjmkWHpMBb/4D3kvnQMZPAcuy5L2iYkIEjjCfJT6SozEoKEB56x3HGr5pfoY1D3rs7BGK/w97N458BY7l/3nJyq3Picu8OZ2IGuFRR6HlNWHjEOr6JWaGMKBehF8/J5z08q8Vui6xKsqSE3z1Bw== cloud-2013-01-23"
    }
  },
  {
    "pk": 24,
    "model": "one.sshkey",
    "fields": {
      "user": 13,
      "key": "ssh-rsa AAAAB3NzaC1yc2EAAAADAQABAAAAgQDJpz/bJ/aPh5yi3Lomjuq4KsrQjGtyEN1lEeOX72nGFSZwVKqafPlTUUFEBENXKidsYFOnTSQxUKcplLLcC2qxQA/vTkpRQEGI6YuudbalwTumBWfCplEtAqfXGAuY1vYjoLSS+7Kwcf1pYbaDFOmrtbg95dpvkT8ZSwDHSzJaFw== cloud-2013-01-23"
    }
  },
  {
    "pk": 25,
    "model": "one.sshkey",
    "fields": {
      "user": 14,
      "key": "ssh-rsa AAAAB3NzaC1yc2EAAAADAQABAAAAgQDBVt/kbVleg7LfcJuCrw8/+yDtXtlJ0pSa5ZvtbJ9NEcspghrzNZkVMaxBERTZKewaLc22ZeyRZrS3FbGPwqgCXI0NbN0HJGwxxgPz8L0dAQWHu27GKAnRrou71O+rmDofVvMmtv5P2OHde6DMbfbqMYPYP/djf7812iU+BS6smQ== cloud-2013-01-23"
    }
  },
  {
    "pk": 26,
    "model": "one.sshkey",
    "fields": {
      "user": 15,
      "key": "ssh-rsa AAAAB3NzaC1yc2EAAAADAQABAAAAgQC8cZ4ySS9LEZyLaLSVzqoea3QYajdOKOyt1OEMod+b9DkDsRAK0x9SqtO9FCWmqVMZ28828O63xWx8ycjUwLrHvIC+cSi+lt/NVcIKhopofLzGW+AZfH5SLIGD5RkzhTxHINEqs/RW4Faklz2uPAuR8t4AJBzwQeITswArBvKZMQ== cloud-2013-01-25"
    }
  },
  {
    "pk": 27,
    "model": "one.sshkey",
    "fields": {
      "user": 16,
      "key": "ssh-rsa AAAAB3NzaC1yc2EAAAADAQABAAAAgQCysvCwyKMVlPpaiOsSYSt/vxPpQQiMogLwGUdZ+m3+H2r59OtxXgI1bmAP0Wnb2jAhSBQjDVJKu8WgZ4+cByO6ijxW4GQmtFGlxQJnBWEV5lC7e+j5Rz8cknO2OyjOPtNDuhVOMJb2ySWM1X3uwtiXYi3+ATeAW7HkJDRWNaFcVQ== cloud-2013-01-29"
    }
  },
  {
    "pk": 28,
    "model": "one.sshkey",
    "fields": {
      "user": 17,
      "key": "ssh-rsa AAAAB3NzaC1yc2EAAAADAQABAAAAgQDGF0s6HY/m60cLeyD0T/ASO00WH78g1NhOvpq3DofXpsLUe98UzMfmuyu4Hj1/ILZhfRImOeyObceD8rM4MqdN1vSYQCo9Q2A1IBvP7cNWwWbAEdXWhGHZmNsz/sbaxUp6VrwPaHgNJhq1lEQStqH9rHhRQTsvHHH2ZukSlz5NVQ== cloud-2013-01-29"
    }
  },
  {
    "pk": 29,
    "model": "one.sshkey",
    "fields": {
      "user": 18,
      "key": "ssh-rsa AAAAB3NzaC1yc2EAAAADAQABAAAAgQCM2XQTvrqv31sLk+zsate3S25SGV8k+662tdtLMShiqXs6u2NOfOjEzM6460vb6ORInBbs1gqNpm1/D7/JrYNe8ogS1rFBVyd4K/+wh+sZksjxdf4Jattkc3aUsVeornU8gpVl4hOg+MlPKQxdRTNOHXUswp57b62ecvhZMTzkcQ== cloud-2013-01-29"
    }
  },
  {
    "pk": 1,
    "model": "one.disk",
    "fields": {
      "name": "12.04 Ubuntu test"
    }
  },
  {
    "pk": 24,
    "model": "one.disk",
    "fields": {
      "name": "bd-vm"
    }
  },
  {
    "pk": 73,
    "model": "one.disk",
    "fields": {
      "name": "bscw"
    }
  },
  {
    "pk": 6,
    "model": "one.disk",
    "fields": {
      "name": "bubuntu-teszt"
    }
  },
  {
    "pk": 18,
    "model": "one.disk",
    "fields": {
      "name": "bvp6"
    }
  },
  {
    "pk": 37,
    "model": "one.disk",
    "fields": {
      "name": "clonezilla"
    }
  },
  {
    "pk": 44,
    "model": "one.disk",
    "fields": {
      "name": "clonezilla-mestergep"
    }
  },
  {
    "pk": 34,
    "model": "one.disk",
    "fields": {
      "name": "cloud-store-data"
    }
  },
  {
    "pk": 33,
    "model": "one.disk",
    "fields": {
      "name": "cloud-store-root"
    }
  },
  {
    "pk": 51,
    "model": "one.disk",
    "fields": {
      "name": "CPORTA-LINK1-ROOT"
    }
  },
  {
    "pk": 47,
    "model": "one.disk",
    "fields": {
      "name": "CPORTA-ROOT"
    }
  },
  {
    "pk": 76,
    "model": "one.disk",
    "fields": {
      "name": "devenv_v10"
    }
  },
  {
    "pk": 70,
    "model": "one.disk",
    "fields": {
      "name": "devenv_v7"
    }
  },
  {
    "pk": 74,
    "model": "one.disk",
    "fields": {
      "name": "devenv_v8"
    }
  },
  {
    "pk": 75,
    "model": "one.disk",
    "fields": {
      "name": "devenv_v9"
    }
  },
  {
    "pk": 55,
    "model": "one.disk",
    "fields": {
      "name": "DP"
    }
  },
  {
    "pk": 17,
    "model": "one.disk",
    "fields": {
      "name": "dps"
    }
  },
  {
    "pk": 20,
    "model": "one.disk",
    "fields": {
      "name": "gabor-backup"
    }
  },
  {
    "pk": 22,
    "model": "one.disk",
    "fields": {
      "name": "giccero"
    }
  },
  {
    "pk": 13,
    "model": "one.disk",
    "fields": {
      "name": "Grid-CE"
    }
  },
  {
    "pk": 29,
    "model": "one.disk",
    "fields": {
      "name": "Grid-CE-nfsshare"
    }
  },
  {
    "pk": 14,
    "model": "one.disk",
    "fields": {
      "name": "Grid-MON"
    }
  },
  {
    "pk": 15,
    "model": "one.disk",
    "fields": {
      "name": "Grid-SE"
    }
  },
  {
    "pk": 28,
    "model": "one.disk",
    "fields": {
      "name": "Grid-SE-storage"
    }
  },
  {
    "pk": 63,
    "model": "one.disk",
    "fields": {
      "name": "Grid-UI"
    }
  },
  {
    "pk": 32,
    "model": "one.disk",
    "fields": {
      "name": "Grid-WN"
    }
  },
  {
    "pk": 30,
    "model": "one.disk",
    "fields": {
      "name": "Grid-WN13"
    }
  },
  {
    "pk": 19,
    "model": "one.disk",
    "fields": {
      "name": "ibm-win7"
    }
  },
  {
    "pk": 39,
    "model": "one.disk",
    "fields": {
      "name": "infocpp"
    }
  },
  {
    "pk": 21,
    "model": "one.disk",
    "fields": {
      "name": "OS-Ubuntu_12.04_64_server"
    }
  },
  {
    "pk": 23,
    "model": "one.disk",
    "fields": {
      "name": "OS-Ubuntu_12.04_64_server_121229"
    }
  },
  {
    "pk": 31,
    "model": "one.disk",
    "fields": {
      "name": "ParaHead"
    }
  },
  {
    "pk": 36,
    "model": "one.disk",
    "fields": {
      "name": "Tarokkk-store"
    }
  },
  {
    "pk": 35,
    "model": "one.disk",
    "fields": {
      "name": "Tarokkk-Ubuntu"
    }
  },
  {
    "pk": 38,
    "model": "one.disk",
    "fields": {
      "name": "teamconcert"
    }
  },
  {
    "pk": 43,
    "model": "one.disk",
    "fields": {
      "name": "TeamConcertWin2008"
    }
  },
  {
    "pk": 59,
    "model": "one.disk",
    "fields": {
      "name": "Ubuntu 12.04 Desktop ctx"
    }
  },
  {
    "pk": 77,
    "model": "one.disk",
    "fields": {
      "name": "Ubuntu 12.04 Server ctx"
    }
  },
  {
    "pk": 49,
    "model": "one.disk",
    "fields": {
      "name": "ubuntu_12.04_x86_installer"
    }
  },
  {
    "pk": 57,
    "model": "one.disk",
    "fields": {
      "name": "UI"
    }
  },
  {
    "pk": 58,
    "model": "one.disk",
    "fields": {
      "name": "UI-new"
    }
  },
  {
    "pk": 56,
    "model": "one.disk",
    "fields": {
      "name": "VERS"
    }
  },
  {
    "pk": 41,
    "model": "one.disk",
    "fields": {
      "name": "VirtioDriver"
    }
  },
  {
    "pk": 62,
    "model": "one.disk",
    "fields": {
      "name": "Windows 7 Hanak"
    }
  },
  {
    "pk": 42,
    "model": "one.disk",
    "fields": {
      "name": "Windows2008-Install"
    }
  },
  {
    "pk": 12,
    "model": "one.disk",
    "fields": {
      "name": "windows7_64-ctx"
    }
  },
  {
    "pk": 46,
    "model": "one.disk",
    "fields": {
      "name": "Windows7-Install"
    }
  },
  {
    "pk": 7,
    "model": "one.disk",
    "fields": {
      "name": "windows7-teszt"
    }
  },
  {
    "pk": 40,
    "model": "one.disk",
    "fields": {
      "name": "zimbra-opt"
    }
  },
  {
    "pk": 13,
    "model": "one.network",
    "fields": {
      "name": "clonezilla",
      "nat": false,
      "public": false
    }
  },
  {
    "pk": 15,
    "model": "one.network",
    "fields": {
      "name": "cporta",
      "nat": false,
      "public": false
    }
  },
  {
    "pk": 2,
    "model": "one.network",
    "fields": {
      "name": "dmz",
      "nat": false,
      "public": false
    }
  },
  {
    "pk": 10,
    "model": "one.network",
    "fields": {
      "name": "grid",
      "nat": false,
      "public": false
    }
  },
  {
    "pk": 18,
    "model": "one.network",
    "fields": {
      "name": "iitint",
      "nat": false,
      "public": false
    }
  },
  {
    "pk": 20,
    "model": "one.network",
    "fields": {
      "name": "iitlab",
      "nat": false,
      "public": false
    }
  },
  {
    "pk": 12,
    "model": "one.network",
    "fields": {
      "name": "lab",
      "nat": false,
      "public": false
    }
  },
  {
    "pk": 11,
    "model": "one.network",
    "fields": {
      "name": "paranet",
      "nat": false,
      "public": false
    }
  },
  {
    "pk": 1,
    "model": "one.network",
    "fields": {
      "name": "vm-net",
      "nat": true,
      "public": false
    }
  },
  {
    "pk": 8,
    "model": "one.network",
    "fields": {
      "name": "war",
      "nat": false,
      "public": false
    }
  },
  {
    "pk": 1,
    "model": "one.instancetype",
    "fields": {
      "RAM": 8192,
      "name": "large",
      "CPU": 4
    }
  },
  {
    "pk": 2,
    "model": "one.instancetype",
    "fields": {
      "RAM": 4096,
      "name": "medium",
      "CPU": 2
    }
  },
  {
    "pk": 3,
    "model": "one.instancetype",
    "fields": {
      "RAM": 2048,
      "name": "small",
      "CPU": 2
    }
  },
  {
    "pk": 4,
    "model": "one.template",
    "fields": {
      "name": "Windows 7",
      "created_at": "2012-12-26T20:16:49Z",
      "access_type": "rdp",
      "instance_type": 3,
      "owner": 4,
      "disk": 12,
      "network": 1
    }
  },
  {
    "pk": 7,
    "model": "one.template",
    "fields": {
      "name": "Ubuntu 12.04 Desktop",
      "created_at": "2013-01-23T13:48:14Z",
      "access_type": "nx",
      "instance_type": 3,
      "owner": 4,
      "disk": 59,
      "network": 1
    }
  },
  {
    "pk": 8,
    "model": "one.template",
    "fields": {
      "name": "Ubuntu 12.04 Server",
      "created_at": "2013-01-29T17:19:50Z",
      "access_type": "ssh",
      "instance_type": 3,
      "owner": 4,
      "disk": 77,
      "network": 1
    }
  },
  {
    "pk": 90,
    "model": "one.instance",
    "fields": {
      "name": "bd Windows 7 (432)",
      "ip": "10.9.1.19",
      "created_at": "2012-12-29T19:33:17Z",
      "firewall_host": 524,
      "active_since": "2012-12-29T19:33:25Z",
      "state": "ACTIVE",
      "template": 4,
      "owner": 2,
      "one_id": 432,
      "pw": "5zgAGYqm6x"
    }
  },
  {
    "pk": 158,
    "model": "one.instance",
    "fields": {
      "name": "K7YLW5 Ubuntu 12.04 Desktop (721)",
      "ip": "10.9.1.15",
      "created_at": "2013-01-23T15:08:06Z",
      "firewall_host": 650,
      "active_since": "2013-01-23T15:08:14Z",
      "state": "ACTIVE",
      "template": 7,
      "owner": 14,
      "one_id": 721,
      "pw": "bgpkbgVHey"
    }
  },
  {
    "pk": 166,
    "model": "one.instance",
    "fields": {
      "name": "TFDAZ6 Windows 7 (736)",
      "ip": "10.9.1.26",
      "created_at": "2013-01-24T15:35:19Z",
      "firewall_host": 664,
      "active_since": "2013-01-24T15:35:29Z",
      "state": "DONE",
      "template": 4,
      "owner": 13,
      "one_id": 736,
      "pw": "N96UbWs3Tj"
    }
  },
  {
    "pk": 167,
    "model": "one.instance",
    "fields": {
      "name": "TFDAZ6 Windows 7 (737)",
      "ip": "10.9.1.27",
      "created_at": "2013-01-24T15:35:26Z",
      "firewall_host": 665,
      "active_since": "2013-01-24T15:35:27Z",
      "state": "DONE",
      "template": 4,
      "owner": 13,
      "one_id": 737,
      "pw": "39BTNFCnQs"
    }
  },
  {
    "pk": 169,
    "model": "one.instance",
    "fields": {
      "name": "TFDAZ6 Ubuntu 12.04 Desktop (739)",
      "ip": "10.9.1.29",
      "created_at": "2013-01-24T16:05:59Z",
      "firewall_host": 667,
      "active_since": "2013-01-24T16:06:07Z",
      "state": "DONE",
      "template": 7,
      "owner": 13,
      "one_id": 739,
      "pw": "TqQPdHAJ8Z"
    }
  },
  {
    "pk": 178,
    "model": "one.instance",
    "fields": {
      "name": "TFDAZ6 Windows 7 (750)",
      "ip": "10.9.1.37",
      "created_at": "2013-01-24T23:23:52Z",
      "firewall_host": 675,
      "active_since": "2013-01-24T23:24:00Z",
      "state": "ACTIVE",
      "template": 4,
      "owner": 13,
      "one_id": 750,
      "pw": "qYSv3eQJYY"
    }
  },
  {
    "pk": 182,
    "model": "one.instance",
    "fields": {
      "name": "UYD1S5 Ubuntu 12.04 Desktop (759)",
      "ip": "10.9.1.45",
      "created_at": "2013-01-25T11:11:54Z",
      "firewall_host": 684,
      "active_since": "2013-01-25T11:12:00Z",
      "state": "ACTIVE",
      "template": 7,
      "owner": 15,
      "one_id": 759,
      "pw": "43EqnuGyQW"
    }
  },
  {
    "pk": 183,
    "model": "one.instance",
    "fields": {
      "name": "UYD1S5 Ubuntu 12.04 Desktop (760)",
      "ip": "10.9.1.46",
      "created_at": "2013-01-25T11:13:36Z",
      "firewall_host": 685,
      "active_since": "2013-01-25T11:13:41Z",
      "state": "ACTIVE",
      "template": 7,
      "owner": 15,
      "one_id": 760,
      "pw": "ggKRUTHQ5w"
    }
  },
  {
    "pk": 187,
    "model": "one.instance",
    "fields": {
      "name": "TFDAZ6 Ubuntu 12.04 Desktop (768)",
      "ip": "10.9.1.48",
      "created_at": "2013-01-27T19:39:31Z",
      "firewall_host": 691,
      "active_since": "2013-01-27T19:39:41Z",
      "state": "ACTIVE",
      "template": 7,
      "owner": 13,
      "one_id": 768,
      "pw": "k8ENBk8BLv"
    }
  },
  {
    "pk": 203,
    "model": "one.instance",
    "fields": {
      "name": "TFDAZ6 Ubuntu 12.04 Server (790)",
      "ip": "10.9.1.59",
      "created_at": "2013-01-29T18:01:05Z",
      "firewall_host": 712,
      "active_since": "2013-01-29T18:01:10Z",
      "state": "ACTIVE",
      "template": 8,
      "owner": 13,
      "one_id": 790,
      "pw": "3d8AdQRDCu"
    }
  },
  {
    "pk": 209,
    "model": "one.instance",
    "fields": {
      "name": "K2JL24 Ubuntu 12.04 Server (796)",
      "ip": "10.9.1.62",
      "created_at": "2013-01-29T20:35:48Z",
      "firewall_host": 718,
      "active_since": "2013-01-29T20:35:51Z",
      "state": "ACTIVE",
      "template": 8,
      "owner": 11,
      "one_id": 796,
      "pw": "hwyCqq69y5"
    }
  },
  {
    "pk": 1,
    "model": "store.setting",
    "fields": {
      "value": "True",
      "key": "basic_auth"
    }
  },
  {
    "pk": 2,
    "model": "store.setting",
    "fields": {
      "value": "False",
      "key": "verify_ssl"
    }
  },
  {
    "pk": 3,
    "model": "store.setting",
    "fields": {
      "value": "True",
      "key": "ssl_auth"
    }
  },
  {
    "pk": 4,
    "model": "store.setting",
    "fields": {
      "value": "IQu8Eice",
      "key": "store_client_pass"
    }
  },
  {
    "pk": 5,
    "model": "store.setting",
    "fields": {
      "value": "admin",
      "key": "store_client_user"
    }
  },
  {
    "pk": 6,
    "model": "store.setting",
    "fields": {
      "value": "/opt/webadmin/cloud/client.key",
      "key": "store_client_key"
    }
  },
  {
    "pk": 7,
    "model": "store.setting",
    "fields": {
      "value": "/opt/webadmin/cloud/client.crt",
      "key": "store_client_cert"
    }
  },
  {
    "pk": 8,
    "model": "store.setting",
    "fields": {
      "value": "https://store.cloud.ik.bme.hu",
      "key": "store_url"
    }
  },
  {
    "pk": 1,
    "model": "firewall.setting",
    "fields": {
      "value": "300",
      "key": "dns_ttl",
      "description": ""
    }
  },
  {
    "pk": 2,
    "model": "firewall.setting",
    "fields": {
      "value": "152.66.243.60",
      "key": "dns_ip",
      "description": ""
    }
  },
  {
    "pk": 3,
    "model": "firewall.setting",
    "fields": {
      "value": "152.66.243.60",
      "key": "rdns_ip",
      "description": ""
    }
  },
  {
    "pk": 4,
    "model": "firewall.setting",
    "fields": {
      "value": "dns1.ik.bme.hu",
      "key": "dns_hostname",
      "description": ""
    }
  },
  {
    "pk": 5,
    "model": "firewall.setting",
    "fields": {
      "value": "10",
      "key": "reload_sleep",
      "description": ""
    }
  },
  {
    "pk": 6,
    "model": "firewall.setting",
    "fields": {
      "value": "publikus",
      "key": "default_vlangroup",
      "description": ""
    }
  },
  {
    "pk": 6,
    "model": "firewall.rule",
    "fields": {
      "r_type": "host",
      "direction": "1",
      "vlan": null,
      "description": "ssh ik net",
      "proto": "tcp",
      "firewall": null,
      "created_at": "2013-01-27T23:00:00Z",
      "extra": "-s 152.66.243.0/24",
      "modified_at": "2013-01-30T18:13:43Z",
      "owner": 1,
      "accept": true,
      "dport": 22,
      "host": 29,
      "nat_dport": null,
      "hostgroup": null,
      "nat": false,
      "foreign_network": 2,
      "sport": null,
      "vlangroup": null
    }
  },
  {
    "pk": 12,
    "model": "firewall.rule",
    "fields": {
      "r_type": "firewall",
      "direction": "1",
      "vlan": null,
      "description": "icmp",
      "proto": "icmp",
      "firewall": 1,
      "created_at": "2013-01-27T23:00:00Z",
      "extra": "",
      "modified_at": "2013-01-30T16:55:32Z",
      "owner": 1,
      "accept": true,
      "dport": null,
      "host": null,
      "nat_dport": null,
      "hostgroup": null,
      "nat": false,
      "foreign_network": 1,
      "sport": null,
      "vlangroup": null
    }
  },
  {
    "pk": 15,
    "model": "firewall.rule",
    "fields": {
      "r_type": "firewall",
      "direction": "0",
      "vlan": null,
      "description": "",
      "proto": null,
      "firewall": 1,
      "created_at": "2013-01-27T23:00:00Z",
      "extra": "",
      "modified_at": "2013-01-30T16:55:24Z",
      "owner": 1,
      "accept": true,
      "dport": null,
      "host": null,
      "nat_dport": null,
      "hostgroup": null,
      "nat": false,
      "foreign_network": 1,
      "sport": null,
      "vlangroup": null
    }
  },
  {
    "pk": 26,
    "model": "firewall.rule",
    "fields": {
      "r_type": "firewall",
      "direction": "1",
      "vlan": null,
      "description": "dhcp, time, tftp",
      "proto": null,
      "firewall": 1,
      "created_at": "2013-01-27T23:00:00Z",
      "extra": "-p udp -m multiport --dports 67,69,123",
      "modified_at": "2013-01-30T16:55:12Z",
      "owner": 1,
      "accept": true,
      "dport": null,
      "host": null,
      "nat_dport": null,
      "hostgroup": null,
      "nat": false,
      "foreign_network": 6,
      "sport": null,
      "vlangroup": null
    }
  },
  {
    "pk": 31,
    "model": "firewall.rule",
    "fields": {
      "r_type": "firewall",
      "direction": "1",
      "vlan": null,
      "description": "munin",
      "proto": "tcp",
      "firewall": 1,
      "created_at": "2013-01-27T23:00:00Z",
      "extra": "",
      "modified_at": "2013-01-30T16:54:33Z",
      "owner": 1,
      "accept": true,
      "dport": 4949,
      "host": null,
      "nat_dport": null,
      "hostgroup": null,
      "nat": false,
      "foreign_network": 5,
      "sport": null,
      "vlangroup": null
    }
  },
  {
    "pk": 33,
    "model": "firewall.rule",
    "fields": {
      "r_type": "host",
      "direction": "0",
      "vlan": null,
      "description": "nyomtat\u00f3 egyteru",
      "proto": null,
      "firewall": null,
      "created_at": "2013-01-27T23:00:00Z",
      "extra": "-d 10.0.0.253",
      "modified_at": "2013-01-30T18:13:08Z",
      "owner": 1,
      "accept": true,
      "dport": null,
      "host": null,
      "nat_dport": null,
      "hostgroup": 1,
      "nat": false,
      "foreign_network": 16,
      "sport": null,
      "vlangroup": null
    }
  },
  {
    "pk": 34,
    "model": "firewall.rule",
    "fields": {
      "r_type": "host",
      "direction": "1",
      "vlan": null,
      "description": "ssh ",
      "proto": "tcp",
      "firewall": null,
      "created_at": "2013-01-27T23:00:00Z",
      "extra": "",
      "modified_at": "2013-01-30T18:12:41Z",
      "owner": 1,
      "accept": true,
      "dport": 22,
      "host": null,
      "nat_dport": null,
      "hostgroup": 9,
      "nat": false,
      "foreign_network": 2,
      "sport": null,
      "vlangroup": null
    }
  },
  {
    "pk": 35,
    "model": "firewall.rule",
    "fields": {
      "r_type": "firewall",
      "direction": "1",
      "vlan": null,
      "description": "vpn",
      "proto": "udp",
      "firewall": 1,
      "created_at": "2013-01-27T23:00:00Z",
      "extra": "",
      "modified_at": "2013-01-30T16:54:11Z",
      "owner": 1,
      "accept": true,
      "dport": 3721,
      "host": null,
      "nat_dport": null,
      "hostgroup": null,
      "nat": false,
      "foreign_network": 1,
      "sport": null,
      "vlangroup": null
    }
  },
  {
    "pk": 37,
    "model": "firewall.rule",
    "fields": {
      "r_type": "host",
      "direction": "1",
      "vlan": null,
      "description": "dns",
      "proto": "udp",
      "firewall": null,
      "created_at": "2013-01-27T23:00:00Z",
      "extra": "",
      "modified_at": "2013-01-30T18:14:23Z",
      "owner": 1,
      "accept": true,
      "dport": 53,
      "host": 29,
      "nat_dport": null,
      "hostgroup": null,
      "nat": false,
      "foreign_network": 2,
      "sport": null,
      "vlangroup": null
    }
  },
  {
    "pk": 38,
    "model": "firewall.rule",
    "fields": {
      "r_type": "firewall",
      "direction": "1",
      "vlan": null,
      "description": "ssh",
      "proto": "tcp",
      "firewall": 1,
      "created_at": "2013-01-27T23:00:00Z",
      "extra": "",
      "modified_at": "2013-01-30T16:53:53Z",
      "owner": 1,
      "accept": true,
      "dport": 532,
      "host": null,
      "nat_dport": null,
      "hostgroup": null,
      "nat": false,
      "foreign_network": 1,
      "sport": null,
      "vlangroup": null
    }
  },
  {
    "pk": 46,
    "model": "firewall.rule",
    "fields": {
      "r_type": "host",
      "direction": "1",
      "vlan": null,
      "description": "radius bd",
      "proto": "udp",
      "firewall": null,
      "created_at": "2013-01-27T23:00:00Z",
      "extra": "",
      "modified_at": "2013-01-30T18:11:51Z",
      "owner": 1,
      "accept": true,
      "dport": 1812,
      "host": 29,
      "nat_dport": null,
      "hostgroup": null,
      "nat": false,
      "foreign_network": 17,
      "sport": null,
      "vlangroup": null
    }
  },
  {
    "pk": 47,
    "model": "firewall.rule",
    "fields": {
      "r_type": "host",
      "direction": "1",
      "vlan": null,
      "description": "http",
      "proto": "tcp",
      "firewall": null,
      "created_at": "2013-01-27T23:00:00Z",
      "extra": "",
      "modified_at": "2013-01-30T18:11:07Z",
      "owner": 1,
      "accept": true,
      "dport": 80,
      "host": null,
      "nat_dport": null,
      "hostgroup": 8,
      "nat": false,
      "foreign_network": 2,
      "sport": null,
      "vlangroup": null
    }
  },
  {
    "pk": 48,
    "model": "firewall.rule",
    "fields": {
      "r_type": "host",
      "direction": "1",
      "vlan": null,
      "description": "syslog iknet",
      "proto": "tcp",
      "firewall": null,
      "created_at": "2013-01-27T23:00:00Z",
      "extra": "-s 152.66.243.0/24",
      "modified_at": "2013-01-30T18:10:50Z",
      "owner": 1,
      "accept": true,
      "dport": 1999,
      "host": 3,
      "nat_dport": null,
      "hostgroup": null,
      "nat": false,
      "foreign_network": 2,
      "sport": null,
      "vlangroup": null
    }
  },
  {
    "pk": 261,
    "model": "firewall.rule",
    "fields": {
      "r_type": "host",
      "direction": "1",
      "vlan": null,
      "description": "pbx",
      "proto": null,
      "firewall": null,
      "created_at": "2013-01-27T23:00:00Z",
      "extra": "-p tcp -m multiport --dport 80,2000,5060",
      "modified_at": "2013-01-30T18:10:23Z",
      "owner": 3,
      "accept": true,
      "dport": null,
      "host": 299,
      "nat_dport": null,
      "hostgroup": null,
      "nat": false,
      "foreign_network": 2,
      "sport": null,
      "vlangroup": null
    }
  },
  {
    "pk": 262,
    "model": "firewall.rule",
    "fields": {
      "r_type": "host",
      "direction": "1",
      "vlan": null,
      "description": "pbx",
      "proto": null,
      "firewall": null,
      "created_at": "2013-01-27T23:00:00Z",
      "extra": "-p udp -m multiport --dport 5000,5060,4569",
      "modified_at": "2013-01-30T18:09:40Z",
      "owner": 3,
      "accept": true,
      "dport": null,
      "host": 299,
      "nat_dport": null,
      "hostgroup": null,
      "nat": false,
      "foreign_network": 2,
      "sport": null,
      "vlangroup": null
    }
  },
  {
    "pk": 263,
    "model": "firewall.rule",
    "fields": {
      "r_type": "host",
      "direction": "0",
      "vlan": null,
      "description": "nyomtat\u00f3 canon iR2870 (f\u00e9nym\u00e1sol\u00f3)",
      "proto": null,
      "firewall": null,
      "created_at": "2013-01-27T23:00:00Z",
      "extra": "-d 10.0.0.251",
      "modified_at": "2013-01-30T18:09:22Z",
      "owner": 1,
      "accept": true,
      "dport": null,
      "host": null,
      "nat_dport": null,
      "hostgroup": 1,
      "nat": false,
      "foreign_network": 16,
      "sport": null,
      "vlangroup": null
    }
  },
  {
    "pk": 264,
    "model": "firewall.rule",
    "fields": {
      "r_type": "host",
      "direction": "0",
      "vlan": null,
      "description": "nyomtato hp laserjet cp1525",
      "proto": null,
      "firewall": null,
      "created_at": "2013-01-27T23:00:00Z",
      "extra": "-d 10.0.0.65",
      "modified_at": "2013-01-30T18:08:59Z",
      "owner": 1,
      "accept": true,
      "dport": null,
      "host": null,
      "nat_dport": null,
      "hostgroup": 1,
      "nat": false,
      "foreign_network": 16,
      "sport": null,
      "vlangroup": null
    }
  },
  {
    "pk": 849,
    "model": "firewall.rule",
    "fields": {
      "r_type": "host",
      "direction": "1",
      "vlan": null,
      "description": "dns",
      "proto": "tcp",
      "firewall": null,
      "created_at": "2013-01-27T23:00:00Z",
      "extra": "",
      "modified_at": "2013-01-30T18:15:27Z",
      "owner": 1,
      "accept": true,
      "dport": 53,
      "host": 29,
      "nat_dport": null,
      "hostgroup": null,
      "nat": false,
      "foreign_network": 2,
      "sport": null,
      "vlangroup": null
    }
  },
  {
    "pk": 856,
    "model": "firewall.rule",
    "fields": {
      "r_type": "host",
      "direction": "1",
      "vlan": null,
      "description": "https",
      "proto": "tcp",
      "firewall": null,
      "created_at": "2013-01-27T23:00:00Z",
      "extra": "",
      "modified_at": "2013-01-30T18:16:00Z",
      "owner": 1,
      "accept": true,
      "dport": 443,
      "host": null,
      "nat_dport": null,
      "hostgroup": 8,
      "nat": false,
      "foreign_network": 2,
      "sport": null,
      "vlangroup": null
    }
  },
  {
    "pk": 859,
    "model": "firewall.rule",
    "fields": {
      "r_type": "host",
      "direction": "1",
      "vlan": null,
      "description": "opennebula novnc",
      "proto": "tcp",
      "firewall": null,
      "created_at": "2013-01-27T23:00:00Z",
      "extra": "",
      "modified_at": "2013-01-30T18:07:51Z",
      "owner": 1,
      "accept": true,
      "dport": 29876,
      "host": 12,
      "nat_dport": null,
      "hostgroup": null,
      "nat": false,
      "foreign_network": 2,
      "sport": null,
      "vlangroup": null
    }
  },
  {
    "pk": 866,
    "model": "firewall.rule",
    "fields": {
      "r_type": "host",
      "direction": "0",
      "vlan": null,
      "description": "smb server",
      "proto": null,
      "firewall": null,
      "created_at": "2013-01-27T23:00:00Z",
      "extra": "-d 10.0.0.253",
      "modified_at": "2013-01-30T18:07:10Z",
      "owner": 3,
      "accept": true,
      "dport": null,
      "host": null,
      "nat_dport": null,
      "hostgroup": 1,
      "nat": false,
      "foreign_network": 16,
      "sport": null,
      "vlangroup": null
    }
  },
  {
    "pk": 867,
    "model": "firewall.rule",
    "fields": {
      "r_type": "firewall",
      "direction": "1",
      "vlan": null,
      "description": "time war",
      "proto": "udp",
      "firewall": 1,
      "created_at": "2013-01-27T23:00:00Z",
      "extra": "",
      "modified_at": "2013-01-30T16:53:09Z",
      "owner": 1,
      "accept": true,
      "dport": 123,
      "host": null,
      "nat_dport": null,
      "hostgroup": null,
      "nat": false,
      "foreign_network": 4,
      "sport": null,
      "vlangroup": null
    }
  },
  {
    "pk": 948,
    "model": "firewall.rule",
    "fields": {
      "r_type": "host",
      "direction": "0",
      "vlan": null,
      "description": "",
      "proto": "tcp",
      "firewall": null,
      "created_at": "2013-01-27T23:00:00Z",
      "extra": "",
      "modified_at": "2013-01-30T18:05:27Z",
      "owner": 1,
      "accept": true,
      "dport": 25,
      "host": null,
      "nat_dport": null,
      "hostgroup": 6,
      "nat": false,
      "foreign_network": 15,
      "sport": null,
      "vlangroup": null
    }
  },
  {
    "pk": 988,
    "model": "firewall.rule",
    "fields": {
      "r_type": "host",
      "direction": "0",
      "vlan": null,
      "description": "mailezhet cronosra",
      "proto": "tcp",
      "firewall": null,
      "created_at": "2013-01-27T23:00:00Z",
      "extra": "-d 152.66.243.1",
      "modified_at": "2013-01-30T18:16:59Z",
      "owner": 1,
      "accept": true,
      "dport": 25,
      "host": null,
      "nat_dport": null,
      "hostgroup": 7,
      "nat": false,
      "foreign_network": 15,
      "sport": null,
      "vlangroup": null
    }
  },
  {
    "pk": 1046,
    "model": "firewall.rule",
    "fields": {
      "r_type": "host",
      "direction": "1",
      "vlan": null,
      "description": "id-182_user-UYD1S5 tcp 7180\u2009\u25b8\u20097180",
      "proto": "tcp",
      "firewall": null,
      "created_at": "2013-01-27T23:00:00Z",
      "extra": "",
      "modified_at": "2013-01-30T18:15:44Z",
      "owner": 15,
      "accept": true,
      "dport": 7180,
      "host": 684,
      "nat_dport": 7180,
      "hostgroup": null,
      "nat": true,
      "foreign_network": 2,
      "sport": null,
      "vlangroup": null
    }
  },
  {
    "pk": 1096,
    "model": "firewall.rule",
    "fields": {
      "r_type": "vlan",
      "direction": "0",
      "vlan": 5,
      "description": "",
      "proto": null,
      "firewall": null,
      "created_at": "2013-01-30T17:00:58Z",
      "extra": "",
      "modified_at": "2013-01-30T17:17:28Z",
      "owner": 1,
      "accept": true,
      "dport": null,
      "host": null,
      "nat_dport": null,
      "hostgroup": null,
      "nat": false,
      "foreign_network": 8,
      "sport": null,
      "vlangroup": null
    }
  },
  {
    "pk": 1097,
    "model": "firewall.rule",
    "fields": {
      "r_type": "vlan",
      "direction": "0",
      "vlan": 6,
      "description": "",
      "proto": null,
      "firewall": null,
      "created_at": "2013-01-30T17:03:59Z",
      "extra": "",
      "modified_at": "2013-01-30T17:03:59Z",
      "owner": 1,
      "accept": true,
      "dport": null,
      "host": null,
      "nat_dport": null,
      "hostgroup": null,
      "nat": false,
      "foreign_network": 7,
      "sport": null,
      "vlangroup": null
    }
  },
  {
    "pk": 1098,
    "model": "firewall.rule",
    "fields": {
      "r_type": "vlan",
      "direction": "0",
      "vlan": 2,
      "description": "",
      "proto": null,
      "firewall": null,
      "created_at": "2013-01-30T17:06:14Z",
      "extra": "",
      "modified_at": "2013-01-30T17:06:14Z",
      "owner": 1,
      "accept": true,
      "dport": null,
      "host": null,
      "nat_dport": null,
      "hostgroup": null,
      "nat": false,
      "foreign_network": 5,
      "sport": null,
      "vlangroup": null
    }
  },
  {
    "pk": 1099,
    "model": "firewall.rule",
    "fields": {
      "r_type": "vlan",
      "direction": "0",
      "vlan": 3,
      "description": "",
      "proto": null,
      "firewall": null,
      "created_at": "2013-01-30T17:18:33Z",
      "extra": "",
      "modified_at": "2013-01-30T17:18:33Z",
      "owner": 1,
      "accept": true,
      "dport": null,
      "host": null,
      "nat_dport": null,
      "hostgroup": null,
      "nat": false,
      "foreign_network": 9,
      "sport": null,
      "vlangroup": null
    }
  },
  {
    "pk": 1100,
    "model": "firewall.rule",
    "fields": {
      "r_type": "vlan",
      "direction": "0",
      "vlan": 1,
      "description": "",
      "proto": null,
      "firewall": null,
      "created_at": "2013-01-30T17:19:14Z",
      "extra": "",
      "modified_at": "2013-01-30T17:19:14Z",
      "owner": 1,
      "accept": true,
      "dport": null,
      "host": null,
      "nat_dport": null,
      "hostgroup": null,
      "nat": false,
      "foreign_network": 8,
      "sport": null,
      "vlangroup": null
    }
  },
  {
    "pk": 1101,
    "model": "firewall.rule",
    "fields": {
      "r_type": "vlan",
      "direction": "0",
      "vlan": 7,
      "description": "",
      "proto": null,
      "firewall": null,
      "created_at": "2013-01-30T17:19:48Z",
      "extra": "",
      "modified_at": "2013-01-30T17:19:48Z",
      "owner": 2,
      "accept": true,
      "dport": null,
      "host": null,
      "nat_dport": null,
      "hostgroup": null,
      "nat": false,
      "foreign_network": 4,
      "sport": null,
      "vlangroup": null
    }
  },
  {
    "pk": 1102,
    "model": "firewall.rule",
    "fields": {
      "r_type": "vlan",
      "direction": "0",
      "vlan": 8,
      "description": "",
      "proto": null,
      "firewall": null,
      "created_at": "2013-01-30T17:20:55Z",
      "extra": "",
      "modified_at": "2013-01-30T17:20:55Z",
      "owner": 1,
      "accept": true,
      "dport": null,
      "host": null,
      "nat_dport": null,
      "hostgroup": null,
      "nat": false,
      "foreign_network": 10,
      "sport": null,
      "vlangroup": null
    }
  },
  {
    "pk": 1103,
    "model": "firewall.rule",
    "fields": {
      "r_type": "vlan",
      "direction": "0",
      "vlan": 10,
      "description": "",
      "proto": null,
      "firewall": null,
      "created_at": "2013-01-30T17:21:36Z",
      "extra": "",
      "modified_at": "2013-01-30T17:21:36Z",
      "owner": 1,
      "accept": true,
      "dport": null,
      "host": null,
      "nat_dport": null,
      "hostgroup": null,
      "nat": false,
      "foreign_network": 11,
      "sport": null,
      "vlangroup": null
    }
  },
  {
    "pk": 1104,
    "model": "firewall.rule",
    "fields": {
      "r_type": "vlan",
      "direction": "0",
      "vlan": 11,
      "description": "",
      "proto": null,
      "firewall": null,
      "created_at": "2013-01-30T17:22:27Z",
      "extra": "",
      "modified_at": "2013-01-30T17:22:27Z",
      "owner": 1,
      "accept": true,
      "dport": null,
      "host": null,
      "nat_dport": null,
      "hostgroup": null,
      "nat": false,
      "foreign_network": 12,
      "sport": null,
      "vlangroup": null
    }
  },
  {
    "pk": 1105,
    "model": "firewall.rule",
    "fields": {
      "r_type": "vlan",
      "direction": "0",
      "vlan": 12,
      "description": "",
      "proto": null,
      "firewall": null,
      "created_at": "2013-01-30T17:28:15Z",
      "extra": "",
      "modified_at": "2013-01-30T17:28:15Z",
      "owner": 1,
      "accept": true,
      "dport": null,
      "host": null,
      "nat_dport": null,
      "hostgroup": null,
      "nat": false,
      "foreign_network": 13,
      "sport": null,
      "vlangroup": null
    }
  },
  {
    "pk": 1106,
    "model": "firewall.rule",
    "fields": {
      "r_type": "vlan",
      "direction": "0",
      "vlan": 4,
      "description": "",
      "proto": null,
      "firewall": null,
      "created_at": "2013-01-30T17:29:14Z",
      "extra": "",
      "modified_at": "2013-01-30T17:29:14Z",
      "owner": 1,
      "accept": true,
      "dport": null,
      "host": null,
      "nat_dport": null,
      "hostgroup": null,
      "nat": false,
      "foreign_network": 14,
      "sport": null,
      "vlangroup": null
    }
  },
  {
    "pk": 1112,
    "model": "firewall.rule",
    "fields": {
      "r_type": "host",
      "direction": "1",
      "vlan": null,
      "description": "",
      "proto": "tcp",
      "firewall": null,
      "created_at": "2013-01-30T18:02:23Z",
      "extra": "",
      "modified_at": "2013-01-30T18:02:23Z",
      "owner": 5,
      "accept": true,
      "dport": 22005,
      "host": 501,
      "nat_dport": 22,
      "hostgroup": null,
      "nat": true,
      "foreign_network": 2,
      "sport": null,
      "vlangroup": null
    }
  },
  {
    "pk": 1113,
    "model": "firewall.rule",
    "fields": {
      "r_type": "host",
      "direction": "1",
      "vlan": null,
      "description": "",
      "proto": "tcp",
      "firewall": null,
      "created_at": "2013-01-30T18:02:23Z",
      "extra": "",
      "modified_at": "2013-01-30T18:02:23Z",
      "owner": 5,
      "accept": true,
      "dport": 23005,
      "host": 501,
      "nat_dport": 3389,
      "hostgroup": null,
      "nat": true,
      "foreign_network": 2,
      "sport": null,
      "vlangroup": null
    }
  },
  {
    "pk": 1114,
    "model": "firewall.rule",
    "fields": {
      "r_type": "host",
      "direction": "1",
      "vlan": null,
      "description": "",
      "proto": "tcp",
      "firewall": null,
      "created_at": "2013-01-30T18:02:23Z",
      "extra": "",
      "modified_at": "2013-01-30T18:02:23Z",
      "owner": 2,
      "accept": true,
      "dport": 22019,
      "host": 524,
      "nat_dport": 22,
      "hostgroup": null,
      "nat": true,
      "foreign_network": 2,
      "sport": null,
      "vlangroup": null
    }
  },
  {
    "pk": 1115,
    "model": "firewall.rule",
    "fields": {
      "r_type": "host",
      "direction": "1",
      "vlan": null,
      "description": "",
      "proto": "tcp",
      "firewall": null,
      "created_at": "2013-01-30T18:02:23Z",
      "extra": "",
      "modified_at": "2013-01-30T18:02:23Z",
      "owner": 2,
      "accept": true,
      "dport": 23019,
      "host": 524,
      "nat_dport": 3389,
      "hostgroup": null,
      "nat": true,
      "foreign_network": 2,
      "sport": null,
      "vlangroup": null
    }
  },
  {
    "pk": 1116,
    "model": "firewall.rule",
    "fields": {
      "r_type": "host",
      "direction": "1",
      "vlan": null,
      "description": "",
      "proto": "tcp",
      "firewall": null,
      "created_at": "2013-01-30T18:02:23Z",
      "extra": "",
      "modified_at": "2013-01-30T18:02:23Z",
      "owner": 7,
      "accept": true,
      "dport": 22006,
      "host": 635,
      "nat_dport": 22,
      "hostgroup": null,
      "nat": true,
      "foreign_network": 2,
      "sport": null,
      "vlangroup": null
    }
  },
  {
    "pk": 1117,
    "model": "firewall.rule",
    "fields": {
      "r_type": "host",
      "direction": "1",
      "vlan": null,
      "description": "",
      "proto": "tcp",
      "firewall": null,
      "created_at": "2013-01-30T18:02:23Z",
      "extra": "",
      "modified_at": "2013-01-30T18:02:23Z",
      "owner": 7,
      "accept": true,
      "dport": 23006,
      "host": 635,
      "nat_dport": 3389,
      "hostgroup": null,
      "nat": true,
      "foreign_network": 2,
      "sport": null,
      "vlangroup": null
    }
  },
  {
    "pk": 1118,
    "model": "firewall.rule",
    "fields": {
      "r_type": "host",
      "direction": "1",
      "vlan": null,
      "description": "",
      "proto": "tcp",
      "firewall": null,
      "created_at": "2013-01-30T18:02:23Z",
      "extra": "",
      "modified_at": "2013-01-30T18:02:23Z",
      "owner": 5,
      "accept": true,
      "dport": 22009,
      "host": 640,
      "nat_dport": 22,
      "hostgroup": null,
      "nat": true,
      "foreign_network": 2,
      "sport": null,
      "vlangroup": null
    }
  },
  {
    "pk": 1119,
    "model": "firewall.rule",
    "fields": {
      "r_type": "host",
      "direction": "1",
      "vlan": null,
      "description": "",
      "proto": "tcp",
      "firewall": null,
      "created_at": "2013-01-30T18:02:23Z",
      "extra": "",
      "modified_at": "2013-01-30T18:02:23Z",
      "owner": 5,
      "accept": true,
      "dport": 23009,
      "host": 640,
      "nat_dport": 3389,
      "hostgroup": null,
      "nat": true,
      "foreign_network": 2,
      "sport": null,
      "vlangroup": null
    }
  },
  {
    "pk": 1120,
    "model": "firewall.rule",
    "fields": {
      "r_type": "host",
      "direction": "1",
      "vlan": null,
      "description": "",
      "proto": "tcp",
      "firewall": null,
      "created_at": "2013-01-30T18:02:23Z",
      "extra": "",
      "modified_at": "2013-01-30T18:02:23Z",
      "owner": 14,
      "accept": true,
      "dport": 22015,
      "host": 650,
      "nat_dport": 22,
      "hostgroup": null,
      "nat": true,
      "foreign_network": 2,
      "sport": null,
      "vlangroup": null
    }
  },
  {
    "pk": 1121,
    "model": "firewall.rule",
    "fields": {
      "r_type": "host",
      "direction": "1",
      "vlan": null,
      "description": "",
      "proto": "tcp",
      "firewall": null,
      "created_at": "2013-01-30T18:02:23Z",
      "extra": "",
      "modified_at": "2013-01-30T18:02:23Z",
      "owner": 14,
      "accept": true,
      "dport": 23015,
      "host": 650,
      "nat_dport": 3389,
      "hostgroup": null,
      "nat": true,
      "foreign_network": 2,
      "sport": null,
      "vlangroup": null
    }
  },
  {
    "pk": 1122,
    "model": "firewall.rule",
    "fields": {
      "r_type": "host",
      "direction": "1",
      "vlan": null,
      "description": "",
      "proto": "tcp",
      "firewall": null,
      "created_at": "2013-01-30T18:02:23Z",
      "extra": "",
      "modified_at": "2013-01-30T18:02:23Z",
      "owner": 11,
      "accept": true,
      "dport": 22021,
      "host": 657,
      "nat_dport": 22,
      "hostgroup": null,
      "nat": true,
      "foreign_network": 2,
      "sport": null,
      "vlangroup": null
    }
  },
  {
    "pk": 1123,
    "model": "firewall.rule",
    "fields": {
      "r_type": "host",
      "direction": "1",
      "vlan": null,
      "description": "",
      "proto": "tcp",
      "firewall": null,
      "created_at": "2013-01-30T18:02:24Z",
      "extra": "",
      "modified_at": "2013-01-30T18:02:24Z",
      "owner": 11,
      "accept": true,
      "dport": 23021,
      "host": 657,
      "nat_dport": 3389,
      "hostgroup": null,
      "nat": true,
      "foreign_network": 2,
      "sport": null,
      "vlangroup": null
    }
  },
  {
    "pk": 1124,
    "model": "firewall.rule",
    "fields": {
      "r_type": "host",
      "direction": "1",
      "vlan": null,
      "description": "",
      "proto": "tcp",
      "firewall": null,
      "created_at": "2013-01-30T18:02:24Z",
      "extra": "",
      "modified_at": "2013-01-30T18:02:24Z",
      "owner": 13,
      "accept": true,
      "dport": 22026,
      "host": 664,
      "nat_dport": 22,
      "hostgroup": null,
      "nat": true,
      "foreign_network": 2,
      "sport": null,
      "vlangroup": null
    }
  },
  {
    "pk": 1125,
    "model": "firewall.rule",
    "fields": {
      "r_type": "host",
      "direction": "1",
      "vlan": null,
      "description": "",
      "proto": "tcp",
      "firewall": null,
      "created_at": "2013-01-30T18:02:24Z",
      "extra": "",
      "modified_at": "2013-01-30T18:02:24Z",
      "owner": 13,
      "accept": true,
      "dport": 23026,
      "host": 664,
      "nat_dport": 3389,
      "hostgroup": null,
      "nat": true,
      "foreign_network": 2,
      "sport": null,
      "vlangroup": null
    }
  },
  {
    "pk": 1126,
    "model": "firewall.rule",
    "fields": {
      "r_type": "host",
      "direction": "1",
      "vlan": null,
      "description": "",
      "proto": "tcp",
      "firewall": null,
      "created_at": "2013-01-30T18:02:24Z",
      "extra": "",
      "modified_at": "2013-01-30T18:02:24Z",
      "owner": 13,
      "accept": true,
      "dport": 22027,
      "host": 665,
      "nat_dport": 22,
      "hostgroup": null,
      "nat": true,
      "foreign_network": 2,
      "sport": null,
      "vlangroup": null
    }
  },
  {
    "pk": 1127,
    "model": "firewall.rule",
    "fields": {
      "r_type": "host",
      "direction": "1",
      "vlan": null,
      "description": "",
      "proto": "tcp",
      "firewall": null,
      "created_at": "2013-01-30T18:02:24Z",
      "extra": "",
      "modified_at": "2013-01-30T18:02:24Z",
      "owner": 13,
      "accept": true,
      "dport": 23027,
      "host": 665,
      "nat_dport": 3389,
      "hostgroup": null,
      "nat": true,
      "foreign_network": 2,
      "sport": null,
      "vlangroup": null
    }
  },
  {
    "pk": 1128,
    "model": "firewall.rule",
    "fields": {
      "r_type": "host",
      "direction": "1",
      "vlan": null,
      "description": "",
      "proto": "tcp",
      "firewall": null,
      "created_at": "2013-01-30T18:02:24Z",
      "extra": "",
      "modified_at": "2013-01-30T18:02:24Z",
      "owner": 13,
      "accept": true,
      "dport": 22029,
      "host": 667,
      "nat_dport": 22,
      "hostgroup": null,
      "nat": true,
      "foreign_network": 2,
      "sport": null,
      "vlangroup": null
    }
  },
  {
    "pk": 1129,
    "model": "firewall.rule",
    "fields": {
      "r_type": "host",
      "direction": "1",
      "vlan": null,
      "description": "",
      "proto": "tcp",
      "firewall": null,
      "created_at": "2013-01-30T18:02:24Z",
      "extra": "",
      "modified_at": "2013-01-30T18:02:24Z",
      "owner": 13,
      "accept": true,
      "dport": 23029,
      "host": 667,
      "nat_dport": 3389,
      "hostgroup": null,
      "nat": true,
      "foreign_network": 2,
      "sport": null,
      "vlangroup": null
    }
  },
  {
    "pk": 1130,
    "model": "firewall.rule",
    "fields": {
      "r_type": "host",
      "direction": "1",
      "vlan": null,
      "description": "",
      "proto": "tcp",
      "firewall": null,
      "created_at": "2013-01-30T18:02:24Z",
      "extra": "",
      "modified_at": "2013-01-30T18:02:24Z",
      "owner": 13,
      "accept": true,
      "dport": 22037,
      "host": 675,
      "nat_dport": 22,
      "hostgroup": null,
      "nat": true,
      "foreign_network": 2,
      "sport": null,
      "vlangroup": null
    }
  },
  {
    "pk": 1131,
    "model": "firewall.rule",
    "fields": {
      "r_type": "host",
      "direction": "1",
      "vlan": null,
      "description": "",
      "proto": "tcp",
      "firewall": null,
      "created_at": "2013-01-30T18:02:24Z",
      "extra": "",
      "modified_at": "2013-01-30T18:02:24Z",
      "owner": 13,
      "accept": true,
      "dport": 23037,
      "host": 675,
      "nat_dport": 3389,
      "hostgroup": null,
      "nat": true,
      "foreign_network": 2,
      "sport": null,
      "vlangroup": null
    }
  },
  {
    "pk": 1132,
    "model": "firewall.rule",
    "fields": {
      "r_type": "host",
      "direction": "1",
      "vlan": null,
      "description": "",
      "proto": "tcp",
      "firewall": null,
      "created_at": "2013-01-30T18:02:24Z",
      "extra": "",
      "modified_at": "2013-01-30T18:02:24Z",
      "owner": 3,
      "accept": true,
      "dport": 22038,
      "host": 676,
      "nat_dport": 22,
      "hostgroup": null,
      "nat": true,
      "foreign_network": 2,
      "sport": null,
      "vlangroup": null
    }
  },
  {
    "pk": 1133,
    "model": "firewall.rule",
    "fields": {
      "r_type": "host",
      "direction": "1",
      "vlan": null,
      "description": "",
      "proto": "tcp",
      "firewall": null,
      "created_at": "2013-01-30T18:02:24Z",
      "extra": "",
      "modified_at": "2013-01-30T18:02:24Z",
      "owner": 3,
      "accept": true,
      "dport": 23038,
      "host": 676,
      "nat_dport": 3389,
      "hostgroup": null,
      "nat": true,
      "foreign_network": 2,
      "sport": null,
      "vlangroup": null
    }
  },
  {
    "pk": 1136,
    "model": "firewall.rule",
    "fields": {
      "r_type": "host",
      "direction": "1",
      "vlan": null,
      "description": "",
      "proto": "tcp",
      "firewall": null,
      "created_at": "2013-01-30T18:02:24Z",
      "extra": "",
      "modified_at": "2013-01-30T18:02:24Z",
      "owner": 5,
      "accept": true,
      "dport": 22041,
      "host": 680,
      "nat_dport": 22,
      "hostgroup": null,
      "nat": true,
      "foreign_network": 2,
      "sport": null,
      "vlangroup": null
    }
  },
  {
    "pk": 1137,
    "model": "firewall.rule",
    "fields": {
      "r_type": "host",
      "direction": "1",
      "vlan": null,
      "description": "",
      "proto": "tcp",
      "firewall": null,
      "created_at": "2013-01-30T18:02:24Z",
      "extra": "",
      "modified_at": "2013-01-30T18:02:24Z",
      "owner": 5,
      "accept": true,
      "dport": 23041,
      "host": 680,
      "nat_dport": 3389,
      "hostgroup": null,
      "nat": true,
      "foreign_network": 2,
      "sport": null,
      "vlangroup": null
    }
  },
  {
    "pk": 1138,
    "model": "firewall.rule",
    "fields": {
      "r_type": "host",
      "direction": "1",
      "vlan": null,
      "description": "",
      "proto": "tcp",
      "firewall": null,
      "created_at": "2013-01-30T18:02:24Z",
      "extra": "",
      "modified_at": "2013-01-30T18:02:24Z",
      "owner": 15,
      "accept": true,
      "dport": 22045,
      "host": 684,
      "nat_dport": 22,
      "hostgroup": null,
      "nat": true,
      "foreign_network": 2,
      "sport": null,
      "vlangroup": null
    }
  },
  {
    "pk": 1139,
    "model": "firewall.rule",
    "fields": {
      "r_type": "host",
      "direction": "1",
      "vlan": null,
      "description": "",
      "proto": "tcp",
      "firewall": null,
      "created_at": "2013-01-30T18:02:24Z",
      "extra": "",
      "modified_at": "2013-01-30T18:02:24Z",
      "owner": 15,
      "accept": true,
      "dport": 23045,
      "host": 684,
      "nat_dport": 3389,
      "hostgroup": null,
      "nat": true,
      "foreign_network": 2,
      "sport": null,
      "vlangroup": null
    }
  },
  {
    "pk": 1140,
    "model": "firewall.rule",
    "fields": {
      "r_type": "host",
      "direction": "1",
      "vlan": null,
      "description": "",
      "proto": "tcp",
      "firewall": null,
      "created_at": "2013-01-30T18:02:24Z",
      "extra": "",
      "modified_at": "2013-01-30T18:02:24Z",
      "owner": 15,
      "accept": true,
      "dport": 22046,
      "host": 685,
      "nat_dport": 22,
      "hostgroup": null,
      "nat": true,
      "foreign_network": 2,
      "sport": null,
      "vlangroup": null
    }
  },
  {
    "pk": 1141,
    "model": "firewall.rule",
    "fields": {
      "r_type": "host",
      "direction": "1",
      "vlan": null,
      "description": "",
      "proto": "tcp",
      "firewall": null,
      "created_at": "2013-01-30T18:02:25Z",
      "extra": "",
      "modified_at": "2013-01-30T18:02:25Z",
      "owner": 15,
      "accept": true,
      "dport": 23046,
      "host": 685,
      "nat_dport": 3389,
      "hostgroup": null,
      "nat": true,
      "foreign_network": 2,
      "sport": null,
      "vlangroup": null
    }
  },
  {
    "pk": 1142,
    "model": "firewall.rule",
    "fields": {
      "r_type": "host",
      "direction": "1",
      "vlan": null,
      "description": "",
      "proto": "tcp",
      "firewall": null,
      "created_at": "2013-01-30T18:02:25Z",
      "extra": "",
      "modified_at": "2013-01-30T18:02:25Z",
      "owner": 13,
      "accept": true,
      "dport": 22048,
      "host": 691,
      "nat_dport": 22,
      "hostgroup": null,
      "nat": true,
      "foreign_network": 2,
      "sport": null,
      "vlangroup": null
    }
  },
  {
    "pk": 1143,
    "model": "firewall.rule",
    "fields": {
      "r_type": "host",
      "direction": "1",
      "vlan": null,
      "description": "",
      "proto": "tcp",
      "firewall": null,
      "created_at": "2013-01-30T18:02:25Z",
      "extra": "",
      "modified_at": "2013-01-30T18:02:25Z",
      "owner": 13,
      "accept": true,
      "dport": 23048,
      "host": 691,
      "nat_dport": 3389,
      "hostgroup": null,
      "nat": true,
      "foreign_network": 2,
      "sport": null,
      "vlangroup": null
    }
  },
  {
    "pk": 1146,
    "model": "firewall.rule",
    "fields": {
      "r_type": "host",
      "direction": "1",
      "vlan": null,
      "description": "",
      "proto": "tcp",
      "firewall": null,
      "created_at": "2013-01-30T18:02:25Z",
      "extra": "",
      "modified_at": "2013-01-30T18:02:25Z",
      "owner": 5,
      "accept": true,
      "dport": 22056,
      "host": 706,
      "nat_dport": 22,
      "hostgroup": null,
      "nat": true,
      "foreign_network": 2,
      "sport": null,
      "vlangroup": null
    }
  },
  {
    "pk": 1147,
    "model": "firewall.rule",
    "fields": {
      "r_type": "host",
      "direction": "1",
      "vlan": null,
      "description": "",
      "proto": "tcp",
      "firewall": null,
      "created_at": "2013-01-30T18:02:25Z",
      "extra": "",
      "modified_at": "2013-01-30T18:02:25Z",
      "owner": 5,
      "accept": true,
      "dport": 23056,
      "host": 706,
      "nat_dport": 3389,
      "hostgroup": null,
      "nat": true,
      "foreign_network": 2,
      "sport": null,
      "vlangroup": null
    }
  },
  {
    "pk": 1148,
    "model": "firewall.rule",
    "fields": {
      "r_type": "host",
      "direction": "1",
      "vlan": null,
      "description": "",
      "proto": "tcp",
      "firewall": null,
      "created_at": "2013-01-30T18:02:25Z",
      "extra": "",
      "modified_at": "2013-01-30T18:02:25Z",
      "owner": 13,
      "accept": true,
      "dport": 22059,
      "host": 712,
      "nat_dport": 22,
      "hostgroup": null,
      "nat": true,
      "foreign_network": 2,
      "sport": null,
      "vlangroup": null
    }
  },
  {
    "pk": 1149,
    "model": "firewall.rule",
    "fields": {
      "r_type": "host",
      "direction": "1",
      "vlan": null,
      "description": "",
      "proto": "tcp",
      "firewall": null,
      "created_at": "2013-01-30T18:02:25Z",
      "extra": "",
      "modified_at": "2013-01-30T18:02:25Z",
      "owner": 13,
      "accept": true,
      "dport": 23059,
      "host": 712,
      "nat_dport": 3389,
      "hostgroup": null,
      "nat": true,
      "foreign_network": 2,
      "sport": null,
      "vlangroup": null
    }
  },
  {
    "pk": 1150,
    "model": "firewall.rule",
    "fields": {
      "r_type": "host",
      "direction": "1",
      "vlan": null,
      "description": "",
      "proto": "tcp",
      "firewall": null,
      "created_at": "2013-01-30T18:02:25Z",
      "extra": "",
      "modified_at": "2013-01-30T18:02:25Z",
      "owner": 11,
      "accept": true,
      "dport": 22062,
      "host": 718,
      "nat_dport": 22,
      "hostgroup": null,
      "nat": true,
      "foreign_network": 2,
      "sport": null,
      "vlangroup": null
    }
  },
  {
    "pk": 1151,
    "model": "firewall.rule",
    "fields": {
      "r_type": "host",
      "direction": "1",
      "vlan": null,
      "description": "",
      "proto": "tcp",
      "firewall": null,
      "created_at": "2013-01-30T18:02:25Z",
      "extra": "",
      "modified_at": "2013-01-30T18:02:25Z",
      "owner": 11,
      "accept": true,
      "dport": 23062,
      "host": 718,
      "nat_dport": 3389,
      "hostgroup": null,
      "nat": true,
      "foreign_network": 2,
      "sport": null,
      "vlangroup": null
    }
  },
  {
    "pk": 1152,
    "model": "firewall.rule",
    "fields": {
      "r_type": "host",
      "direction": "1",
      "vlan": null,
      "description": "",
      "proto": "tcp",
      "firewall": null,
      "created_at": "2013-01-30T18:02:25Z",
      "extra": "",
      "modified_at": "2013-01-30T18:02:25Z",
      "owner": 5,
      "accept": true,
      "dport": 22063,
      "host": 719,
      "nat_dport": 22,
      "hostgroup": null,
      "nat": true,
      "foreign_network": 2,
      "sport": null,
      "vlangroup": null
    }
  },
  {
    "pk": 1153,
    "model": "firewall.rule",
    "fields": {
      "r_type": "host",
      "direction": "1",
      "vlan": null,
      "description": "",
      "proto": "tcp",
      "firewall": null,
      "created_at": "2013-01-30T18:02:25Z",
      "extra": "",
      "modified_at": "2013-01-30T18:02:25Z",
      "owner": 5,
      "accept": true,
      "dport": 23063,
      "host": 719,
      "nat_dport": 3389,
      "hostgroup": null,
      "nat": true,
      "foreign_network": 2,
      "sport": null,
      "vlangroup": null
    }
  },
  {
    "pk": 1156,
    "model": "firewall.rule",
    "fields": {
      "r_type": "host",
      "direction": "1",
      "vlan": null,
      "description": "",
      "proto": "tcp",
      "firewall": null,
      "created_at": "2013-01-30T18:02:25Z",
      "extra": "",
      "modified_at": "2013-01-30T18:02:25Z",
      "owner": 5,
      "accept": true,
      "dport": 22065,
      "host": 721,
      "nat_dport": 22,
      "hostgroup": null,
      "nat": true,
      "foreign_network": 2,
      "sport": null,
      "vlangroup": null
    }
  },
  {
    "pk": 1157,
    "model": "firewall.rule",
    "fields": {
      "r_type": "host",
      "direction": "1",
      "vlan": null,
      "description": "",
      "proto": "tcp",
      "firewall": null,
      "created_at": "2013-01-30T18:02:25Z",
      "extra": "",
      "modified_at": "2013-01-30T18:02:25Z",
      "owner": 5,
      "accept": true,
      "dport": 23065,
      "host": 721,
      "nat_dport": 3389,
      "hostgroup": null,
      "nat": true,
      "foreign_network": 2,
      "sport": null,
      "vlangroup": null
    }
  },
  {
    "pk": 1158,
    "model": "firewall.rule",
    "fields": {
      "r_type": "host",
      "direction": "0",
      "vlan": null,
      "description": "",
      "proto": null,
      "firewall": null,
      "created_at": "2013-01-30T18:18:01Z",
      "extra": "",
      "modified_at": "2013-01-30T18:18:01Z",
      "owner": 1,
      "accept": true,
      "dport": null,
      "host": null,
      "nat_dport": null,
      "hostgroup": 5,
      "nat": false,
      "foreign_network": 15,
      "sport": null,
      "vlangroup": null
    }
  },
  {
    "pk": 1159,
    "model": "firewall.rule",
    "fields": {
      "r_type": "host",
      "direction": "1",
      "vlan": null,
      "description": "",
      "proto": null,
      "firewall": null,
      "created_at": "2013-01-30T18:18:01Z",
      "extra": "",
      "modified_at": "2013-01-30T18:18:01Z",
      "owner": 1,
      "accept": true,
      "dport": null,
      "host": null,
      "nat_dport": null,
      "hostgroup": 5,
      "nat": false,
      "foreign_network": 2,
      "sport": null,
      "vlangroup": null
    }
  },
  {
    "pk": 1160,
    "model": "firewall.rule",
    "fields": {
      "r_type": "host",
      "direction": "0",
      "vlan": null,
      "description": "",
      "proto": null,
      "firewall": null,
      "created_at": "2013-01-30T18:18:34Z",
      "extra": "",
      "modified_at": "2013-01-30T18:18:34Z",
      "owner": 1,
      "accept": true,
      "dport": null,
      "host": null,
      "nat_dport": null,
      "hostgroup": 4,
      "nat": false,
      "foreign_network": 15,
      "sport": null,
      "vlangroup": null
    }
  },
  {
    "pk": 1161,
    "model": "firewall.rule",
    "fields": {
      "r_type": "host",
      "direction": "1",
      "vlan": null,
      "description": "",
      "proto": null,
      "firewall": null,
      "created_at": "2013-01-30T18:19:34Z",
      "extra": "",
      "modified_at": "2013-01-30T18:19:34Z",
      "owner": 1,
      "accept": true,
      "dport": null,
      "host": null,
      "nat_dport": null,
      "hostgroup": 2,
      "nat": false,
      "foreign_network": 18,
      "sport": null,
      "vlangroup": null
    }
  },
  {
    "pk": 1168,
    "model": "firewall.rule",
    "fields": {
      "r_type": "host",
      "direction": "1",
      "vlan": null,
      "description": "",
      "proto": "tcp",
      "firewall": null,
      "created_at": "2013-01-30T20:49:33Z",
      "extra": "",
      "modified_at": "2013-01-30T20:49:33Z",
      "owner": 5,
      "accept": true,
      "dport": 22079,
      "host": 740,
      "nat_dport": 22,
      "hostgroup": null,
      "nat": true,
      "foreign_network": 2,
      "sport": null,
      "vlangroup": null
    }
  },
  {
    "pk": 1169,
    "model": "firewall.rule",
    "fields": {
      "r_type": "host",
      "direction": "1",
      "vlan": null,
      "description": "",
      "proto": "tcp",
      "firewall": null,
      "created_at": "2013-01-30T20:49:33Z",
      "extra": "",
      "modified_at": "2013-01-30T20:49:33Z",
      "owner": 5,
      "accept": true,
      "dport": 23079,
      "host": 740,
      "nat_dport": 3389,
      "hostgroup": null,
      "nat": true,
      "foreign_network": 2,
      "sport": null,
      "vlangroup": null
    }
  },
  {
    "pk": 1170,
    "model": "firewall.rule",
    "fields": {
      "r_type": "host",
      "direction": "0",
      "vlan": null,
      "description": "",
      "proto": null,
      "firewall": null,
      "created_at": "2013-01-30T21:28:01Z",
      "extra": "",
      "modified_at": "2013-01-30T21:28:01Z",
      "owner": 1,
      "accept": true,
      "dport": null,
      "host": 7,
      "nat_dport": null,
      "hostgroup": null,
      "nat": false,
      "foreign_network": 5,
      "sport": null,
      "vlangroup": null
    }
  },
  {
    "pk": 1,
    "model": "firewall.vlan",
    "fields": {
      "comment": "",
      "domain": "off.ik.bme.hu",
      "dhcp_pool": "manual",
      "name": "OFF",
      "vid": 5,
      "snat_to": [
        4,
        7
      ],
      "created_at": "2013-01-27T23:00:00Z",
      "modified_at": "2013-01-30T17:19:14Z",
      "prefix6": 80,
      "prefix4": 16,
      "owner": null,
      "snat_ip": "152.66.243.160",
      "ipv4": "10.5.255.254",
      "ipv6": "2001:738:2001:4031:5:255:254:0",
      "interface": "vlan0005",
      "net6": "2001:738:2001:4031:5::",
      "net4": "10.5.0.0",
      "description": ""
    }
  },
  {
    "pk": 2,
    "model": "firewall.vlan",
    "fields": {
      "comment": "",
      "domain": "man.ik.bme.hu",
      "dhcp_pool": "10.3.3.2 10.3.3.254",
      "name": "MAN",
      "vid": 3,
      "snat_to": [
        4,
        7
      ],
      "created_at": "2013-01-27T23:00:00Z",
      "modified_at": "2013-01-30T17:06:14Z",
      "prefix6": 80,
      "prefix4": 16,
      "owner": null,
      "snat_ip": "152.66.243.160",
      "ipv4": "10.3.255.254",
      "ipv6": "2001:738:2001:4031:3:255:254:0",
      "interface": "vlan0003",
      "net6": "2001:738:2001:4031:3::",
      "net4": "10.3.0.0",
      "description": ""
    }
  },
  {
    "pk": 3,
    "model": "firewall.vlan",
    "fields": {
      "comment": "",
      "domain": "hot.ik.bme.hu",
      "dhcp_pool": "10.4.0.2 10.4.0.254",
      "name": "HOT",
      "vid": 4,
      "snat_to": [
        4,
        7
      ],
      "created_at": "2013-01-27T23:00:00Z",
      "modified_at": "2013-01-30T17:18:33Z",
      "prefix6": 80,
      "prefix4": 16,
      "owner": null,
      "snat_ip": "152.66.243.160",
      "ipv4": "10.4.255.254",
      "ipv6": "2001:738:2001:4031:4:255:254:0",
      "interface": "vlan0004",
      "net6": "2001:738:2001:4031:4::",
      "net4": "10.4.0.0",
      "description": ""
    }
  },
  {
    "pk": 4,
    "model": "firewall.vlan",
    "fields": {
      "comment": "",
      "domain": "",
      "dhcp_pool": "",
      "name": "PUB",
      "vid": 66,
      "snat_to": [],
      "created_at": "2013-01-27T23:00:00Z",
      "modified_at": "2013-01-30T17:29:14Z",
      "prefix6": 64,
      "prefix4": 24,
      "owner": null,
      "snat_ip": null,
      "ipv4": "152.66.243.160",
      "ipv6": "2001:738:2001:4030::fffe",
      "interface": "pub",
      "net6": "2001:738:2001:4030::",
      "net4": "152.66.243.0",
      "description": ""
    }
  },
  {
    "pk": 5,
    "model": "firewall.vlan",
    "fields": {
      "comment": "",
      "domain": "vpn.ik.bme.hu",
      "dhcp_pool": "",
      "name": "VPN",
      "vid": 1,
      "snat_to": [
        4,
        5,
        7
      ],
      "created_at": "2013-01-27T23:00:00Z",
      "modified_at": "2013-01-30T17:00:58Z",
      "prefix6": 80,
      "prefix4": 16,
      "owner": null,
      "snat_ip": "152.66.243.160",
      "ipv4": "10.1.255.254",
      "ipv6": "2001:738:2001:4031:1:255:254:0",
      "interface": "vpn",
      "net6": "2001:738:2001:4031:1::",
      "net4": "10.1.0.0",
      "description": ""
    }
  },
  {
    "pk": 6,
    "model": "firewall.vlan",
    "fields": {
      "comment": "",
      "domain": "cloud.ik.bme.hu",
      "dhcp_pool": "manual",
      "name": "DMZ",
      "vid": 2,
      "snat_to": [],
      "created_at": "2013-01-27T23:00:00Z",
      "modified_at": "2013-01-30T17:03:58Z",
      "prefix6": 80,
      "prefix4": 16,
      "owner": null,
      "snat_ip": null,
      "ipv4": "10.2.255.254",
      "ipv6": "2001:738:2001:4031:2:255:254:0",
      "interface": "vlan0002",
      "net6": "2001:738:2001:4031:2::",
      "net4": "10.2.0.0",
      "description": ""
    }
  },
  {
    "pk": 7,
    "model": "firewall.vlan",
    "fields": {
      "comment": "",
      "domain": "cloud.ik.bme.hu",
      "dhcp_pool": "manual",
      "name": "WAR",
      "vid": 6,
      "snat_to": [],
      "created_at": "2013-01-27T23:00:00Z",
      "modified_at": "2013-01-30T17:19:48Z",
      "prefix6": 80,
      "prefix4": 26,
      "owner": null,
      "snat_ip": null,
      "ipv4": "152.66.243.126",
      "ipv6": "2001:738:2001:4031:66:243:126:0",
      "interface": "vlan0006",
      "net6": "2001:738:2001:4031:66::",
      "net4": "152.66.243.64",
      "description": ""
    }
  },
  {
    "pk": 8,
    "model": "firewall.vlan",
    "fields": {
      "comment": "",
      "domain": "lab.ik.bme.hu",
      "dhcp_pool": "10.7.0.2 10.7.0.254",
      "name": "LAB",
      "vid": 7,
      "snat_to": [
        4,
        7
      ],
      "created_at": "2013-01-27T23:00:00Z",
      "modified_at": "2013-01-30T17:20:55Z",
      "prefix6": 80,
      "prefix4": 16,
      "owner": null,
      "snat_ip": "152.66.243.160",
      "ipv4": "10.7.255.254",
      "ipv6": "2001:738:2001:4031:7:255:254:0",
      "interface": "vlan0007",
      "net6": "2001:738:2001:4031:7::",
      "net4": "10.7.0.0",
      "description": ""
    }
  },
  {
    "pk": 9,
    "model": "firewall.vlan",
    "fields": {
      "comment": "",
      "domain": "",
      "dhcp_pool": "",
      "name": "WOLF",
      "vid": 8,
      "snat_to": [],
      "created_at": "2013-01-27T23:00:00Z",
      "modified_at": "2013-01-27T23:00:00Z",
      "prefix6": 80,
      "prefix4": 24,
      "owner": null,
      "snat_ip": null,
      "ipv4": "10.0.0.247",
      "ipv6": "2001:738:2001:4031:8:0:247:0",
      "interface": "vlan0008",
      "net6": "2001:738:2001:4031:8::",
      "net4": "10.0.0.0",
      "description": "Ketler office h\u00e1l\u00f3zata a nyomtat\u00f3 miatt (a M\u00e1t\u00e9 erre azt k\u00e9rdezte, hogy a nyomtat\u00f3 miatt az \u00f6v\u00e9?)"
    }
  },
  {
    "pk": 10,
    "model": "firewall.vlan",
    "fields": {
      "comment": "",
      "domain": "vm-net.ik.bme.hu",
      "dhcp_pool": "manual",
      "name": "VM-NET",
      "vid": 9,
      "snat_to": [
        4,
        7,
        10
      ],
      "created_at": "2013-01-27T23:00:00Z",
      "modified_at": "2013-01-30T17:21:36Z",
      "prefix6": 80,
      "prefix4": 16,
      "owner": null,
      "snat_ip": "152.66.243.62",
      "ipv4": "10.9.255.254",
      "ipv6": "2001:738:2001:4031:9:255:254:0",
      "interface": "vlan0009",
      "net6": "2001:738:2001:4031:9::",
      "net4": "10.9.0.0",
      "description": ""
    }
  },
  {
    "pk": 11,
    "model": "firewall.vlan",
    "fields": {
      "comment": "",
      "domain": "",
      "dhcp_pool": "",
      "name": "WAR2",
      "vid": 10,
      "snat_to": [],
      "created_at": "2013-01-27T23:00:00Z",
      "modified_at": "2013-01-30T17:22:27Z",
      "prefix6": 80,
      "prefix4": 27,
      "owner": null,
      "snat_ip": null,
      "ipv4": "152.66.243.166",
      "ipv6": "2001:738:2001:4031:10:255:254:0",
      "interface": "vlan0010",
      "net6": "2001:738:2001:4031:10::",
      "net4": "152.66.243.160",
      "description": "mozdonyok"
    }
  },
  {
    "pk": 12,
    "model": "firewall.vlan",
    "fields": {
      "comment": "",
      "domain": "",
      "dhcp_pool": "",
      "name": "OFF2",
      "vid": 11,
      "snat_to": [
        4,
        7
      ],
      "created_at": "2013-01-27T23:00:00Z",
      "modified_at": "2013-01-30T17:28:15Z",
      "prefix6": 80,
      "prefix4": 16,
      "owner": null,
      "snat_ip": "152.66.243.160",
      "ipv4": "10.11.255.254",
      "ipv6": "2001:738:2001:4031:11:255:254:0",
      "interface": "vlan0011",
      "net6": "2001:738:2001:4031:11::",
      "net4": "10.11.0.0",
      "description": ""
    }
  },
  {
    "pk": 1,
    "model": "firewall.vlangroup",
    "fields": {
      "name": "minden",
      "created_at": "2013-01-30T16:45:41Z",
      "modified_at": "2013-01-30T16:45:41Z",
      "owner": 1,
      "vlans": [
        1,
        2,
        3,
        4,
        5,
        6,
        7,
        8,
        9,
        10,
        11,
        12
      ],
      "description": ""
    }
  },
  {
    "pk": 2,
    "model": "firewall.vlangroup",
    "fields": {
      "name": "publikus",
      "created_at": "2013-01-30T16:46:19Z",
      "modified_at": "2013-01-30T16:46:23Z",
      "owner": 1,
      "vlans": [
        2,
        3,
        4,
        6,
        7,
        8,
        10,
        11,
        12
      ],
      "description": ""
    }
  },
  {
    "pk": 3,
    "model": "firewall.vlangroup",
    "fields": {
      "name": "semmi",
      "created_at": "2013-01-30T16:46:30Z",
      "modified_at": "2013-01-30T16:46:30Z",
      "owner": 1,
      "vlans": [],
      "description": ""
    }
  },
  {
    "pk": 4,
    "model": "firewall.vlangroup",
    "fields": {
      "name": "war",
      "created_at": "2013-01-30T16:52:56Z",
      "modified_at": "2013-01-30T16:52:56Z",
      "owner": 1,
      "vlans": [
        7
      ],
      "description": ""
    }
  },
  {
    "pk": 5,
    "model": "firewall.vlangroup",
    "fields": {
      "name": "man",
      "created_at": "2013-01-30T16:54:27Z",
      "modified_at": "2013-01-30T16:54:27Z",
      "owner": 1,
      "vlans": [
        2
      ],
      "description": ""
    }
  },
  {
    "pk": 6,
    "model": "firewall.vlangroup",
    "fields": {
      "name": "belso labak",
      "created_at": "2013-01-30T16:55:09Z",
      "modified_at": "2013-01-30T16:55:09Z",
      "owner": 1,
      "vlans": [
        1,
        2,
        3,
        5,
        6,
        7,
        8,
        10,
        12
      ],
      "description": ""
    }
  },
  {
    "pk": 7,
    "model": "firewall.vlangroup",
    "fields": {
      "name": "dmz",
      "created_at": "2013-01-30T17:01:59Z",
      "modified_at": "2013-01-30T17:01:59Z",
      "owner": 1,
      "vlans": [
        6
      ],
      "description": ""
    }
  },
  {
    "pk": 8,
    "model": "firewall.vlangroup",
    "fields": {
      "name": "vpnrol elerh. vlanok",
      "created_at": "2013-01-30T17:17:13Z",
      "modified_at": "2013-01-30T17:17:13Z",
      "owner": 1,
      "vlans": [
        3,
        4,
        5,
        6,
        7,
        8,
        10,
        11,
        12
      ],
      "description": ""
    }
  },
  {
    "pk": 9,
    "model": "firewall.vlangroup",
    "fields": {
      "name": "hotrol elerh vlanok",
      "created_at": "2013-01-30T17:18:27Z",
      "modified_at": "2013-01-30T17:18:27Z",
      "owner": 1,
      "vlans": [
        3,
        4
      ],
      "description": ""
    }
  },
  {
    "pk": 10,
    "model": "firewall.vlangroup",
    "fields": {
      "name": "labrol elerh. vlanok",
      "created_at": "2013-01-30T17:20:45Z",
      "modified_at": "2013-01-30T17:20:45Z",
      "owner": 1,
      "vlans": [
        4,
        8
      ],
      "description": ""
    }
  },
  {
    "pk": 11,
    "model": "firewall.vlangroup",
    "fields": {
      "name": "vm-net",
      "created_at": "2013-01-30T17:21:29Z",
      "modified_at": "2013-01-30T17:21:29Z",
      "owner": 1,
      "vlans": [
        10
      ],
      "description": ""
    }
  },
  {
    "pk": 12,
    "model": "firewall.vlangroup",
    "fields": {
      "name": "war2rol elerh.vlano",
      "created_at": "2013-01-30T17:22:18Z",
      "modified_at": "2013-01-30T17:22:18Z",
      "owner": 1,
      "vlans": [
        4,
        11
      ],
      "description": ""
    }
  },
  {
    "pk": 13,
    "model": "firewall.vlangroup",
    "fields": {
      "name": "off2",
      "created_at": "2013-01-30T17:28:05Z",
      "modified_at": "2013-01-30T17:28:05Z",
      "owner": 1,
      "vlans": [
        12
      ],
      "description": ""
    }
  },
  {
    "pk": 14,
    "model": "firewall.vlangroup",
    "fields": {
      "name": "pubrol elerh. vlanok",
      "created_at": "2013-01-30T17:29:03Z",
      "modified_at": "2013-01-30T17:29:03Z",
      "owner": 1,
      "vlans": [
        4,
        11
      ],
      "description": ""
    }
  },
  {
    "pk": 15,
    "model": "firewall.vlangroup",
    "fields": {
      "name": "pub",
      "created_at": "2013-01-30T18:04:44Z",
      "modified_at": "2013-01-30T18:04:44Z",
      "owner": 1,
      "vlans": [
        4
      ],
      "description": ""
    }
  },
  {
    "pk": 16,
    "model": "firewall.vlangroup",
    "fields": {
      "name": "wolf",
      "created_at": "2013-01-30T18:07:01Z",
      "modified_at": "2013-01-30T18:07:01Z",
      "owner": 1,
      "vlans": [
        9
      ],
      "description": ""
    }
  },
  {
    "pk": 17,
    "model": "firewall.vlangroup",
    "fields": {
      "name": "hot",
      "created_at": "2013-01-30T18:11:38Z",
      "modified_at": "2013-01-30T18:11:38Z",
      "owner": 1,
      "vlans": [
        3
      ],
      "description": ""
    }
  },
  {
    "pk": 18,
    "model": "firewall.vlangroup",
    "fields": {
      "name": "vpn",
      "created_at": "2013-01-30T18:19:27Z",
      "modified_at": "2013-01-30T18:19:27Z",
      "owner": 1,
      "vlans": [
        5
      ],
      "description": ""
    }
  },
  {
    "pk": 1,
    "model": "firewall.group",
    "fields": {
      "owner": 1,
      "created_at": "2013-01-27T23:00:00Z",
      "modified_at": "2013-01-30T18:20:03Z",
      "name": "irodai gep",
      "description": ""
    }
  },
  {
    "pk": 2,
    "model": "firewall.group",
    "fields": {
      "owner": 1,
      "created_at": "2013-01-27T23:00:00Z",
      "modified_at": "2013-01-30T18:19:54Z",
      "name": "vpnrol elerheto",
      "description": ""
    }
  },
  {
    "pk": 3,
    "model": "firewall.group",
    "fields": {
      "owner": 1,
      "created_at": "2013-01-27T23:00:00Z",
      "modified_at": "2013-01-30T18:19:01Z",
      "name": "irodai telefon",
      "description": ""
    }
  },
  {
    "pk": 4,
    "model": "firewall.group",
    "fields": {
      "owner": 1,
      "created_at": "2013-01-27T23:00:00Z",
      "modified_at": "2013-01-30T18:18:45Z",
      "name": "netezhet",
      "description": ""
    }
  },
  {
    "pk": 5,
    "model": "firewall.group",
    "fields": {
      "owner": 1,
      "created_at": "2013-01-27T23:00:00Z",
      "modified_at": "2013-01-30T18:18:08Z",
      "name": "minden pub fele",
      "description": ""
    }
  },
  {
    "pk": 6,
    "model": "firewall.group",
    "fields": {
      "owner": 1,
      "created_at": "2013-01-27T23:00:00Z",
      "modified_at": "2013-01-30T18:17:18Z",
      "name": "mailszerver",
      "description": ""
    }
  },
  {
    "pk": 7,
    "model": "firewall.group",
    "fields": {
      "owner": 1,
      "created_at": "2013-01-27T23:00:00Z",
      "modified_at": "2013-01-30T18:17:29Z",
      "name": "mailezhet cronosra",
      "description": ""
    }
  },
  {
    "pk": 8,
    "model": "firewall.group",
    "fields": {
      "owner": 1,
      "created_at": "2013-01-30T18:08:13Z",
      "modified_at": "2013-01-30T18:08:13Z",
      "name": "webszerver",
      "description": ""
    }
  },
  {
    "pk": 9,
    "model": "firewall.group",
    "fields": {
      "owner": 1,
      "created_at": "2013-01-30T18:12:10Z",
      "modified_at": "2013-01-30T18:12:10Z",
      "name": "sshserver",
      "description": ""
    }
  },
  {
    "pk": 1,
    "model": "firewall.alias",
    "fields": {
      "owner": null,
      "alias": "felho.cloud.ik.bme.hu",
      "host": 12,
      "modified_at": "2013-01-27T23:00:00Z",
      "created_at": "2013-01-27T23:00:00Z"
    }
  },
  {
    "pk": 3,
    "model": "firewall.host",
    "fields": {
      "comment": ":(",
      "vlan": 6,
      "reverse": "",
      "created_at": "2013-01-27T23:00:00Z",
      "hostname": "backup",
      "modified_at": "2013-01-27T23:00:00Z",
      "location": "IL312/SFS/19",
      "pub_ipv4": "152.66.243.97",
      "mac": "00:17:a4:3a:56:58",
      "shared_ip": false,
      "ipv4": "10.2.0.6",
      "groups": [
        2,
        4
      ],
      "ipv6": null,
      "owner": 2,
      "description": "Erre a gepre lehet backupolni sokat. Kivulrol nem igazan latszik, hanem dmz-off-vpn felol inkabb."
    }
  },
  {
    "pk": 7,
    "model": "firewall.host",
    "fields": {
      "comment": "",
      "vlan": 1,
      "reverse": "",
      "created_at": "2013-01-27T23:00:00Z",
      "hostname": "bd",
      "modified_at": "2013-01-30T21:28:01Z",
      "location": "",
      "pub_ipv4": null,
      "mac": "00:13:f7:d1:b8:af",
      "shared_ip": false,
      "ipv4": "10.5.253.6",
      "groups": [
        1,
        2
      ],
      "ipv6": "2001:738:2001:4031:5:253:6:0",
      "owner": 2,
      "description": "bd gepe"
    }
  },
  {
    "pk": 8,
    "model": "firewall.host",
    "fields": {
      "comment": "saj\u00e1t g\u00e9p",
      "vlan": 1,
      "reverse": null,
      "created_at": "2013-01-27T23:00:00Z",
      "hostname": "mate",
      "modified_at": "2013-01-27T23:00:00Z",
      "location": "",
      "pub_ipv4": null,
      "mac": "64:31:50:93:4e:5d",
      "shared_ip": false,
      "ipv4": "10.5.253.5",
      "groups": [
        1,
        2
      ],
      "ipv6": "2001:738:2001:4031:5:253:5:0",
      "owner": 3,
      "description": "\u0150ry M\u00e1t\u00e9 laptopja"
    }
  },
  {
    "pk": 9,
    "model": "firewall.host",
    "fields": {
      "comment": "",
      "vlan": 1,
      "reverse": null,
      "created_at": "2013-01-27T23:00:00Z",
      "hostname": "tele8",
      "modified_at": "2013-01-27T23:00:00Z",
      "location": "",
      "pub_ipv4": null,
      "mac": "00:90:78:83:56:76",
      "shared_ip": false,
      "ipv4": "10.5.253.87",
      "groups": [
        3
      ],
      "ipv6": "2001:738:2001:4031:5:253:87:0",
      "owner": 3,
      "description": "Cziva Ricsi telefonja"
    }
  },
  {
    "pk": 10,
    "model": "firewall.host",
    "fields": {
      "comment": "",
      "vlan": 1,
      "reverse": null,
      "created_at": "2013-01-27T23:00:00Z",
      "hostname": "tele6",
      "modified_at": "2013-01-27T23:00:00Z",
      "location": "",
      "pub_ipv4": null,
      "mac": "00:18:f8:84:f9:64",
      "shared_ip": false,
      "ipv4": "10.5.253.85",
      "groups": [
        3
      ],
      "ipv6": "2001:738:2001:4031:5:253:85:0",
      "owner": 3,
      "description": "M\u00e1t\u00e9 \u00e9s bd telefonja"
    }
  },
  {
    "pk": 12,
    "model": "firewall.host",
    "fields": {
      "comment": "",
      "vlan": 6,
      "reverse": "",
      "created_at": "2013-01-27T23:00:00Z",
      "hostname": "cloud",
      "modified_at": "2013-01-30T18:33:32Z",
      "location": "",
      "pub_ipv4": "152.66.243.98",
      "mac": "b4:b5:2f:67:ef:76",
      "shared_ip": false,
      "ipv4": "10.2.0.7",
      "groups": [
        2,
        4,
        6,
        8
      ],
      "ipv6": "2001:738:2001:4031:2:0:7:0",
      "owner": 4,
      "description": "az uj fejgep"
    }
  },
  {
    "pk": 16,
    "model": "firewall.host",
    "fields": {
      "comment": "",
      "vlan": 2,
      "reverse": "",
      "created_at": "2013-01-27T23:00:00Z",
      "hostname": "blade-ilo",
      "modified_at": "2013-01-27T23:00:00Z",
      "location": "",
      "pub_ipv4": null,
      "mac": "00:18:fe:35:32:af",
      "shared_ip": false,
      "ipv4": "10.3.2.1",
      "groups": [
        2
      ],
      "ipv6": null,
      "owner": 1,
      "description": ""
    }
  },
  {
    "pk": 17,
    "model": "firewall.host",
    "fields": {
      "comment": "",
      "vlan": 2,
      "reverse": null,
      "created_at": "2013-01-27T23:00:00Z",
      "hostname": "BLADE-VCETW280200SN",
      "modified_at": "2013-01-27T23:00:00Z",
      "location": "",
      "pub_ipv4": null,
      "mac": "00:1b:78:6e:81:42",
      "shared_ip": false,
      "ipv4": "10.3.2.2",
      "groups": [],
      "ipv6": "2001:738:2001:4031:3:2:2:0",
      "owner": 1,
      "description": ""
    }
  },
  {
    "pk": 18,
    "model": "firewall.host",
    "fields": {
      "comment": "",
      "vlan": 2,
      "reverse": null,
      "created_at": "2013-01-27T23:00:00Z",
      "hostname": "BLADE-ILOGB8849B4JH",
      "modified_at": "2013-01-27T23:00:00Z",
      "location": "",
      "pub_ipv4": null,
      "mac": "00:22:64:9c:24:96",
      "shared_ip": false,
      "ipv4": "10.3.2.3",
      "groups": [],
      "ipv6": "2001:738:2001:4031:3:2:3:0",
      "owner": 1,
      "description": ""
    }
  },
  {
    "pk": 19,
    "model": "firewall.host",
    "fields": {
      "comment": "",
      "vlan": 2,
      "reverse": null,
      "created_at": "2013-01-27T23:00:00Z",
      "hostname": "BLADE-VCETW280200SK",
      "modified_at": "2013-01-27T23:00:00Z",
      "location": "",
      "pub_ipv4": null,
      "mac": "00:1b:78:6e:81:3c",
      "shared_ip": false,
      "ipv4": "10.3.2.4",
      "groups": [],
      "ipv6": "2001:738:2001:4031:3:2:4:0",
      "owner": 1,
      "description": ""
    }
  },
  {
    "pk": 20,
    "model": "firewall.host",
    "fields": {
      "comment": "",
      "vlan": 2,
      "reverse": null,
      "created_at": "2013-01-27T23:00:00Z",
      "hostname": "BLADE-ILOPZ81MP6122",
      "modified_at": "2013-01-27T23:00:00Z",
      "location": "",
      "pub_ipv4": null,
      "mac": "00:1e:0b:ec:13:58",
      "shared_ip": false,
      "ipv4": "10.3.2.5",
      "groups": [],
      "ipv6": "2001:738:2001:4031:3:2:5:0",
      "owner": 1,
      "description": ""
    }
  },
  {
    "pk": 21,
    "model": "firewall.host",
    "fields": {
      "comment": "",
      "vlan": 2,
      "reverse": null,
      "created_at": "2013-01-27T23:00:00Z",
      "hostname": "BLADE-ILOCZJ80408UH",
      "modified_at": "2013-01-27T23:00:00Z",
      "location": "",
      "pub_ipv4": null,
      "mac": "00:1e:0b:e9:66:78",
      "shared_ip": false,
      "ipv4": "10.3.2.6",
      "groups": [],
      "ipv6": "2001:738:2001:4031:3:2:6:0",
      "owner": 1,
      "description": ""
    }
  },
  {
    "pk": 22,
    "model": "firewall.host",
    "fields": {
      "comment": "",
      "vlan": 2,
      "reverse": null,
      "created_at": "2013-01-27T23:00:00Z",
      "hostname": "mega6",
      "modified_at": "2013-01-27T23:00:00Z",
      "location": "",
      "pub_ipv4": null,
      "mac": "18:a9:05:64:19:aa",
      "shared_ip": false,
      "ipv4": "10.3.1.16",
      "groups": [
        4
      ],
      "ipv6": "2001:738:2001:4031:3:1:16:0",
      "owner": 1,
      "description": ""
    }
  },
  {
    "pk": 23,
    "model": "firewall.host",
    "fields": {
      "comment": "",
      "vlan": 2,
      "reverse": null,
      "created_at": "2013-01-27T23:00:00Z",
      "hostname": "blade1",
      "modified_at": "2013-01-27T23:00:00Z",
      "location": "",
      "pub_ipv4": null,
      "mac": "00:1e:0b:e9:79:1e",
      "shared_ip": false,
      "ipv4": "10.3.1.21",
      "groups": [
        4
      ],
      "ipv6": "2001:738:2001:4031:3:1:21:0",
      "owner": 1,
      "description": ""
    }
  },
  {
    "pk": 24,
    "model": "firewall.host",
    "fields": {
      "comment": "",
      "vlan": 2,
      "reverse": null,
      "created_at": "2013-01-27T23:00:00Z",
      "hostname": "blade2",
      "modified_at": "2013-01-27T23:00:00Z",
      "location": "",
      "pub_ipv4": null,
      "mac": "00:22:64:9c:fd:34",
      "shared_ip": false,
      "ipv4": "10.3.1.22",
      "groups": [
        4
      ],
      "ipv6": "2001:738:2001:4031:3:1:22:0",
      "owner": 1,
      "description": ""
    }
  },
  {
    "pk": 25,
    "model": "firewall.host",
    "fields": {
      "comment": "",
      "vlan": 2,
      "reverse": null,
      "created_at": "2013-01-27T23:00:00Z",
      "hostname": "blade3",
      "modified_at": "2013-01-27T23:00:00Z",
      "location": "",
      "pub_ipv4": null,
      "mac": "00:1e:0b:ec:65:46",
      "shared_ip": false,
      "ipv4": "10.3.1.23",
      "groups": [
        4
      ],
      "ipv6": "2001:738:2001:4031:3:1:23:0",
      "owner": 1,
      "description": ""
    }
  },
  {
    "pk": 26,
    "model": "firewall.host",
    "fields": {
      "comment": "",
      "vlan": 2,
      "reverse": "",
      "created_at": "2013-01-27T23:00:00Z",
      "hostname": "cloud-man",
      "modified_at": "2013-01-27T23:00:00Z",
      "location": "",
      "pub_ipv4": null,
      "mac": "b4:b5:2f:61:d2:5a",
      "shared_ip": false,
      "ipv4": "10.3.1.1",
      "groups": [
        4
      ],
      "ipv6": null,
      "owner": 4,
      "description": ""
    }
  },
  {
    "pk": 27,
    "model": "firewall.host",
    "fields": {
      "comment": "",
      "vlan": 1,
      "reverse": null,
      "created_at": "2013-01-27T23:00:00Z",
      "hostname": "tarokkk-off",
      "modified_at": "2013-01-27T23:00:00Z",
      "location": "",
      "pub_ipv4": null,
      "mac": "e4:11:5b:41:64:d9",
      "shared_ip": false,
      "ipv4": "10.5.253.3",
      "groups": [
        1
      ],
      "ipv6": "2001:738:2001:4031:5:253:3:0",
      "owner": 4,
      "description": "tarokkkk laptopja"
    }
  },
  {
    "pk": 28,
    "model": "firewall.host",
    "fields": {
      "comment": "",
      "vlan": 1,
      "reverse": null,
      "created_at": "2013-01-27T23:00:00Z",
      "hostname": "tele4",
      "modified_at": "2013-01-27T23:00:00Z",
      "location": "",
      "pub_ipv4": null,
      "mac": "00:01:a8:02:2d:2f",
      "shared_ip": false,
      "ipv4": "10.5.253.83",
      "groups": [
        3
      ],
      "ipv6": "2001:738:2001:4031:5:253:83:0",
      "owner": 3,
      "description": "tarokkk iptelefonja"
    }
  },
  {
    "pk": 29,
    "model": "firewall.host",
    "fields": {
      "comment": "Admin: Bach D\u00e1niel",
      "vlan": 6,
      "reverse": "",
      "created_at": "2013-01-27T23:00:00Z",
      "hostname": "monitor",
      "modified_at": "2013-01-30T18:42:49Z",
      "location": "IL312 SFS rack",
      "pub_ipv4": "152.66.243.60",
      "mac": "00:16:35:7e:fe:df",
      "shared_ip": false,
      "ipv4": "10.2.0.9",
      "groups": [
        4,
        6,
        8,
        9
      ],
      "ipv6": "2001:738:2001:4031:2:0:9:0",
      "owner": 2,
      "description": "DNS, monitoroz\u00f3 \u00e9s egy\u00e9b t\u00edpus\u00fa szerver"
    }
  },
  {
    "pk": 30,
    "model": "firewall.host",
    "fields": {
      "comment": "",
      "vlan": 2,
      "reverse": null,
      "created_at": "2013-01-27T23:00:00Z",
      "hostname": "mega5",
      "modified_at": "2013-01-27T23:00:00Z",
      "location": "",
      "pub_ipv4": null,
      "mac": "18:a9:05:61:fc:be",
      "shared_ip": false,
      "ipv4": "10.3.1.15",
      "groups": [
        2,
        4
      ],
      "ipv6": "2001:738:2001:4031:3:1:15:0",
      "owner": 1,
      "description": ""
    }
  },
  {
    "pk": 34,
    "model": "firewall.host",
    "fields": {
      "comment": "",
      "vlan": 6,
      "reverse": "",
      "created_at": "2013-01-27T23:00:00Z",
      "hostname": "malac",
      "modified_at": "2013-01-30T17:03:59Z",
      "location": "IL312 asztal alatt",
      "pub_ipv4": null,
      "mac": "08:00:20:9b:cf:9f",
      "shared_ip": false,
      "ipv4": "10.2.0.99",
      "groups": [
        4
      ],
      "ipv6": "2001:738:2001:4031:2:0:99:0",
      "owner": 2,
      "description": "\u00d6reg sun vas pr\u00f3ba-solarisszal"
    }
  },
  {
    "pk": 35,
    "model": "firewall.host",
    "fields": {
      "comment": "",
      "vlan": 2,
      "reverse": null,
      "created_at": "2013-01-27T23:00:00Z",
      "hostname": "mega5-ilo",
      "modified_at": "2013-01-27T23:00:00Z",
      "location": "",
      "pub_ipv4": null,
      "mac": "18:a9:05:61:fc:c6",
      "shared_ip": false,
      "ipv4": "10.3.2.15",
      "groups": [
        2
      ],
      "ipv6": "2001:738:2001:4031:3:2:15:0",
      "owner": 1,
      "description": ""
    }
  },
  {
    "pk": 36,
    "model": "firewall.host",
    "fields": {
      "comment": "",
      "vlan": 2,
      "reverse": null,
      "created_at": "2013-01-27T23:00:00Z",
      "hostname": "mega6-ilo",
      "modified_at": "2013-01-27T23:00:00Z",
      "location": "",
      "pub_ipv4": null,
      "mac": "18:a9:05:64:19:b2",
      "shared_ip": false,
      "ipv4": "10.3.2.16",
      "groups": [],
      "ipv6": "2001:738:2001:4031:3:2:16:0",
      "owner": 1,
      "description": ""
    }
  },
  {
    "pk": 37,
    "model": "firewall.host",
    "fields": {
      "comment": "",
      "vlan": 2,
      "reverse": "",
      "created_at": "2013-01-27T23:00:00Z",
      "hostname": "cloud-ilo",
      "modified_at": "2013-01-27T23:00:00Z",
      "location": "",
      "pub_ipv4": null,
      "mac": "b4:b5:2f:61:63:ff",
      "shared_ip": false,
      "ipv4": "10.3.2.10",
      "groups": [],
      "ipv6": null,
      "owner": 4,
      "description": ""
    }
  },
  {
    "pk": 38,
    "model": "firewall.host",
    "fields": {
      "comment": "",
      "vlan": 2,
      "reverse": "",
      "created_at": "2013-01-27T23:00:00Z",
      "hostname": "monitor-ilo",
      "modified_at": "2013-01-27T23:00:00Z",
      "location": "",
      "pub_ipv4": null,
      "mac": "00:16:35:7e:fe:dc",
      "shared_ip": false,
      "ipv4": "10.3.2.21",
      "groups": [
        2
      ],
      "ipv6": null,
      "owner": 2,
      "description": ""
    }
  },
  {
    "pk": 39,
    "model": "firewall.host",
    "fields": {
      "comment": "",
      "vlan": 2,
      "reverse": "",
      "created_at": "2013-01-27T23:00:00Z",
      "hostname": "backup-ilo",
      "modified_at": "2013-01-27T23:00:00Z",
      "location": "",
      "pub_ipv4": null,
      "mac": "00:17:a4:37:54:7c",
      "shared_ip": false,
      "ipv4": "10.3.2.22",
      "groups": [
        2
      ],
      "ipv6": null,
      "owner": 2,
      "description": ""
    }
  },
  {
    "pk": 105,
    "model": "firewall.host",
    "fields": {
      "comment": "",
      "vlan": 1,
      "reverse": null,
      "created_at": "2013-01-27T23:00:00Z",
      "hostname": "laborteszt",
      "modified_at": "2013-01-27T23:00:00Z",
      "location": "",
      "pub_ipv4": null,
      "mac": "c8:60:00:ca:bb:47",
      "shared_ip": false,
      "ipv4": "10.5.253.10",
      "groups": [
        1
      ],
      "ipv6": "2001:738:2001:4031:5:253:10:0",
      "owner": 4,
      "description": "adjatok akkountot tipusu gep"
    }
  },
  {
    "pk": 299,
    "model": "firewall.host",
    "fields": {
      "comment": "Admin: \u0150ry M\u00e1t\u00e9",
      "vlan": 6,
      "reverse": "",
      "created_at": "2013-01-27T23:00:00Z",
      "hostname": "pbx2",
      "modified_at": "2013-01-30T17:04:15Z",
      "location": "",
      "pub_ipv4": "152.66.243.63",
      "mac": "00:1f:c6:38:43:5c",
      "shared_ip": false,
      "ipv4": "10.2.0.4",
      "groups": [
        4,
        6
      ],
      "ipv6": null,
      "owner": 3,
      "description": "VOIP szerver"
    }
  },
  {
    "pk": 300,
    "model": "firewall.host",
    "fields": {
      "comment": "",
      "vlan": 1,
      "reverse": null,
      "created_at": "2013-01-27T23:00:00Z",
      "hostname": "tele3",
      "modified_at": "2013-01-27T23:00:00Z",
      "location": "",
      "pub_ipv4": null,
      "mac": "00:90:78:83:56:72",
      "shared_ip": false,
      "ipv4": "10.5.253.82",
      "groups": [
        3
      ],
      "ipv6": "2001:738:2001:4031:5:253:82:0",
      "owner": 3,
      "description": "Ny\u00edri G\u00e1bor iptelefonja"
    }
  },
  {
    "pk": 303,
    "model": "firewall.host",
    "fields": {
      "comment": "",
      "vlan": 1,
      "reverse": null,
      "created_at": "2013-01-27T23:00:00Z",
      "hostname": "tele7",
      "modified_at": "2013-01-27T23:00:00Z",
      "location": "IL312",
      "pub_ipv4": null,
      "mac": "00:90:78:83:56:75",
      "shared_ip": false,
      "ipv4": "10.5.253.86",
      "groups": [
        3
      ],
      "ipv6": "2001:738:2001:4031:5:253:86:0",
      "owner": 3,
      "description": "konyha \u00e9s IL306 iptelefon"
    }
  },
  {
    "pk": 304,
    "model": "firewall.host",
    "fields": {
      "comment": "",
      "vlan": 1,
      "reverse": null,
      "created_at": "2013-01-27T23:00:00Z",
      "hostname": "tele2",
      "modified_at": "2013-01-27T23:00:00Z",
      "location": "az asztal\u00e1n XDDDD",
      "pub_ipv4": null,
      "mac": "00:01:a8:02:2d:40",
      "shared_ip": false,
      "ipv4": "10.5.253.81",
      "groups": [
        3
      ],
      "ipv6": "2001:738:2001:4031:5:253:81:0",
      "owner": 3,
      "description": "K\u00e1polnai Rich\u00e1rd iptelefonja"
    }
  },
  {
    "pk": 305,
    "model": "firewall.host",
    "fields": {
      "comment": "",
      "vlan": 1,
      "reverse": null,
      "created_at": "2013-01-27T23:00:00Z",
      "hostname": "tele5",
      "modified_at": "2013-01-27T23:00:00Z",
      "location": "",
      "pub_ipv4": null,
      "mac": "00:01:a8:02:2d:47",
      "shared_ip": false,
      "ipv4": "10.5.253.84",
      "groups": [
        3
      ],
      "ipv6": "2001:738:2001:4031:5:253:84:0",
      "owner": 3,
      "description": "L212 iptelefon"
    }
  },
  {
    "pk": 491,
    "model": "firewall.host",
    "fields": {
      "comment": "",
      "vlan": 7,
      "reverse": "se.hpc.iit.bme.hu",
      "created_at": "2013-01-27T23:00:00Z",
      "hostname": "grid-se",
      "modified_at": "2013-01-27T23:00:00Z",
      "location": "",
      "pub_ipv4": null,
      "mac": "02:00:98:42:f3:4b",
      "shared_ip": false,
      "ipv4": "152.66.243.75",
      "groups": [
        5
      ],
      "ipv6": null,
      "owner": 5,
      "description": "cloud-os gep"
    }
  },
  {
    "pk": 492,
    "model": "firewall.host",
    "fields": {
      "comment": "",
      "vlan": 7,
      "reverse": "mon.hpc.iit.bme.hu",
      "created_at": "2013-01-27T23:00:00Z",
      "hostname": "grid-mon",
      "modified_at": "2013-01-27T23:00:00Z",
      "location": "",
      "pub_ipv4": null,
      "mac": "02:00:98:42:f3:4d",
      "shared_ip": false,
      "ipv4": "152.66.243.77",
      "groups": [
        5
      ],
      "ipv6": null,
      "owner": 5,
      "description": "cloud-os gep"
    }
  },
  {
    "pk": 493,
    "model": "firewall.host",
    "fields": {
      "comment": "",
      "vlan": 7,
      "reverse": "ce.hpc.iit.bme.hu",
      "created_at": "2013-01-27T23:00:00Z",
      "hostname": "grid-ce",
      "modified_at": "2013-01-27T23:00:00Z",
      "location": "",
      "pub_ipv4": null,
      "mac": "02:00:98:42:f3:4c",
      "shared_ip": false,
      "ipv4": "152.66.243.76",
      "groups": [
        5
      ],
      "ipv6": null,
      "owner": 5,
      "description": ""
    }
  },
  {
    "pk": 494,
    "model": "firewall.host",
    "fields": {
      "comment": "K\u00e1polnai Rich\u00e1rd adminolja",
      "vlan": 7,
      "reverse": null,
      "created_at": "2013-01-27T23:00:00Z",
      "hostname": "dps",
      "modified_at": "2013-01-27T23:00:00Z",
      "location": "cloud-os gep",
      "pub_ipv4": null,
      "mac": "02:00:98:42:f3:48",
      "shared_ip": false,
      "ipv4": "152.66.243.72",
      "groups": [
        5
      ],
      "ipv6": "2001:738:2001:4031:66:243:72:0",
      "owner": 5,
      "description": "Deklarat\u00edv Programoz\u00e1s hallgat\u00f3i shellszerver"
    }
  },
  {
    "pk": 497,
    "model": "firewall.host",
    "fields": {
      "comment": "\u00c9rintettek: Ny\u00edri G\u00e1bor (root), Schnell Henrik, Szebi stb.\r\n",
      "vlan": 7,
      "reverse": null,
      "created_at": "2013-01-27T23:00:00Z",
      "hostname": "bvp6",
      "modified_at": "2013-01-27T23:00:00Z",
      "location": "cloud-os gep",
      "pub_ipv4": null,
      "mac": "02:00:98:42:f3:50",
      "shared_ip": false,
      "ipv4": "152.66.243.80",
      "groups": [
        5
      ],
      "ipv6": "2001:738:2001:4031:66:243:80:0",
      "owner": 5,
      "description": "web2grid projektg\u00e9p (\u00e9s egyebek)\r\n"
    }
  },
  {
    "pk": 501,
    "model": "firewall.host",
    "fields": {
      "comment": "",
      "vlan": 10,
      "reverse": null,
      "created_at": "2013-01-27T23:00:00Z",
      "hostname": "Gabor_BackUp",
      "modified_at": "2013-01-30T17:46:37Z",
      "location": "",
      "pub_ipv4": "152.66.243.62",
      "mac": "02:00:0a:09:01:05",
      "shared_ip": true,
      "ipv4": "10.9.1.5",
      "groups": [
        4
      ],
      "ipv6": "2001:738:2001:4031:9:1:5:0",
      "owner": 5,
      "description": "cloud-os gep"
    }
  },
  {
    "pk": 510,
    "model": "firewall.host",
    "fields": {
      "comment": "",
      "vlan": 2,
      "reverse": null,
      "created_at": "2013-01-27T23:00:00Z",
      "hostname": "mega4",
      "modified_at": "2013-01-27T23:00:00Z",
      "location": "",
      "pub_ipv4": null,
      "mac": "b4:99:ba:aa:20:44",
      "shared_ip": false,
      "ipv4": "10.3.1.14",
      "groups": [
        2,
        4
      ],
      "ipv6": "2001:738:2001:4031:3:1:14:0",
      "owner": 2,
      "description": ""
    }
  },
  {
    "pk": 511,
    "model": "firewall.host",
    "fields": {
      "comment": "",
      "vlan": 2,
      "reverse": null,
      "created_at": "2013-01-27T23:00:00Z",
      "hostname": "mega4-ilo",
      "modified_at": "2013-01-27T23:00:00Z",
      "location": "",
      "pub_ipv4": null,
      "mac": "b4:99:ba:aa:20:46",
      "shared_ip": false,
      "ipv4": "10.3.2.14",
      "groups": [],
      "ipv6": "2001:738:2001:4031:3:2:14:0",
      "owner": 2,
      "description": ""
    }
  },
  {
    "pk": 512,
    "model": "firewall.host",
    "fields": {
      "comment": "",
      "vlan": 7,
      "reverse": "",
      "created_at": "2013-01-27T23:00:00Z",
      "hostname": "giccero",
      "modified_at": "2013-01-27T23:00:00Z",
      "location": "one-421",
      "pub_ipv4": null,
      "mac": "02:00:98:42:f3:5c",
      "shared_ip": false,
      "ipv4": "152.66.243.92",
      "groups": [
        5
      ],
      "ipv6": null,
      "owner": 5,
      "description": "Git szerver (gic cer\u00f3?)"
    }
  },
  {
    "pk": 513,
    "model": "firewall.host",
    "fields": {
      "comment": "",
      "vlan": 2,
      "reverse": null,
      "created_at": "2013-01-27T23:00:00Z",
      "hostname": "mega3",
      "modified_at": "2013-01-27T23:00:00Z",
      "location": "",
      "pub_ipv4": null,
      "mac": "b4:99:ba:aa:1b:d6",
      "shared_ip": false,
      "ipv4": "10.3.1.13",
      "groups": [
        2,
        4
      ],
      "ipv6": "2001:738:2001:4031:3:1:13:0",
      "owner": 2,
      "description": ""
    }
  },
  {
    "pk": 514,
    "model": "firewall.host",
    "fields": {
      "comment": "",
      "vlan": 2,
      "reverse": null,
      "created_at": "2013-01-27T23:00:00Z",
      "hostname": "mega3-ilo",
      "modified_at": "2013-01-27T23:00:00Z",
      "location": "",
      "pub_ipv4": null,
      "mac": "b4:99:ba:aa:1b:d5",
      "shared_ip": false,
      "ipv4": "10.3.2.13",
      "groups": [],
      "ipv6": "2001:738:2001:4031:3:2:13:0",
      "owner": 2,
      "description": ""
    }
  },
  {
    "pk": 524,
    "model": "firewall.host",
    "fields": {
      "comment": "",
      "vlan": 10,
      "reverse": null,
      "created_at": "2013-01-27T23:00:00Z",
      "hostname": "id-90_user-bd",
      "modified_at": "2013-01-27T23:00:00Z",
      "location": "",
      "pub_ipv4": "152.66.243.62",
      "mac": "02:00:0a:09:01:13",
      "shared_ip": true,
      "ipv4": "10.9.1.19",
      "groups": [
        4
      ],
      "ipv6": "2001:738:2001:4031:9:1:19:0",
      "owner": 2,
      "description": ""
    }
  },
  {
    "pk": 532,
    "model": "firewall.host",
    "fields": {
      "comment": "BD szem\u00e9lyes akkountoszt\u00f3s g\u00e9pe",
      "vlan": 7,
      "reverse": null,
      "created_at": "2013-01-27T23:00:00Z",
      "hostname": "kagylo",
      "modified_at": "2013-01-27T23:00:00Z",
      "location": "",
      "pub_ipv4": null,
      "mac": "02:00:98:42:f3:41",
      "shared_ip": false,
      "ipv4": "152.66.243.65",
      "groups": [
        5
      ],
      "ipv6": "2001:738:2001:4031:66:243:65:0",
      "owner": 5,
      "description": "cloud-os gep"
    }
  },
  {
    "pk": 535,
    "model": "firewall.host",
    "fields": {
      "comment": "",
      "vlan": 2,
      "reverse": null,
      "created_at": "2013-01-27T23:00:00Z",
      "hostname": "mega1-ilo",
      "modified_at": "2013-01-27T23:00:00Z",
      "location": "",
      "pub_ipv4": null,
      "mac": "18:a9:05:c5:67:ca",
      "shared_ip": false,
      "ipv4": "10.3.2.11",
      "groups": [
        2
      ],
      "ipv6": "2001:738:2001:4031:3:2:11:0",
      "owner": 2,
      "description": ""
    }
  },
  {
    "pk": 536,
    "model": "firewall.host",
    "fields": {
      "comment": "",
      "vlan": 2,
      "reverse": null,
      "created_at": "2013-01-27T23:00:00Z",
      "hostname": "mega1",
      "modified_at": "2013-01-27T23:00:00Z",
      "location": "",
      "pub_ipv4": null,
      "mac": "18:a9:05:c5:67:c8",
      "shared_ip": false,
      "ipv4": "10.3.1.11",
      "groups": [
        2,
        4
      ],
      "ipv6": "2001:738:2001:4031:3:1:11:0",
      "owner": 2,
      "description": ""
    }
  },
  {
    "pk": 541,
    "model": "firewall.host",
    "fields": {
      "comment": "Admin: Szeber\u00e9nyi Imre",
      "vlan": 7,
      "reverse": null,
      "created_at": "2013-01-27T23:00:00Z",
      "hostname": "ParaHead",
      "modified_at": "2013-01-27T23:00:00Z",
      "location": "cloud",
      "pub_ipv4": null,
      "mac": "02:00:98:42:f3:5a",
      "shared_ip": false,
      "ipv4": "152.66.243.90",
      "groups": [
        5
      ],
      "ipv6": "2001:738:2001:4031:66:243:90:0",
      "owner": 4,
      "description": "GridOO labor hallgat\u00f3i szerver"
    }
  },
  {
    "pk": 544,
    "model": "firewall.host",
    "fields": {
      "comment": "",
      "vlan": 2,
      "reverse": null,
      "created_at": "2013-01-27T23:00:00Z",
      "hostname": "mega2-ilo",
      "modified_at": "2013-01-27T23:00:00Z",
      "location": "",
      "pub_ipv4": null,
      "mac": "d8:d3:85:ae:f9:7a",
      "shared_ip": false,
      "ipv4": "10.3.2.12",
      "groups": [
        2
      ],
      "ipv6": "2001:738:2001:4031:3:2:12:0",
      "owner": 2,
      "description": ""
    }
  },
  {
    "pk": 545,
    "model": "firewall.host",
    "fields": {
      "comment": "",
      "vlan": 2,
      "reverse": null,
      "created_at": "2013-01-27T23:00:00Z",
      "hostname": "mega2",
      "modified_at": "2013-01-27T23:00:00Z",
      "location": "",
      "pub_ipv4": null,
      "mac": "d8:d3:85:ae:f9:78",
      "shared_ip": false,
      "ipv4": "10.3.1.12",
      "groups": [
        2,
        4
      ],
      "ipv6": "2001:738:2001:4031:3:1:12:0",
      "owner": 2,
      "description": ""
    }
  },
  {
    "pk": 546,
    "model": "firewall.host",
    "fields": {
      "comment": "",
      "vlan": 7,
      "reverse": null,
      "created_at": "2013-01-27T23:00:00Z",
      "hostname": "store",
      "modified_at": "2013-01-27T23:00:00Z",
      "location": "",
      "pub_ipv4": null,
      "mac": "02:00:98:42:f3:46",
      "shared_ip": false,
      "ipv4": "152.66.243.70",
      "groups": [
        5
      ],
      "ipv6": "2001:738:2001:4031:66:243:70:0",
      "owner": 5,
      "description": "cloud-os gep"
    }
  },
  {
    "pk": 547,
    "model": "firewall.host",
    "fields": {
      "comment": "",
      "vlan": 1,
      "reverse": null,
      "created_at": "2013-01-27T23:00:00Z",
      "hostname": "gabor",
      "modified_at": "2013-01-27T23:00:00Z",
      "location": "",
      "pub_ipv4": null,
      "mac": "00:1C:C4:C9:6C:DD",
      "shared_ip": false,
      "ipv4": "10.5.253.7",
      "groups": [
        1,
        2,
        4
      ],
      "ipv6": "2001:738:2001:4031:5:253:7:0",
      "owner": 3,
      "description": "Ny\u00edri G\u00e1bor laptopja"
    }
  },
  {
    "pk": 550,
    "model": "firewall.host",
    "fields": {
      "comment": "",
      "vlan": 7,
      "reverse": null,
      "created_at": "2013-01-27T23:00:00Z",
      "hostname": "tarokkk",
      "modified_at": "2013-01-27T23:00:00Z",
      "location": "",
      "pub_ipv4": null,
      "mac": "02:00:98:42:f3:4e",
      "shared_ip": false,
      "ipv4": "152.66.243.78",
      "groups": [
        5
      ],
      "ipv6": "2001:738:2001:4031:66:243:78:0",
      "owner": 5,
      "description": "Tarokkk anonim alkoholista szervere."
    }
  },
  {
    "pk": 551,
    "model": "firewall.host",
    "fields": {
      "comment": "",
      "vlan": 2,
      "reverse": "",
      "created_at": "2013-01-27T23:00:00Z",
      "hostname": "l3sw",
      "modified_at": "2013-01-27T23:00:00Z",
      "location": "",
      "pub_ipv4": null,
      "mac": "00:9C:02:6F:DD:80",
      "shared_ip": false,
      "ipv4": "10.3.0.2",
      "groups": [
        2
      ],
      "ipv6": null,
      "owner": 1,
      "description": "3 emeleti rackben levo hp switch "
    }
  },
  {
    "pk": 552,
    "model": "firewall.host",
    "fields": {
      "comment": "",
      "vlan": 2,
      "reverse": "",
      "created_at": "2013-01-27T23:00:00Z",
      "hostname": "l2sw",
      "modified_at": "2013-01-27T23:00:00Z",
      "location": "",
      "pub_ipv4": null,
      "mac": "00:17:08:ad:d0:40",
      "shared_ip": false,
      "ipv4": "10.3.0.7",
      "groups": [
        2
      ],
      "ipv6": null,
      "owner": 1,
      "description": "masodik emeleti rackben levo hp switch"
    }
  },
  {
    "pk": 553,
    "model": "firewall.host",
    "fields": {
      "comment": "",
      "vlan": 2,
      "reverse": "",
      "created_at": "2013-01-27T23:00:00Z",
      "hostname": "offsw",
      "modified_at": "2013-01-27T23:00:00Z",
      "location": "",
      "pub_ipv4": null,
      "mac": "00:22:6b:1d:8b:67",
      "shared_ip": false,
      "ipv4": "10.3.0.5",
      "groups": [
        2
      ],
      "ipv6": null,
      "owner": 1,
      "description": "egyteruben levo linksys switch"
    }
  },
  {
    "pk": 554,
    "model": "firewall.host",
    "fields": {
      "comment": "",
      "vlan": 2,
      "reverse": null,
      "created_at": "2013-01-27T23:00:00Z",
      "hostname": "switch2",
      "modified_at": "2013-01-27T23:00:00Z",
      "location": "",
      "pub_ipv4": null,
      "mac": "00:1e:e5:09:70:19",
      "shared_ip": false,
      "ipv4": "10.3.0.3",
      "groups": [
        2
      ],
      "ipv6": "2001:738:2001:4031:3:254:2:0",
      "owner": 1,
      "description": "harmadik emeleti rendezoben levo linksys switch (regi denes fele halozat resze volt)"
    }
  },
  {
    "pk": 555,
    "model": "firewall.host",
    "fields": {
      "comment": "",
      "vlan": 1,
      "reverse": null,
      "created_at": "2013-01-27T23:00:00Z",
      "hostname": "dudi",
      "modified_at": "2013-01-27T23:00:00Z",
      "location": "",
      "pub_ipv4": null,
      "mac": "00:1d:72:3b:64:b7",
      "shared_ip": false,
      "ipv4": "10.5.253.8",
      "groups": [
        1,
        2
      ],
      "ipv6": "2001:738:2001:4031:5:253:8:0",
      "owner": 1,
      "description": "Dud\u00e1s \u00c1d\u00e1m laptop"
    }
  },
  {
    "pk": 596,
    "model": "firewall.host",
    "fields": {
      "comment": "",
      "vlan": 7,
      "reverse": null,
      "created_at": "2013-01-27T23:00:00Z",
      "hostname": "infocpp",
      "modified_at": "2013-01-27T23:00:00Z",
      "location": "cloud",
      "pub_ipv4": null,
      "mac": "02:00:98:42:f3:43",
      "shared_ip": false,
      "ipv4": "152.66.243.67",
      "groups": [
        5
      ],
      "ipv6": "2001:738:2001:4031:66:243:67:0",
      "owner": 3,
      "description": "Prog2 t\u00e1rgyhonlap drupal"
    }
  },
  {
    "pk": 612,
    "model": "firewall.host",
    "fields": {
      "comment": "",
      "vlan": 7,
      "reverse": null,
      "created_at": "2013-01-27T23:00:00Z",
      "hostname": "zimbra",
      "modified_at": "2013-01-27T23:00:00Z",
      "location": "",
      "pub_ipv4": null,
      "mac": "02:00:98:42:f3:44",
      "shared_ip": false,
      "ipv4": "152.66.243.68",
      "groups": [
        5,
        6
      ],
      "ipv6": "2001:738:2001:4031:66:243:68:0",
      "owner": 5,
      "description": "cloud-os gep"
    }
  },
  {
    "pk": 618,
    "model": "firewall.host",
    "fields": {
      "comment": "",
      "vlan": 7,
      "reverse": null,
      "created_at": "2013-01-27T23:00:00Z",
      "hostname": "teamconcert",
      "modified_at": "2013-01-27T23:00:00Z",
      "location": "",
      "pub_ipv4": null,
      "mac": "02:00:98:42:f3:45",
      "shared_ip": false,
      "ipv4": "152.66.243.69",
      "groups": [
        5
      ],
      "ipv6": "2001:738:2001:4031:66:243:69:0",
      "owner": 4,
      "description": "TeamConcert Windows 2008 server"
    }
  },
  {
    "pk": 623,
    "model": "firewall.host",
    "fields": {
      "comment": "",
      "vlan": 7,
      "reverse": "cporta.iit.bme.hu",
      "created_at": "2013-01-27T23:00:00Z",
      "hostname": "cporta",
      "modified_at": "2013-01-27T23:00:00Z",
      "location": "",
      "pub_ipv4": null,
      "mac": "02:00:98:42:f3:51",
      "shared_ip": false,
      "ipv4": "152.66.243.81",
      "groups": [
        5,
        7
      ],
      "ipv6": "2001:738:2001:4031:66:243:81:0",
      "owner": 3,
      "description": ""
    }
  },
  {
    "pk": 629,
    "model": "firewall.host",
    "fields": {
      "comment": "Adminolja: K\u00e1polnai Rich\u00e1rd, Szeredi P\u00e9ter",
      "vlan": 7,
      "reverse": "dp.iit.bme.hu",
      "created_at": "2013-01-27T23:00:00Z",
      "hostname": "dp",
      "modified_at": "2013-01-27T23:00:00Z",
      "location": "cloudos g\u00e9p",
      "pub_ipv4": null,
      "mac": "02:00:98:42:f3:47",
      "shared_ip": false,
      "ipv4": "152.66.243.71",
      "groups": [
        5,
        7
      ],
      "ipv6": null,
      "owner": 5,
      "description": "Deklarat\u00edv Programoz\u00e1s, ETS szerver (f\u0151leg web)"
    }
  },
  {
    "pk": 630,
    "model": "firewall.host",
    "fields": {
      "comment": "",
      "vlan": 7,
      "reverse": "ui.hpc.iit.bme.hu",
      "created_at": "2013-01-27T23:00:00Z",
      "hostname": "ui",
      "modified_at": "2013-01-27T23:00:00Z",
      "location": "",
      "pub_ipv4": null,
      "mac": "02:00:98:42:f3:49",
      "shared_ip": false,
      "ipv4": "152.66.243.73",
      "groups": [
        5,
        7
      ],
      "ipv6": "2001:738:2001:4031:66:243:73:0",
      "owner": 5,
      "description": "cloud-os gep"
    }
  },
  {
    "pk": 631,
    "model": "firewall.host",
    "fields": {
      "comment": "",
      "vlan": 7,
      "reverse": "vers.iit.bme.hu",
      "created_at": "2013-01-27T23:00:00Z",
      "hostname": "vers",
      "modified_at": "2013-01-27T23:00:00Z",
      "location": "",
      "pub_ipv4": null,
      "mac": "02:00:98:42:f3:4a",
      "shared_ip": false,
      "ipv4": "152.66.243.74",
      "groups": [
        5,
        7
      ],
      "ipv6": "2001:738:2001:4031:66:243:74:0",
      "owner": 5,
      "description": "cloud-os gep"
    }
  },
  {
    "pk": 635,
    "model": "firewall.host",
    "fields": {
      "comment": "",
      "vlan": 10,
      "reverse": null,
      "created_at": "2013-01-27T23:00:00Z",
      "hostname": "id-145_user-test",
      "modified_at": "2013-01-27T23:00:00Z",
      "location": "",
      "pub_ipv4": "152.66.243.62",
      "mac": "02:00:0a:09:01:06",
      "shared_ip": true,
      "ipv4": "10.9.1.6",
      "groups": [
        4
      ],
      "ipv6": "2001:738:2001:4031:9:1:6:0",
      "owner": 7,
      "description": ""
    }
  },
  {
    "pk": 640,
    "model": "firewall.host",
    "fields": {
      "comment": "Migr\u00e1lva r\u00e9gi cloudr\u00f3l: 2013-01-22",
      "vlan": 10,
      "reverse": null,
      "created_at": "2013-01-27T23:00:00Z",
      "hostname": "id-708-Hanak-Windows7",
      "modified_at": "2013-01-27T23:00:00Z",
      "location": "cloud-os gep",
      "pub_ipv4": "152.66.243.62",
      "mac": "02:00:0a:09:01:09",
      "shared_ip": true,
      "ipv4": "10.9.1.9",
      "groups": [
        4
      ],
      "ipv6": "2001:738:2001:4031:9:1:9:0",
      "owner": 5,
      "description": "Han\u00e1k P\u00e9ter win7 g\u00e9pe"
    }
  },
  {
    "pk": 645,
    "model": "firewall.host",
    "fields": {
      "comment": "",
      "vlan": 1,
      "reverse": null,
      "created_at": "2013-01-27T23:00:00Z",
      "hostname": "lennon",
      "modified_at": "2013-01-27T23:00:00Z",
      "location": "",
      "pub_ipv4": null,
      "mac": "a4:ba:db:d7:96:4c",
      "shared_ip": false,
      "ipv4": "10.5.253.11",
      "groups": [
        1
      ],
      "ipv6": "2001:738:2001:4031:5:253:11:0",
      "owner": 6,
      "description": "lennon laptopja"
    }
  },
  {
    "pk": 650,
    "model": "firewall.host",
    "fields": {
      "comment": "",
      "vlan": 10,
      "reverse": null,
      "created_at": "2013-01-27T23:00:00Z",
      "hostname": "id-158_user-K7YLW5",
      "modified_at": "2013-01-27T23:00:00Z",
      "location": "",
      "pub_ipv4": "152.66.243.62",
      "mac": "02:00:0a:09:01:0f",
      "shared_ip": true,
      "ipv4": "10.9.1.15",
      "groups": [
        4
      ],
      "ipv6": "2001:738:2001:4031:9:1:15:0",
      "owner": 14,
      "description": ""
    }
  },
  {
    "pk": 657,
    "model": "firewall.host",
    "fields": {
      "comment": "",
      "vlan": 10,
      "reverse": null,
      "created_at": "2013-01-27T23:00:00Z",
      "hostname": "id-165_user-K2JL24",
      "modified_at": "2013-01-27T23:00:00Z",
      "location": "",
      "pub_ipv4": "152.66.243.62",
      "mac": "02:00:0a:09:01:15",
      "shared_ip": true,
      "ipv4": "10.9.1.21",
      "groups": [
        4
      ],
      "ipv6": "2001:738:2001:4031:9:1:21:0",
      "owner": 11,
      "description": ""
    }
  },
  {
    "pk": 664,
    "model": "firewall.host",
    "fields": {
      "comment": "",
      "vlan": 10,
      "reverse": null,
      "created_at": "2013-01-27T23:00:00Z",
      "hostname": "id-166_user-TFDAZ6",
      "modified_at": "2013-01-27T23:00:00Z",
      "location": "",
      "pub_ipv4": "152.66.243.62",
      "mac": "02:00:0a:09:01:1a",
      "shared_ip": true,
      "ipv4": "10.9.1.26",
      "groups": [
        4
      ],
      "ipv6": "2001:738:2001:4031:9:1:26:0",
      "owner": 13,
      "description": ""
    }
  },
  {
    "pk": 665,
    "model": "firewall.host",
    "fields": {
      "comment": "",
      "vlan": 10,
      "reverse": null,
      "created_at": "2013-01-27T23:00:00Z",
      "hostname": "id-167_user-TFDAZ6",
      "modified_at": "2013-01-27T23:00:00Z",
      "location": "",
      "pub_ipv4": "152.66.243.62",
      "mac": "02:00:0a:09:01:1b",
      "shared_ip": true,
      "ipv4": "10.9.1.27",
      "groups": [
        4
      ],
      "ipv6": "2001:738:2001:4031:9:1:27:0",
      "owner": 13,
      "description": ""
    }
  },
  {
    "pk": 667,
    "model": "firewall.host",
    "fields": {
      "comment": "",
      "vlan": 10,
      "reverse": null,
      "created_at": "2013-01-27T23:00:00Z",
      "hostname": "id-169_user-TFDAZ6",
      "modified_at": "2013-01-27T23:00:00Z",
      "location": "",
      "pub_ipv4": "152.66.243.62",
      "mac": "02:00:0a:09:01:1d",
      "shared_ip": true,
      "ipv4": "10.9.1.29",
      "groups": [
        4
      ],
      "ipv6": "2001:738:2001:4031:9:1:29:0",
      "owner": 13,
      "description": ""
    }
  },
  {
    "pk": 675,
    "model": "firewall.host",
    "fields": {
      "comment": "",
      "vlan": 10,
      "reverse": null,
      "created_at": "2013-01-27T23:00:00Z",
      "hostname": "id-178_user-TFDAZ6",
      "modified_at": "2013-01-27T23:00:00Z",
      "location": "",
      "pub_ipv4": "152.66.243.62",
      "mac": "02:00:0a:09:01:25",
      "shared_ip": true,
      "ipv4": "10.9.1.37",
      "groups": [
        4
      ],
      "ipv6": null,
      "owner": 13,
      "description": ""
    }
  },
  {
    "pk": 676,
    "model": "firewall.host",
    "fields": {
      "comment": "",
      "vlan": 10,
      "reverse": "",
      "created_at": "2013-01-27T23:00:00Z",
      "hostname": "devenv-mate",
      "modified_at": "2013-01-27T23:00:00Z",
      "location": "",
      "pub_ipv4": "152.66.243.62",
      "mac": "02:00:0a:09:01:26",
      "shared_ip": true,
      "ipv4": "10.9.1.38",
      "groups": [
        4
      ],
      "ipv6": null,
      "owner": 3,
      "description": "cloud-os gep"
    }
  },
  {
    "pk": 680,
    "model": "firewall.host",
    "fields": {
      "comment": "",
      "vlan": 10,
      "reverse": "",
      "created_at": "2013-01-27T23:00:00Z",
      "hostname": "devenv-bd",
      "modified_at": "2013-01-27T23:00:00Z",
      "location": "",
      "pub_ipv4": "152.66.243.62",
      "mac": "02:00:0a:09:01:29",
      "shared_ip": true,
      "ipv4": "10.9.1.41",
      "groups": [
        4
      ],
      "ipv6": null,
      "owner": 5,
      "description": "cloud-os gep"
    }
  },
  {
    "pk": 684,
    "model": "firewall.host",
    "fields": {
      "comment": "",
      "vlan": 10,
      "reverse": null,
      "created_at": "2013-01-27T23:00:00Z",
      "hostname": "id-182_user-UYD1S5",
      "modified_at": "2013-01-27T23:00:00Z",
      "location": "",
      "pub_ipv4": "152.66.243.62",
      "mac": "02:00:0a:09:01:2d",
      "shared_ip": true,
      "ipv4": "10.9.1.45",
      "groups": [
        4
      ],
      "ipv6": null,
      "owner": 15,
      "description": ""
    }
  },
  {
    "pk": 685,
    "model": "firewall.host",
    "fields": {
      "comment": "",
      "vlan": 10,
      "reverse": null,
      "created_at": "2013-01-27T23:00:00Z",
      "hostname": "id-183_user-UYD1S5",
      "modified_at": "2013-01-27T23:00:00Z",
      "location": "",
      "pub_ipv4": "152.66.243.62",
      "mac": "02:00:0a:09:01:2e",
      "shared_ip": true,
      "ipv4": "10.9.1.46",
      "groups": [
        4
      ],
      "ipv6": null,
      "owner": 15,
      "description": ""
    }
  },
  {
    "pk": 689,
    "model": "firewall.host",
    "fields": {
      "comment": "",
      "vlan": 7,
      "reverse": "",
      "created_at": "2013-01-27T23:00:00Z",
      "hostname": "bscw",
      "modified_at": "2013-01-27T23:00:00Z",
      "location": "",
      "pub_ipv4": null,
      "mac": "02:00:98:42:f3:42",
      "shared_ip": true,
      "ipv4": "152.66.243.66",
      "groups": [
        5
      ],
      "ipv6": null,
      "owner": 5,
      "description": "cloud-os gep"
    }
  },
  {
    "pk": 691,
    "model": "firewall.host",
    "fields": {
      "comment": "",
      "vlan": 10,
      "reverse": null,
      "created_at": "2013-01-27T23:00:00Z",
      "hostname": "id-187_user-TFDAZ6",
      "modified_at": "2013-01-27T23:00:00Z",
      "location": "",
      "pub_ipv4": "152.66.243.62",
      "mac": "02:00:0a:09:01:30",
      "shared_ip": true,
      "ipv4": "10.9.1.48",
      "groups": [
        4
      ],
      "ipv6": null,
      "owner": 13,
      "description": ""
    }
  },
  {
    "pk": 706,
    "model": "firewall.host",
    "fields": {
      "comment": "",
      "vlan": 10,
      "reverse": null,
      "created_at": "2013-01-27T23:00:00Z",
      "hostname": "id-783-devenv-tarokkk",
      "modified_at": "2013-01-27T23:00:00Z",
      "location": "",
      "pub_ipv4": "152.66.243.62",
      "mac": "02:00:0a:09:01:38",
      "shared_ip": true,
      "ipv4": "10.9.1.56",
      "groups": [
        4
      ],
      "ipv6": null,
      "owner": 5,
      "description": "cloud-os gep"
    }
  },
  {
    "pk": 712,
    "model": "firewall.host",
    "fields": {
      "comment": "",
      "vlan": 10,
      "reverse": null,
      "created_at": "2013-01-27T23:00:00Z",
      "hostname": "id-203_user-TFDAZ6",
      "modified_at": "2013-01-27T23:00:00Z",
      "location": "",
      "pub_ipv4": "152.66.243.62",
      "mac": "02:00:0a:09:01:3b",
      "shared_ip": true,
      "ipv4": "10.9.1.59",
      "groups": [
        4
      ],
      "ipv6": null,
      "owner": 13,
      "description": ""
    }
  },
  {
    "pk": 718,
    "model": "firewall.host",
    "fields": {
      "comment": "",
      "vlan": 10,
      "reverse": null,
      "created_at": "2013-01-29T20:35:49Z",
      "hostname": "id-209_user-K2JL24",
      "modified_at": "2013-01-29T20:35:49Z",
      "location": "",
      "pub_ipv4": "152.66.243.62",
      "mac": "02:00:0a:09:01:3e",
      "shared_ip": true,
      "ipv4": "10.9.1.62",
      "groups": [
        4
      ],
      "ipv6": null,
      "owner": 11,
      "description": ""
    }
  },
  {
    "pk": 719,
    "model": "firewall.host",
    "fields": {
      "comment": "",
      "vlan": 10,
      "reverse": null,
      "created_at": "2013-01-30T12:43:01Z",
      "hostname": "id-797-devenv-lennon",
      "modified_at": "2013-01-30T12:43:01Z",
      "location": "",
      "pub_ipv4": "152.66.243.62",
      "mac": "02:00:0a:09:01:3f",
      "shared_ip": true,
      "ipv4": "10.9.1.63",
      "groups": [
        4
      ],
      "ipv6": null,
      "owner": 5,
      "description": "cloud-os gep"
    }
  },
  {
    "pk": 721,
    "model": "firewall.host",
    "fields": {
      "comment": "",
      "vlan": 10,
      "reverse": null,
      "created_at": "2013-01-30T15:29:44Z",
      "hostname": "id-799-devenv-dudi",
      "modified_at": "2013-01-30T15:29:44Z",
      "location": "",
      "pub_ipv4": "152.66.243.62",
      "mac": "02:00:0a:09:01:41",
      "shared_ip": true,
      "ipv4": "10.9.1.65",
      "groups": [
        4
      ],
      "ipv6": null,
      "owner": 5,
      "description": "cloud-os gep"
    }
  },
  {
    "pk": 740,
    "model": "firewall.host",
    "fields": {
      "comment": "",
      "vlan": 10,
      "reverse": null,
      "created_at": "2013-01-30T20:49:33Z",
      "hostname": "id-818-devenv-mate",
      "modified_at": "2013-01-30T20:49:33Z",
      "location": "",
      "pub_ipv4": "152.66.243.62",
      "mac": "02:00:0a:09:01:4f",
      "shared_ip": true,
      "ipv4": "10.9.1.79",
      "groups": [
        4
      ],
      "ipv6": null,
      "owner": 5,
      "description": "cloud-os gep"
    }
  },
  {
    "pk": 1,
    "model": "firewall.firewall",
    "fields": {
      "name": "fw2"
    }
  },
  {
    "pk": 1,
    "model": "south.migrationhistory",
    "fields": {
      "applied": "2012-11-21T13:46:11Z",
      "app_name": "one",
      "migration": "0001_initial"
    }
  },
  {
    "pk": 2,
    "model": "south.migrationhistory",
    "fields": {
      "applied": "2012-11-21T13:47:33Z",
      "app_name": "school",
      "migration": "0001_initial"
    }
  },
  {
    "pk": 3,
    "model": "south.migrationhistory",
    "fields": {
      "applied": "2012-11-23T09:58:38Z",
      "app_name": "firewall",
      "migration": "0001_initial"
    }
  },
  {
    "pk": 4,
    "model": "south.migrationhistory",
    "fields": {
      "applied": "2012-11-27T10:28:57Z",
      "app_name": "firewall",
      "migration": "0002_auto__add_field_rule_owner__chg_field_host_mac"
    }
  },
  {
    "pk": 5,
    "model": "south.migrationhistory",
    "fields": {
      "applied": "2012-11-27T10:35:13Z",
      "app_name": "firewall",
      "migration": "0003_auto__chg_field_rule_owner"
    }
  },
  {
    "pk": 6,
    "model": "south.migrationhistory",
    "fields": {
      "applied": "2012-11-28T14:38:15Z",
      "app_name": "firewall",
      "migration": "0004_auto__del_field_host_vlan"
    }
  },
  {
    "pk": 7,
    "model": "south.migrationhistory",
    "fields": {
      "applied": "2012-11-28T14:40:55Z",
      "app_name": "firewall",
      "migration": "0005_auto__del_field_rule_vlan__add_field_host_vlan"
    }
  },
  {
    "pk": 8,
    "model": "south.migrationhistory",
    "fields": {
      "applied": "2012-12-03T14:06:54Z",
      "app_name": "firewall",
      "migration": "0006_auto__add_field_rule_r_type"
    }
  },
  {
    "pk": 9,
    "model": "south.migrationhistory",
    "fields": {
      "applied": "2012-12-03T14:26:24Z",
      "app_name": "firewall",
      "migration": "0007_auto"
    }
  },
  {
    "pk": 10,
    "model": "south.migrationhistory",
    "fields": {
      "applied": "2012-12-10T17:06:32Z",
      "app_name": "firewall",
      "migration": "0008_auto__add_field_rule_nat__add_field_rule_nat_dport"
    }
  },
  {
    "pk": 11,
    "model": "south.migrationhistory",
    "fields": {
      "applied": "2012-12-18T20:15:50Z",
      "app_name": "firewall",
      "migration": "0009_auto__add_field_vlan_snat_ip"
    }
  },
  {
    "pk": 12,
    "model": "south.migrationhistory",
    "fields": {
      "applied": "2012-12-18T20:19:15Z",
      "app_name": "firewall",
      "migration": "0010_auto__chg_field_vlan_snat_ip"
    }
  },
  {
    "pk": 13,
    "model": "south.migrationhistory",
    "fields": {
      "applied": "2012-12-19T13:07:27Z",
      "app_name": "firewall",
      "migration": "0011_auto__del_field_rule_action__add_field_rule_dport__add_field_rule_spor"
    }
  },
  {
    "pk": 14,
    "model": "south.migrationhistory",
    "fields": {
      "applied": "2012-12-23T21:44:29Z",
      "app_name": "djcelery",
      "migration": "0001_initial"
    }
  },
  {
    "pk": 15,
    "model": "south.migrationhistory",
    "fields": {
      "applied": "2012-12-23T21:44:29Z",
      "app_name": "djcelery",
      "migration": "0002_v25_changes"
    }
  },
  {
    "pk": 16,
    "model": "south.migrationhistory",
    "fields": {
      "applied": "2012-12-23T21:44:29Z",
      "app_name": "djcelery",
      "migration": "0003_v26_changes"
    }
  },
  {
    "pk": 17,
    "model": "south.migrationhistory",
    "fields": {
      "applied": "2012-12-23T21:44:29Z",
      "app_name": "djcelery",
      "migration": "0004_v30_changes"
    }
  },
  {
    "pk": 18,
    "model": "south.migrationhistory",
    "fields": {
      "applied": "2012-12-23T22:20:37Z",
      "app_name": "django",
      "migration": "0001_initial"
    }
  },
  {
    "pk": 19,
    "model": "south.migrationhistory",
    "fields": {
      "applied": "2012-12-25T23:43:06Z",
      "app_name": "firewall",
      "migration": "0012_auto__chg_field_rule_nat_dport__add_field_host_shared_ip"
    }
  },
  {
    "pk": 20,
    "model": "south.migrationhistory",
    "fields": {
      "applied": "2012-12-25T23:51:24Z",
      "app_name": "firewall",
      "migration": "0013_auto__del_unique_host_pub_ipv4"
    }
  },
  {
    "pk": 21,
    "model": "south.migrationhistory",
    "fields": {
      "applied": "2012-12-26T01:26:39Z",
      "app_name": "one",
      "migration": "0002_auto__add_field_instance_firewall_host"
    }
  },
  {
    "pk": 22,
    "model": "south.migrationhistory",
    "fields": {
      "applied": "2012-12-26T01:35:14Z",
      "app_name": "one",
      "migration": "0003_auto__chg_field_instance_firewall_host"
    }
  },
  {
    "pk": 23,
    "model": "south.migrationhistory",
    "fields": {
      "applied": "2013-01-02T01:49:08Z",
      "app_name": "firewall",
      "migration": "0014_auto__chg_field_rule_direction"
    }
  },
  {
    "pk": 24,
    "model": "south.migrationhistory",
    "fields": {
      "applied": "2013-01-22T22:21:08Z",
      "app_name": "firewall",
      "migration": "0015_auto__chg_field_host_hostname"
    }
  },
  {
    "pk": 25,
    "model": "south.migrationhistory",
    "fields": {
      "applied": "2013-01-24T16:40:56Z",
      "app_name": "firewall",
      "migration": "0016_auto__add_alias__chg_field_host_ipv6"
    }
  },
  {
    "pk": 26,
    "model": "south.migrationhistory",
    "fields": {
      "applied": "2013-01-24T16:56:01Z",
      "app_name": "firewall",
      "migration": "0017_auto__del_field_alias_hostname__add_field_alias_alias"
    }
  },
  {
    "pk": 27,
    "model": "south.migrationhistory",
    "fields": {
      "applied": "2013-01-24T17:17:33Z",
      "app_name": "firewall",
      "migration": "0018_auto__add_field_host_reverse"
    }
  },
  {
    "pk": 28,
    "model": "south.migrationhistory",
    "fields": {
      "applied": "2013-01-24T17:34:49Z",
      "app_name": "firewall",
      "migration": "0019_auto__del_unique_host_reverse"
    }
  },
  {
    "pk": 29,
    "model": "south.migrationhistory",
    "fields": {
      "applied": "2013-01-25T14:29:38Z",
      "app_name": "firewall",
      "migration": "0020_auto__add_setting"
    }
  },
  {
    "pk": 30,
    "model": "south.migrationhistory",
    "fields": {
      "applied": "2013-01-28T17:07:31Z",
      "app_name": "store",
      "migration": "0001_initial"
    }
  },
  {
    "pk": 31,
    "model": "south.migrationhistory",
    "fields": {
      "applied": "2013-01-29T19:42:40Z",
      "app_name": "firewall",
      "migration": "0021_auto__add_field_host_created_at__add_field_host_modified_at__add_field"
    }
  },
  {
    "pk": 32,
    "model": "south.migrationhistory",
    "fields": {
      "applied": "2013-01-30T16:41:30Z",
      "app_name": "firewall",
      "migration": "0022_auto__add_vlangroup__add_field_setting_description__add_field_group_de"
    }
  },
  {
    "pk": 33,
    "model": "south.migrationhistory",
    "fields": {
      "applied": "2013-01-30T16:41:30Z",
      "app_name": "firewall",
      "migration": "0023_auto__add_field_rule_firewall"
    }
  },
  {
    "pk": 7,
    "model": "django.queue",
    "fields": {
      "name": "1a3a8776-7b0d-386c-8101-cb76e75d3c4f.reply.celery.pidbox"
    }
  },
  {
    "pk": 3,
    "model": "django.queue",
    "fields": {
      "name": "2e5083bc-4367-31bc-944c-c9c4190d09ed.reply.celery.pidbox"
    }
  },
  {
    "pk": 4,
    "model": "django.queue",
    "fields": {
      "name": "38897778-b79c-3cd6-80ac-d9bd2153e8f2.reply.celery.pidbox"
    }
  },
  {
    "pk": 6,
    "model": "django.queue",
    "fields": {
      "name": "864b9f4e-44da-3235-8d46-4a12b7ff3d62.reply.celery.pidbox"
    }
  },
  {
    "pk": 1,
    "model": "django.queue",
    "fields": {
      "name": "celery"
    }
  },
  {
    "pk": 2,
    "model": "django.queue",
    "fields": {
      "name": "cloud.celery.pidbox"
    }
  },
  {
    "pk": 5,
    "model": "django.queue",
    "fields": {
      "name": "e4c9b1e7-dee1-3bd4-bef4-f44c23467e21.reply.celery.pidbox"
    }
  },
  {
    "pk": 8,
    "model": "django.queue",
    "fields": {
      "name": "f72ef8f4-1ace-350f-baf2-769bd03038a5.reply.celery.pidbox"
    }
  }
]
