[
  {
    "pk": 3,
    "model": "auth.group",
    "fields": {
      "name": "employee@bme.hu",
      "permissions": []
    }
  },
  {
    "pk": 4,
    "model": "auth.group",
    "fields": {
      "name": "faculty@bme.hu",
      "permissions": []
    }
  },
  {
    "pk": 1,
    "model": "auth.group",
    "fields": {
      "name": "member@bme.hu",
      "permissions": []
    }
  },
  {
    "pk": 2,
    "model": "auth.group",
    "fields": {
      "name": "student@bme.hu",
      "permissions": []
    }
  },
  {
    "pk": 1,
    "model": "auth.user",
    "fields": {
      "username": "root",
      "first_name": "",
      "last_name": "",
      "is_active": true,
      "is_superuser": true,
      "is_staff": true,
      "last_login": "2013-02-05T21:57:25Z",
      "groups": [],
      "user_permissions": [],
      "email": "root@cloud.ik.bme.hu",
      "date_joined": "2012-11-21T08:54:38Z"
    }
  },
  {
    "pk": 2,
    "model": "auth.user",
    "fields": {
      "username": "bd",
      "first_name": "",
      "last_name": "",
      "is_active": true,
      "is_superuser": false,
      "is_staff": true,
      "last_login": "2013-01-14T21:41:28Z",
      "groups": [],
      "user_permissions": [],
      "email": "",
      "date_joined": "2012-11-27T10:33:20Z"
    }
  },
  {
    "pk": 3,
    "model": "auth.user",
    "fields": {
      "username": "mate",
      "first_name": "",
      "last_name": "",
      "is_active": true,
      "is_superuser": false,
      "is_staff": false,
      "last_login": "2012-11-27T10:40:57Z",
      "groups": [],
      "user_permissions": [],
      "email": "",
      "date_joined": "2012-11-27T10:40:57Z"
    }
  },
  {
    "pk": 4,
    "model": "auth.user",
    "fields": {
      "username": "tarokkk",
      "first_name": "",
      "last_name": "",
      "is_active": true,
      "is_superuser": false,
      "is_staff": false,
      "last_login": "2012-11-27T10:41:08Z",
      "groups": [],
      "user_permissions": [],
      "email": "",
      "date_joined": "2012-11-27T10:41:08Z"
    }
  },
  {
    "pk": 5,
    "model": "auth.user",
    "fields": {
      "username": "opennebula",
      "first_name": "",
      "last_name": "",
      "is_active": true,
      "is_superuser": false,
      "is_staff": false,
      "last_login": "2012-12-23T18:57:31Z",
      "groups": [],
      "user_permissions": [],
      "email": "",
      "date_joined": "2012-12-23T18:57:31Z"
    }
  },
  {
    "pk": 6,
    "model": "auth.user",
    "fields": {
      "username": "lennon",
      "first_name": "",
      "last_name": "",
      "is_active": true,
      "is_superuser": true,
      "is_staff": true,
      "last_login": "2013-01-14T15:07:27Z",
      "groups": [],
      "user_permissions": [],
      "email": "",
      "date_joined": "2013-01-14T15:01:51Z"
    }
  },
  {
    "pk": 7,
    "model": "auth.user",
    "fields": {
      "username": "test",
      "first_name": "",
      "last_name": "",
      "is_active": true,
      "is_superuser": true,
      "is_staff": true,
      "last_login": "2013-03-01T18:37:22Z",
      "groups": [],
      "user_permissions": [],
      "email": "",
      "date_joined": "2013-01-16T12:36:01Z"
    }
  },
  {
    "pk": 12,
    "model": "auth.user",
    "fields": {
      "username": "JI1M92",
      "first_name": "D\u00e1niel",
      "last_name": "Bach",
      "is_active": true,
      "is_superuser": false,
      "is_staff": false,
      "last_login": "2013-02-05T17:23:12Z",
      "groups": [
        1,
        2
      ],
      "user_permissions": [],
      "email": "bd@doszgep.hu",
      "date_joined": "2013-01-23T08:49:10Z"
    }
  },
  {
    "pk": 13,
    "model": "auth.user",
    "fields": {
      "username": "TFDAZ6",
      "first_name": "S\u00e1ndor",
      "last_name": "Guba",
      "is_active": true,
      "is_superuser": false,
      "is_staff": false,
      "last_login": "2013-02-05T18:18:03Z",
      "groups": [
        1,
        2
      ],
      "user_permissions": [],
      "email": "gubasanyi@gmail.com",
      "date_joined": "2013-01-23T13:37:22Z"
    }
  },
  {
    "pk": 14,
    "model": "auth.user",
    "fields": {
      "username": "K7YLW5",
      "first_name": "Bence",
      "last_name": "D\u00e1nyi",
      "is_active": true,
      "is_superuser": false,
      "is_staff": false,
      "last_login": "2013-02-05T17:30:48Z",
      "groups": [
        1,
        2
      ],
      "user_permissions": [],
      "email": "madbence@gmail.com",
      "date_joined": "2013-01-23T15:04:46Z"
    }
  },
  {
    "pk": 15,
    "model": "auth.user",
    "fields": {
      "username": "UYD1S5",
      "first_name": "Rich\u00e1rd",
      "last_name": "Cziva",
      "is_active": true,
      "is_superuser": false,
      "is_staff": false,
      "last_login": "2013-01-25T11:00:42Z",
      "groups": [],
      "user_permissions": [],
      "email": "cziva.richard@gmail.com",
      "date_joined": "2013-01-25T11:00:42Z"
    }
  },
  {
    "pk": 16,
    "model": "auth.user",
    "fields": {
      "username": "FFRUNU",
      "first_name": "G\u00e1bor",
      "last_name": "Ny\u00edri",
      "is_active": true,
      "is_superuser": false,
      "is_staff": false,
      "last_login": "2013-01-29T11:56:10Z",
      "groups": [],
      "user_permissions": [],
      "email": "halacs@sch.bme.hu",
      "date_joined": "2013-01-29T11:56:09Z"
    }
  },
  {
    "pk": 17,
    "model": "auth.user",
    "fields": {
      "username": "HUT3L3",
      "first_name": "Rich\u00e1rd P\u00e9ter",
      "last_name": "K\u00e1polnai",
      "is_active": true,
      "is_superuser": false,
      "is_staff": false,
      "last_login": "2013-01-29T12:58:39Z",
      "groups": [],
      "user_permissions": [],
      "email": "kapolnai@iit.bme.hu",
      "date_joined": "2013-01-29T12:58:39Z"
    }
  },
  {
    "pk": 18,
    "model": "auth.user",
    "fields": {
      "username": "ORL3EA",
      "first_name": "Bal\u00e1zs",
      "last_name": "S\u00e1f\u00e1r",
      "is_active": true,
      "is_superuser": false,
      "is_staff": false,
      "last_login": "2013-01-29T18:54:03Z",
      "groups": [],
      "user_permissions": [],
      "email": "ballew552@gmail.com",
      "date_joined": "2013-01-29T18:44:09Z"
    }
  },
  {
    "pk": 20,
    "model": "auth.user",
    "fields": {
      "username": "B6AFNQ",
      "first_name": "Imre",
      "last_name": "Szeber\u00e9nyi",
      "is_active": true,
      "is_superuser": false,
      "is_staff": false,
      "last_login": "2013-02-04T14:36:16Z",
      "groups": [
        1,
        3,
        4
      ],
      "user_permissions": [],
      "email": "szebi@iit.bme.hu",
      "date_joined": "2013-02-04T14:36:16Z"
    }
  },
  {
    "pk": 21,
    "model": "auth.user",
    "fields": {
      "username": "UKWBFI",
      "first_name": "P\u00e9ter",
      "last_name": "Han\u00e1k",
      "is_active": true,
      "is_superuser": false,
      "is_staff": false,
      "last_login": "2013-02-04T17:04:56Z",
      "groups": [
        1,
        3
      ],
      "user_permissions": [],
      "email": "hanak@emt.bme.hu",
      "date_joined": "2013-02-04T17:04:56Z"
    }
  },
  {
    "pk": 22,
    "model": "auth.user",
    "fields": {
      "username": "K2JL24",
      "first_name": "M\u00e1t\u00e9",
      "last_name": "\u0150ry",
      "is_active": true,
      "is_superuser": true,
      "is_staff": true,
      "last_login": "2013-02-05T21:57:22Z",
      "groups": [
        1,
        2
      ],
      "user_permissions": [],
      "email": "orymate@gmail.com",
      "date_joined": "2013-02-05T08:47:48Z"
    }
  },
  {
    "pk": 1,
    "model": "one.userclouddetails",
    "fields": {
      "share_quota": 0,
      "ssh_key": 1,
      "disk_quota": 2048,
      "instance_quota": 20,
      "ssh_private_key": "-----xxx PRIVATE KEY-----",
"smb_password": "kamu",
      "user": 1
    }
  },
  {
    "pk": 2,
    "model": "one.userclouddetails",
    "fields": {
      "share_quota": 0,
      "ssh_key": 2,
      "disk_quota": 2048,
      "instance_quota": 20,
      "ssh_private_key": "-----xxx PRIVATE KEY-----",
"smb_password": "kamu",
      "user": 2
    }
  },
  {
    "pk": 3,
    "model": "one.userclouddetails",
    "fields": {
      "share_quota": 0,
      "ssh_key": 3,
      "disk_quota": 2048,
      "instance_quota": 20,
      "ssh_private_key": "-----xxx PRIVATE KEY-----",
"smb_password": "kamu",
      "user": 3
    }
  },
  {
    "pk": 4,
    "model": "one.userclouddetails",
    "fields": {
      "share_quota": 0,
      "ssh_key": 4,
      "disk_quota": 2048,
      "instance_quota": 20,
      "ssh_private_key": "-----xxx PRIVATE KEY-----",
"smb_password": "kamu",
      "user": 4
    }
  },
  {
    "pk": 5,
    "model": "one.userclouddetails",
    "fields": {
      "share_quota": 0,
      "ssh_key": 5,
      "disk_quota": 2048,
      "instance_quota": 20,
      "ssh_private_key": "-----xxx PRIVATE KEY-----",
"smb_password": "kamu",
      "user": 5
    }
  },
  {
    "pk": 6,
    "model": "one.userclouddetails",
    "fields": {
      "share_quota": 0,
      "ssh_key": 6,
      "disk_quota": 2048,
      "instance_quota": 20,
      "ssh_private_key": "-----xxx PRIVATE KEY-----",
"smb_password": "kamu",
      "user": 6
    }
  },
  {
    "pk": 7,
    "model": "one.userclouddetails",
    "fields": {
      "share_quota": 100,
      "ssh_key": 7,
      "disk_quota": 2048,
      "instance_quota": 20,
      "ssh_private_key": "-----xxx PRIVATE KEY-----",
"smb_password": "kamu",
      "user": 7
    }
  },
  {
    "pk": 8,
    "model": "one.userclouddetails",
    "fields": {
      "share_quota": 0,
      "ssh_key": 8,
      "disk_quota": 2048,
      "instance_quota": 20,
      "ssh_private_key": "-----xxx PRIVATE KEY-----",
"smb_password": "kamu",
      "user": 12
    }
  },
  {
    "pk": 9,
    "model": "one.userclouddetails",
    "fields": {
      "share_quota": 0,
      "ssh_key": 9,
      "disk_quota": 2048,
      "instance_quota": 20,
      "ssh_private_key": "-----xxx PRIVATE KEY-----",
"smb_password": "kamu",
      "user": 13
    }
  },
  {
    "pk": 10,
    "model": "one.userclouddetails",
    "fields": {
      "share_quota": 0,
      "ssh_key": 10,
      "disk_quota": 2048,
      "instance_quota": 20,
      "ssh_private_key": "-----xxx PRIVATE KEY-----",
"smb_password": "kamu",
      "user": 14
    }
  },
  {
    "pk": 11,
    "model": "one.userclouddetails",
    "fields": {
      "share_quota": 0,
      "ssh_key": 11,
      "disk_quota": 2048,
      "instance_quota": 20,
      "ssh_private_key": "-----xxx PRIVATE KEY-----",
"smb_password": "kamu",
      "user": 15
    }
  },
  {
    "pk": 12,
    "model": "one.userclouddetails",
    "fields": {
      "share_quota": 0,
      "ssh_key": 12,
      "disk_quota": 2048,
      "instance_quota": 20,
      "ssh_private_key": "-----xxx PRIVATE KEY-----",
"smb_password": "kamu",
      "user": 16
    }
  },
  {
    "pk": 13,
    "model": "one.userclouddetails",
    "fields": {
      "share_quota": 0,
      "ssh_key": 13,
      "disk_quota": 2048,
      "instance_quota": 20,
      "ssh_private_key": "-----xxx PRIVATE KEY-----",
"smb_password": "kamu",
      "user": 17
    }
  },
  {
    "pk": 14,
    "model": "one.userclouddetails",
    "fields": {
      "share_quota": 0,
      "ssh_key": 14,
      "disk_quota": 2048,
      "instance_quota": 20,
      "ssh_private_key": "-----xxx PRIVATE KEY-----",
"smb_password": "kamu",
      "user": 18
    }
  },
  {
    "pk": 15,
    "model": "one.userclouddetails",
    "fields": {
      "share_quota": 0,
      "ssh_key": 15,
      "disk_quota": 2048,
      "instance_quota": 20,
      "ssh_private_key": "-----xxx PRIVATE KEY-----",
"smb_password": "kamu",
      "user": 20
    }
  },
  {
    "pk": 16,
    "model": "one.userclouddetails",
    "fields": {
      "share_quota": 0,
      "ssh_key": 16,
      "disk_quota": 2048,
      "instance_quota": 20,
      "ssh_private_key": "-----xxx PRIVATE KEY-----",
"smb_password": "kamu",
      "user": 21
    }
  },
  {
    "pk": 17,
    "model": "one.userclouddetails",
    "fields": {
      "share_quota": 0,
      "ssh_key": 17,
      "disk_quota": 2048,
      "instance_quota": 20,
      "ssh_private_key": "-----xxx PRIVATE KEY-----",
"smb_password": "kamu",
      "user": 22
    }
  },
  {
    "pk": 1,
    "model": "one.sshkey",
    "fields": {
      "user": 1,
      "key": "ssh-rsa AAAAB3NzaC1yc2EAAAADAQABAAAAgQCRlW+B/UtNIQKbV9Vu+KbnC+7mIveLhIU6KYtBubmhTEvaMv/x2+R3fwRpWpNWHAcFTJeJ/XWICqXjcAXYI7JOS9Ih9UqESl1EAuVPnJNL82Vdhy4iup2isD+WWla9XUiCk4Q9ArliqG8A1ZbeQYLERbYkGs9smFPPI/7RWDku2w== cloud-2012-11-21"
    }
  },
  {
    "pk": 2,
    "model": "one.sshkey",
    "fields": {
      "user": 2,
      "key": "ssh-rsa AAAAB3NzaC1yc2EAAAADAQABAAAAgQDKmhiyT9KSOYUf4Q6jjDr50T2VDqhXeJoIYR9nWzrHWiqh+VqM+PDjx5rxrFgBMg8UU4S+uzLf4Dx6Hk2/c3G/UnHE/abmnbRe4nkkVgJH63kwM/PrxOUW52C9nfcbvYCFMagQNiNBxxW8Ocg6lIt90n8Sohl9d4+zzj5YMTO8cQ== cloud-2013-02-06"
    }
  },
  {
    "pk": 3,
    "model": "one.sshkey",
    "fields": {
      "user": 3,
      "key": "ssh-rsa AAAAB3NzaC1yc2EAAAADAQABAAAAgQDTy7MRBOBAJmXrwJtjRo8m+/YVakf6fii/9Rc+dNvk+lBwhK2MPpOr9kww55Pq47Lp7heEV1Zx2SRRDCPGv2WvSByZwcMs3KPx+tNybPiUIj22Q+Q58unVEohWqShzRL4JZI6dOu+jtufftp7UiE3XB2ZNKOUJ+nJZnhEmmtdTlw== cloud-2012-11-27"
    }
  },
  {
    "pk": 4,
    "model": "one.sshkey",
    "fields": {
      "user": 4,
      "key": "ssh-rsa AAAAB3NzaC1yc2EAAAADAQABAAAAgQC395mvZy9a5BAqji8Ske+JWIZDYyIrKa0hxWAPw6E9G3BWvVc7WFX3qm2zrZAYK6SYq6L2jJQuZDKuG6U2jUgRVN01I5ws6nqBpe7sCyII2f10em8GLZA84/GVKNbdW4sSZSB2noSaieZJqkaGIjA1lTvNPtiaw8wxwhve+Y2Vtw== cloud-2012-11-27"
    }
  },
  {
    "pk": 5,
    "model": "one.sshkey",
    "fields": {
      "user": 5,
      "key": "ssh-rsa AAAAB3NzaC1yc2EAAAADAQABAAAAgQCQJneJJ/Hkz7QjuxVR/7j2OESMnHMbmWSTwgXEqSq9jKjWR7zLUsKgP1B5/NWZ33Cf+Toddri/V2AvWZ7vIb2W3fB/s9rLpsWWOQPwvqUxOwxyFZDisXZZi0kHiPnJLO0NUS+ox+YYgtBv66zDxmHwozY9cY0pWerVAVdFTcRsUw== cloud-2012-12-23"
    }
  },
  {
    "pk": 6,
    "model": "one.sshkey",
    "fields": {
      "user": 2,
      "key": "ssh-rsa AAAAB3NzaC1yc2EAAAADAQABAAAAgQCt10GFvHqha6RS8v2cc3zt8RA0TzoVeSLIMLpvczVPzuqm0Yt6VxS03m6YfS8REX50M87T69ER+Nx85MxIwQ/td7sNUve8ZMh+KIKvtRwxXhYqpiEjWPX6HQB777y/0cseIIV27qmWav60Q1ZTGr92uZlMkR41uhmlTAbkqSgPAw== cloud-2012-12-26"
    }
  },
  {
    "pk": 7,
    "model": "one.sshkey",
    "fields": {
      "user": 7,
      "key": "ssh-rsa AAAAB3NzaC1yc2EAAAADAQABAAAAgQDO2WdtIVysqmUfimO2Chi6ogO8nSckpROz4Gw5o7XCHXK+JK1WUSIRiuLuDTa0PqLdJkkEmj9mFoBjZVU5DCLjbcVmrtZ9Cl5m2wguzIjK0Z6UtW3RcQjiahJYFHb7FB2xRp54OQ+jcMm/4Cmzuw4CpRS++460hlQl3ab3pr+uRw== cloud-2013-02-06"
    }
  },
  {
    "pk": 8,
    "model": "one.sshkey",
    "fields": {
      "user": 6,
      "key": "ssh-rsa AAAAB3NzaC1yc2EAAAADAQABAAAAgQCq870vNOkEE1CQR1ZaO66Hure2grrBQ/7rM6SqsGtDBQ++POyA/VesmPSN5tgceB/uKrHSp7naK4cy0JqcWH83gsoDuoFv4QTR88WitkiKTeax8GEGjOBtUbss2tli9mtIJI/TwFUP69FOg1Uy520fasmWwVuRLLUxWqlqaylqhQ== cloud-2013-01-14"
    }
  },
  {
    "pk": 9,
    "model": "one.sshkey",
    "fields": {
      "user": 4,
      "key": "ssh-rsa AAAAB3NzaC1yc2EAAAADAQABAAAAgQC/OISjwzUDOW0WU1F4nJZZYPtTGL/25l6HsDyNWa+ilrR1OhR/pdIbWuDGjmvYHdVySavYl1DrjD1hxI8M4dYaHFyZp4WdI09wFtEFNj3roFHty7H3+r4gN4YCBtWuTWaoFRYMkd5TqNNw7yPyYvYa8YtXbxvVzgkG3lyIkP64RQ== cloud-2013-01-16"
    }
  },
  {
    "pk": 10,
    "model": "one.sshkey",
    "fields": {
      "user": 14,
      "key": "ssh-rsa AAAAB3NzaC1yc2EAAAADAQABAAAAgQDKAdJCHIntqUcnNLq2x2I3pH8fiCkLTbkt8WZm/iuOEAlmfNlYa4+4f6rei6tTaEcNTE+3vjBaI4eeo8FB00vKPznmbvWZBF4ueUg+jPP7URJfjkqmtO5y7fybBHejCtsgKowqiD1L7PJHG7yQX3Vduwnm8ibXl4K7IPirkFLFMw== cloud-2013-02-06"
    }
  },
  {
    "pk": 11,
    "model": "one.sshkey",
    "fields": {
      "user": 7,
      "key": "ssh-rsa AAAAB3NzaC1yc2EAAAADAQABAAAAgQDEs3iCElHDnkQrHu0Ylxo7d8+0b+BqVnglIzNACpuoDy4/cADEhRod4DPXr8yDFkS7nTeanYSeAU5U1aqRKf5j6vRbuUu2nwMvBFUkK8oG/bYh5/o3h3+Z3SoUxbV8oIl4DFhNQ3dnRIEuwVZgcNjluJJ56TVAnqhv9rxrKuwe8w== cloud-2013-01-16"
    }
  },
  {
    "pk": 12,
    "model": "one.sshkey",
    "fields": {
      "user": 7,
      "key": "ssh-rsa AAAAB3NzaC1yc2EAAAADAQABAAAAgQC+TDtKuvFqExAXQLQD4uwIKy8rTK2Bfysw54DK4izoRVS+Kvgu+NVln+D1KQ+27DC4YY0R+8KmfCfKm/Ln54uzfpCHpQCcKPonRCDaHaztXmJLLWJZVJBz41WFJ4W5Gd9WKF1s3KKnW7mu7j0AChAJFCiOKNPq12Gcgd05Zl8OlQ== cloud-2013-01-16"
    }
  },
  {
    "pk": 13,
    "model": "one.sshkey",
    "fields": {
      "user": 17,
      "key": "ssh-rsa AAAAB3NzaC1yc2EAAAADAQABAAAAgQDFZKeIYaB2ZVwe4LxbMADpNRacQ/pTIU/fTMqjhTIOFX72bRhYHC8Egn4osBplnEp+eMLX8QZaW4Y/K2D/Im7jOu0prKpQIuf4Lk8GVr2Y2tz2kw5xFdR+2/1UtvezQtf20RvT3lxJasYPuw/IfBR2a1htQe/uG67pGnUCaCAu6w== cloud-2013-02-06"
    }
  },
  {
    "pk": 14,
    "model": "one.sshkey",
    "fields": {
      "user": 18,
      "key": "ssh-rsa AAAAB3NzaC1yc2EAAAADAQABAAAAgQCoAA1jjBE+mqOk2VQ2tzCGzL/UXtscFagP834X0JCwz9dkpW6QSAJMdEAsl9iOAoJIhthqtdx3dHbrEQFb1C48vixYC4QQ0T8WzM01TLx41CyI/ab+NgAj9g5ESxbx+SYel0XH92d8MSV79mgdh7sHgt+4Z10977WJuugg+G07bQ== cloud-2013-02-06"
    }
  },
  {
    "pk": 15,
    "model": "one.sshkey",
    "fields": {
      "user": 20,
      "key": "ssh-rsa AAAAB3NzaC1yc2EAAAADAQABAAAAgQC2ldL+NpSBn1N7zgm71Xyja4yjLb+8lwqPDynTwOE6vPoeojscuECmcpsJ0QHOj+ZP9+9NO+XBYXQxJ0AUxNYh6tP1eVxVgwam4cm3OMyqE8tJ1mPpET3mAfnLb7DZeJbKVLIZVKZJBYeEdC9k6+3mFTc/AlJ4LD+Xwe7apeDDtQ== cloud-2013-02-06"
    }
  },
  {
    "pk": 16,
    "model": "one.sshkey",
    "fields": {
      "user": 21,
      "key": "ssh-rsa AAAAB3NzaC1yc2EAAAADAQABAAAAgQCiJ2vXnQeygE89aBCODkaWLPolx8thR2zI+Dram+8ozTnpFbOu0w0lk+GyegZ+1MRB4a4iW7LTKR8QhxXMnnUgm7SXPgTBRCVbUnSjasEzQylZt45nND98SE9TqWXiro5huQeDu0V+/mJaTxfACMggiDCsK0Ojbs1phFwAKuG89Q== cloud-2013-02-06"
    }
  },
  {
    "pk": 17,
    "model": "one.sshkey",
    "fields": {
      "user": 22,
      "key": "ssh-rsa AAAAB3NzaC1yc2EAAAADAQABAAAAgQDZ9OrSi565wjwlYHsmluv2GsRcKx9jeNX315gT3Zx/DAKozjqGwS9C92NHg0YkuLqn186sBETEb81PTlFqZxn2kYucLdV0UAONR4oEgeGBYEakams4vlN/ypJhiHqCZWw9GOLalNnyFkDPFahWwoELrRiMdsSmx0IYc7jgE7v3wQ== cloud-2013-02-06"
    }
  },
  {
    "pk": 23,
    "model": "one.sshkey",
    "fields": {
      "user": 12,
      "key": "ssh-rsa AAAAB3NzaC1yc2EAAAADAQABAAAAgQCyezB3kUSeWlzRzYZ/y0D2NjqUjmkWHpMBb/4D3kvnQMZPAcuy5L2iYkIEjjCfJT6SozEoKEB56x3HGr5pfoY1D3rs7BGK/w97N458BY7l/3nJyq3Picu8OZ2IGuFRR6HlNWHjEOr6JWaGMKBehF8/J5z08q8Vui6xKsqSE3z1Bw== cloud-2013-01-23"
    }
  },
  {
    "pk": 24,
    "model": "one.sshkey",
    "fields": {
      "user": 13,
      "key": "ssh-rsa AAAAB3NzaC1yc2EAAAADAQABAAAAgQDJpz/bJ/aPh5yi3Lomjuq4KsrQjGtyEN1lEeOX72nGFSZwVKqafPlTUUFEBENXKidsYFOnTSQxUKcplLLcC2qxQA/vTkpRQEGI6YuudbalwTumBWfCplEtAqfXGAuY1vYjoLSS+7Kwcf1pYbaDFOmrtbg95dpvkT8ZSwDHSzJaFw== cloud-2013-01-23"
    }
  },
  {
    "pk": 25,
    "model": "one.sshkey",
    "fields": {
      "user": 14,
      "key": "ssh-rsa AAAAB3NzaC1yc2EAAAADAQABAAAAgQDBVt/kbVleg7LfcJuCrw8/+yDtXtlJ0pSa5ZvtbJ9NEcspghrzNZkVMaxBERTZKewaLc22ZeyRZrS3FbGPwqgCXI0NbN0HJGwxxgPz8L0dAQWHu27GKAnRrou71O+rmDofVvMmtv5P2OHde6DMbfbqMYPYP/djf7812iU+BS6smQ== cloud-2013-01-23"
    }
  },
  {
    "pk": 26,
    "model": "one.sshkey",
    "fields": {
      "user": 15,
      "key": "ssh-rsa AAAAB3NzaC1yc2EAAAADAQABAAAAgQC8cZ4ySS9LEZyLaLSVzqoea3QYajdOKOyt1OEMod+b9DkDsRAK0x9SqtO9FCWmqVMZ28828O63xWx8ycjUwLrHvIC+cSi+lt/NVcIKhopofLzGW+AZfH5SLIGD5RkzhTxHINEqs/RW4Faklz2uPAuR8t4AJBzwQeITswArBvKZMQ== cloud-2013-01-25"
    }
  },
  {
    "pk": 27,
    "model": "one.sshkey",
    "fields": {
      "user": 16,
      "key": "ssh-rsa AAAAB3NzaC1yc2EAAAADAQABAAAAgQCysvCwyKMVlPpaiOsSYSt/vxPpQQiMogLwGUdZ+m3+H2r59OtxXgI1bmAP0Wnb2jAhSBQjDVJKu8WgZ4+cByO6ijxW4GQmtFGlxQJnBWEV5lC7e+j5Rz8cknO2OyjOPtNDuhVOMJb2ySWM1X3uwtiXYi3+ATeAW7HkJDRWNaFcVQ== cloud-2013-01-29"
    }
  },
  {
    "pk": 28,
    "model": "one.sshkey",
    "fields": {
      "user": 17,
      "key": "ssh-rsa AAAAB3NzaC1yc2EAAAADAQABAAAAgQDGF0s6HY/m60cLeyD0T/ASO00WH78g1NhOvpq3DofXpsLUe98UzMfmuyu4Hj1/ILZhfRImOeyObceD8rM4MqdN1vSYQCo9Q2A1IBvP7cNWwWbAEdXWhGHZmNsz/sbaxUp6VrwPaHgNJhq1lEQStqH9rHhRQTsvHHH2ZukSlz5NVQ== cloud-2013-01-29"
    }
  },
  {
    "pk": 29,
    "model": "one.sshkey",
    "fields": {
      "user": 18,
      "key": "ssh-rsa AAAAB3NzaC1yc2EAAAADAQABAAAAgQCM2XQTvrqv31sLk+zsate3S25SGV8k+662tdtLMShiqXs6u2NOfOjEzM6460vb6ORInBbs1gqNpm1/D7/JrYNe8ogS1rFBVyd4K/+wh+sZksjxdf4Jattkc3aUsVeornU8gpVl4hOg+MlPKQxdRTNOHXUswp57b62ecvhZMTzkcQ== cloud-2013-01-29"
    }
  },
  {
    "pk": 33,
    "model": "one.sshkey",
    "fields": {
      "user": 20,
      "key": "ssh-rsa AAAAB3NzaC1yc2EAAAADAQABAAAAgQDRnebbayAuCnhUWJlQcHkUQFZ7eWSkVSGgwyBp7jU6/wWs1M8gWBzn1OcD0qqqhpIRuOeOIKX6CA5SDXIKXoIp9yFNJaCDDsqUQzrq/bVo6PJq8KZZpKQdCdc72c/IUlvVw4EygCVsxqjxqmV5vOdtI/Q1VdpDXIQyIq8qS9nmbQ== cloud-2013-02-04"
    }
  },
  {
    "pk": 34,
    "model": "one.sshkey",
    "fields": {
      "user": 21,
      "key": "ssh-rsa AAAAB3NzaC1yc2EAAAADAQABAAAAgQDKz2HzECZA7xPwd63qt3IO7ObJntrD3Rcp7dY5VZ2Qjg2iRclsspxfIT6BdMG2QMDSdPC4VU+URQGv05fXiiuYfBAo4w+ssRIbUGNPFEEOagfJDq+PDxg3zzdh6JCgW7BJpxzLrohR4vyTXAwrnUT7fAnxUs2WA9HHt41pr3966Q== cloud-2013-02-04"
    }
  },
  {
    "pk": 35,
    "model": "one.sshkey",
    "fields": {
      "user": 22,
      "key": "ssh-rsa AAAAB3NzaC1yc2EAAAADAQABAAAAgQDCq0ntlFlluKznyzFig1jp7nZS/bjSk/4Ndfvt8yZniEuJ5fjmJBBgVc6mlJQ3fCU68ED5IQ3NVv8Qjr9FtwZwUBx4s7b3VDZ232y71i/Reef+Hg4HT4Rgnyd3+6lIPBfyWXqRTzLeaulwVi/qLFZHEapr2hZPki7wR6SjmL1zJw== cloud-2013-02-05"
    }
  },
  {
    "pk": 2,
    "model": "one.share",
    "fields": {
      "group": 2,
      "name": "Ubuntu 12.04 Min",
      "created_at": "2013-03-01T17:03:01Z",
      "instance_limit": 10,
      "template": 11,
      "owner": 7,
      "per_user_limit": 10,
      "type": "LAB",
      "description": "This is the basic test image for the developer environment."
    }
  },
  {
    "pk": 4,
    "model": "one.disk",
    "fields": {
      "name": "MinimalISO-Ubuntu"
    }
  },
  {
    "pk": 3,
    "model": "one.disk",
    "fields": {
      "name": "ttylinux-iperf"
    }
  },
  {
    "pk": 6,
    "model": "one.disk",
    "fields": {
      "name": "Ubuntu install"
    }
  },
  {
    "pk": 3,
    "model": "one.network",
    "fields": {
      "name": "vm-net",
      "nat": false,
      "public": false
    }
  },
  {
    "pk": 3,
    "model": "one.instancetype",
    "fields": {
      "credit": 1,
      "RAM": 2048,
      "name": "small",
      "CPU": 1
    }
  },
  {
    "pk": 2,
    "model": "one.instancetype",
    "fields": {
      "credit": 2,
      "RAM": 4096,
      "name": "medium",
      "CPU": 2
    }
  },
  {
    "pk": 1,
    "model": "one.instancetype",
    "fields": {
      "credit": 4,
      "RAM": 8192,
      "name": "large",
      "CPU": 4
    }
  },
  {
    "pk": 11,
    "model": "one.template",
    "fields": {
      "name": "Ubuntu 12.04 Min",
      "created_at": "2013-03-01T16:24:14Z",
      "description": "This is the basic test image for the developer environment.",
      "system": "Ubuntu 12.04",
      "access_type": "ssh",
      "instance_type": 3,
      "state": "READY",
      "owner": 7,
      "disk": 6,
      "public": true,
      "network": 3
    }
  },
  {
    "pk": 1,
    "model": "one.instance",
    "fields": {
      "name": "test Ubuntu 12.04 Min (43)",
      "time_of_suspend": "2013-03-01T21:24:43Z",
      "ip": "192.168.1.11",
      "created_at": "2013-03-01T16:25:31Z",
      "share": null,
      "waiting": false,
      "firewall_host": null,
      "active_since": "2013-03-01T16:24:53Z",
      "state": "DONE",
      "template": 11,
      "owner": 7,
      "time_of_delete": "2013-03-16T16:24:43Z",
      "one_id": 43,
      "pw": "CbD7ExQZQz"
    }
  },
  {
    "pk": 2,
    "model": "one.instance",
    "fields": {
      "name": "test Ubuntu 12.04 Min (44)",
      "time_of_suspend": "2013-03-01T21:28:39Z",
      "ip": "192.168.1.10",
      "created_at": "2013-03-01T16:28:39Z",
      "share": null,
      "waiting": false,
      "firewall_host": 872,
      "active_since": null,
      "state": "DONE",
      "template": 11,
      "owner": 7,
      "time_of_delete": "2013-03-16T16:28:39Z",
      "one_id": 44,
      "pw": "b2GdusYand"
    }
  },
  {
    "pk": 5,
    "model": "one.instance",
    "fields": {
      "name": "test Ubuntu 12.04 Min (47)",
      "time_of_suspend": "2013-03-01T21:44:30Z",
      "ip": "192.168.1.11",
      "created_at": "2013-03-01T16:54:49Z",
      "share": null,
      "waiting": false,
      "firewall_host": null,
      "active_since": "2013-03-01T16:44:53Z",
      "state": "DONE",
      "template": 11,
      "owner": 7,
      "time_of_delete": "2013-03-16T16:44:30Z",
      "one_id": 47,
      "pw": "rpRaZwaQDD"
    }
  },
  {
    "pk": 6,
    "model": "one.instance",
    "fields": {
      "name": "test Ubuntu 12.04 Min (48)",
      "time_of_suspend": "2013-03-01T21:45:48Z",
      "ip": "192.168.1.12",
      "created_at": "2013-03-01T16:54:52Z",
      "share": null,
      "waiting": false,
      "firewall_host": null,
      "active_since": "2013-03-01T16:45:52Z",
      "state": "DONE",
      "template": 11,
      "owner": 7,
      "time_of_delete": "2013-03-16T16:45:48Z",
      "one_id": 48,
      "pw": "VuWps4bkuW"
    }
  },
  {
    "pk": 1,
    "model": "school.person",
    "fields": {
      "code": "root",
      "user": null,
      "language": "hu"
    }
  },
  {
    "pk": 2,
    "model": "school.person",
    "fields": {
      "code": "bd",
      "user": null,
      "language": "hu"
    }
  },
  {
    "pk": 3,
    "model": "school.person",
    "fields": {
      "code": "mate",
      "user": null,
      "language": "hu"
    }
  },
  {
    "pk": 4,
    "model": "school.person",
    "fields": {
      "code": "tarokkk",
      "user": null,
      "language": "hu"
    }
  },
  {
    "pk": 5,
    "model": "school.person",
    "fields": {
      "code": "opennebula",
      "user": null,
      "language": "hu"
    }
  },
  {
    "pk": 6,
    "model": "school.person",
    "fields": {
      "code": "lennon",
      "user": null,
      "language": "hu"
    }
  },
  {
    "pk": 7,
    "model": "school.person",
    "fields": {
      "code": "test",
      "user": 7,
      "language": "hu"
    }
  },
  {
    "pk": 8,
    "model": "school.person",
    "fields": {
      "code": "JI1M92",
      "user": null,
      "language": "hu"
    }
  },
  {
    "pk": 9,
    "model": "school.person",
    "fields": {
      "code": "TFDAZ6",
      "user": null,
      "language": "hu"
    }
  },
  {
    "pk": 10,
    "model": "school.person",
    "fields": {
      "code": "K7YLW5",
      "user": null,
      "language": "hu"
    }
  },
  {
    "pk": 11,
    "model": "school.person",
    "fields": {
      "code": "UYD1S5",
      "user": null,
      "language": "hu"
    }
  },
  {
    "pk": 12,
    "model": "school.person",
    "fields": {
      "code": "FFRUNU",
      "user": null,
      "language": "hu"
    }
  },
  {
    "pk": 13,
    "model": "school.person",
    "fields": {
      "code": "HUT3L3",
      "user": null,
      "language": "hu"
    }
  },
  {
    "pk": 14,
    "model": "school.person",
    "fields": {
      "code": "ORL3EA",
      "user": null,
      "language": "hu"
    }
  },
  {
    "pk": 15,
    "model": "school.person",
    "fields": {
      "code": "B6AFNQ",
      "user": null,
      "language": "hu"
    }
  },
  {
    "pk": 16,
    "model": "school.person",
    "fields": {
      "code": "UKWBFI",
      "user": null,
      "language": "hu"
    }
  },
  {
    "pk": 17,
    "model": "school.person",
    "fields": {
      "code": "K2JL24",
      "user": null,
      "language": "hu"
    }
  },
  {
    "pk": 1,
    "model": "school.semester",
    "fields": {
      "start": "2013-02-01",
      "end": "2013-06-01",
      "name": "asd"
    }
  },
  {
    "pk": 1,
    "model": "school.group",
    "fields": {
      "course": null,
      "semester": 1,
      "owners": [],
      "name": "asd",
      "members": []
    }
  },
  {
    "pk": 2,
    "model": "school.group",
    "fields": {
      "course": null,
      "semester": 1,
      "owners": [
        7
      ],
      "name": "asd",
      "members": [
        1,
        2,
        3,
        4,
        5,
        6,
        7,
        8,
        9,
        10,
        11,
        12,
        13,
        14,
        15,
        16,
        17
      ]
    }
  },
  {
    "pk": 6,
    "model": "firewall.rule",
    "fields": {
      "r_type": "host",
      "direction": "1",
      "vlan": null,
      "description": "ssh ik net",
      "proto": "tcp",
      "firewall": null,
      "created_at": "2013-01-27T23:00:00Z",
      "extra": "-s 152.66.243.0/24",
      "modified_at": "2013-01-30T18:13:43Z",
      "owner": 1,
      "accept": true,
      "dport": 22,
      "host": 29,
      "nat_dport": null,
      "hostgroup": null,
      "nat": false,
      "foreign_network": 2,
      "sport": null,
      "vlangroup": null
    }
  },
  {
    "pk": 12,
    "model": "firewall.rule",
    "fields": {
      "r_type": "firewall",
      "direction": "1",
      "vlan": null,
      "description": "icmp",
      "proto": "icmp",
      "firewall": 1,
      "created_at": "2013-01-27T23:00:00Z",
      "extra": "",
      "modified_at": "2013-01-30T16:55:32Z",
      "owner": 1,
      "accept": true,
      "dport": null,
      "host": null,
      "nat_dport": null,
      "hostgroup": null,
      "nat": false,
      "foreign_network": 1,
      "sport": null,
      "vlangroup": null
    }
  },
  {
    "pk": 15,
    "model": "firewall.rule",
    "fields": {
      "r_type": "firewall",
      "direction": "0",
      "vlan": null,
      "description": "",
      "proto": null,
      "firewall": 1,
      "created_at": "2013-01-27T23:00:00Z",
      "extra": "",
      "modified_at": "2013-01-30T16:55:24Z",
      "owner": 1,
      "accept": true,
      "dport": null,
      "host": null,
      "nat_dport": null,
      "hostgroup": null,
      "nat": false,
      "foreign_network": 1,
      "sport": null,
      "vlangroup": null
    }
  },
  {
    "pk": 26,
    "model": "firewall.rule",
    "fields": {
      "r_type": "firewall",
      "direction": "1",
      "vlan": null,
      "description": "dhcp, time, tftp",
      "proto": null,
      "firewall": 1,
      "created_at": "2013-01-27T23:00:00Z",
      "extra": "-p udp -m multiport --dports 67,69,123",
      "modified_at": "2013-01-30T16:55:12Z",
      "owner": 1,
      "accept": true,
      "dport": null,
      "host": null,
      "nat_dport": null,
      "hostgroup": null,
      "nat": false,
      "foreign_network": 6,
      "sport": null,
      "vlangroup": null
    }
  },
  {
    "pk": 31,
    "model": "firewall.rule",
    "fields": {
      "r_type": "firewall",
      "direction": "1",
      "vlan": null,
      "description": "munin",
      "proto": "tcp",
      "firewall": 1,
      "created_at": "2013-01-27T23:00:00Z",
      "extra": "",
      "modified_at": "2013-01-30T16:54:33Z",
      "owner": 1,
      "accept": true,
      "dport": 4949,
      "host": null,
      "nat_dport": null,
      "hostgroup": null,
      "nat": false,
      "foreign_network": 5,
      "sport": null,
      "vlangroup": null
    }
  },
  {
    "pk": 33,
    "model": "firewall.rule",
    "fields": {
      "r_type": "host",
      "direction": "0",
      "vlan": null,
      "description": "nyomtat\u00f3 egyteru hp laserjet 1320",
      "proto": null,
      "firewall": null,
      "created_at": "2013-01-27T23:00:00Z",
      "extra": "-d 10.0.0.253",
      "modified_at": "2013-02-01T11:50:31Z",
      "owner": 1,
      "accept": true,
      "dport": null,
      "host": null,
      "nat_dport": null,
      "hostgroup": 1,
      "nat": false,
      "foreign_network": 16,
      "sport": null,
      "vlangroup": null
    }
  },
  {
    "pk": 34,
    "model": "firewall.rule",
    "fields": {
      "r_type": "host",
      "direction": "1",
      "vlan": null,
      "description": "ssh ",
      "proto": "tcp",
      "firewall": null,
      "created_at": "2013-01-27T23:00:00Z",
      "extra": "",
      "modified_at": "2013-01-30T18:12:41Z",
      "owner": 1,
      "accept": true,
      "dport": 22,
      "host": null,
      "nat_dport": null,
      "hostgroup": 9,
      "nat": false,
      "foreign_network": 2,
      "sport": null,
      "vlangroup": null
    }
  },
  {
    "pk": 35,
    "model": "firewall.rule",
    "fields": {
      "r_type": "firewall",
      "direction": "1",
      "vlan": null,
      "description": "vpn",
      "proto": "udp",
      "firewall": 1,
      "created_at": "2013-01-27T23:00:00Z",
      "extra": "",
      "modified_at": "2013-01-30T16:54:11Z",
      "owner": 1,
      "accept": true,
      "dport": 3721,
      "host": null,
      "nat_dport": null,
      "hostgroup": null,
      "nat": false,
      "foreign_network": 1,
      "sport": null,
      "vlangroup": null
    }
  },
  {
    "pk": 37,
    "model": "firewall.rule",
    "fields": {
      "r_type": "host",
      "direction": "1",
      "vlan": null,
      "description": "dns",
      "proto": "udp",
      "firewall": null,
      "created_at": "2013-01-27T23:00:00Z",
      "extra": "",
      "modified_at": "2013-01-30T18:14:23Z",
      "owner": 1,
      "accept": true,
      "dport": 53,
      "host": 29,
      "nat_dport": null,
      "hostgroup": null,
      "nat": false,
      "foreign_network": 2,
      "sport": null,
      "vlangroup": null
    }
  },
  {
    "pk": 38,
    "model": "firewall.rule",
    "fields": {
      "r_type": "firewall",
      "direction": "1",
      "vlan": null,
      "description": "ssh",
      "proto": "tcp",
      "firewall": 1,
      "created_at": "2013-01-27T23:00:00Z",
      "extra": "",
      "modified_at": "2013-01-30T16:53:53Z",
      "owner": 1,
      "accept": true,
      "dport": 532,
      "host": null,
      "nat_dport": null,
      "hostgroup": null,
      "nat": false,
      "foreign_network": 1,
      "sport": null,
      "vlangroup": null
    }
  },
  {
    "pk": 46,
    "model": "firewall.rule",
    "fields": {
      "r_type": "host",
      "direction": "1",
      "vlan": null,
      "description": "radius bd",
      "proto": "udp",
      "firewall": null,
      "created_at": "2013-01-27T23:00:00Z",
      "extra": "",
      "modified_at": "2013-01-30T18:11:51Z",
      "owner": 1,
      "accept": true,
      "dport": 1812,
      "host": 29,
      "nat_dport": null,
      "hostgroup": null,
      "nat": false,
      "foreign_network": 17,
      "sport": null,
      "vlangroup": null
    }
  },
  {
    "pk": 47,
    "model": "firewall.rule",
    "fields": {
      "r_type": "host",
      "direction": "1",
      "vlan": null,
      "description": "http",
      "proto": "tcp",
      "firewall": null,
      "created_at": "2013-01-27T23:00:00Z",
      "extra": "",
      "modified_at": "2013-01-30T18:11:07Z",
      "owner": 1,
      "accept": true,
      "dport": 80,
      "host": null,
      "nat_dport": null,
      "hostgroup": 8,
      "nat": false,
      "foreign_network": 2,
      "sport": null,
      "vlangroup": null
    }
  },
  {
    "pk": 48,
    "model": "firewall.rule",
    "fields": {
      "r_type": "host",
      "direction": "1",
      "vlan": null,
      "description": "syslog iknet",
      "proto": "tcp",
      "firewall": null,
      "created_at": "2013-01-27T23:00:00Z",
      "extra": "-s 152.66.243.0/24",
      "modified_at": "2013-01-30T18:10:50Z",
      "owner": 1,
      "accept": true,
      "dport": 1999,
      "host": 3,
      "nat_dport": null,
      "hostgroup": null,
      "nat": false,
      "foreign_network": 2,
      "sport": null,
      "vlangroup": null
    }
  },
  {
    "pk": 261,
    "model": "firewall.rule",
    "fields": {
      "r_type": "host",
      "direction": "1",
      "vlan": null,
      "description": "pbx",
      "proto": null,
      "firewall": null,
      "created_at": "2013-01-27T23:00:00Z",
      "extra": "-p tcp -m multiport --dport 80,2000,5060",
      "modified_at": "2013-01-30T18:10:23Z",
      "owner": 3,
      "accept": true,
      "dport": null,
      "host": 299,
      "nat_dport": null,
      "hostgroup": null,
      "nat": false,
      "foreign_network": 2,
      "sport": null,
      "vlangroup": null
    }
  },
  {
    "pk": 262,
    "model": "firewall.rule",
    "fields": {
      "r_type": "host",
      "direction": "1",
      "vlan": null,
      "description": "pbx",
      "proto": null,
      "firewall": null,
      "created_at": "2013-01-27T23:00:00Z",
      "extra": "-p udp -m multiport --dport 5000,5060,4569",
      "modified_at": "2013-01-30T18:09:40Z",
      "owner": 3,
      "accept": true,
      "dport": null,
      "host": 299,
      "nat_dport": null,
      "hostgroup": null,
      "nat": false,
      "foreign_network": 2,
      "sport": null,
      "vlangroup": null
    }
  },
  {
    "pk": 263,
    "model": "firewall.rule",
    "fields": {
      "r_type": "host",
      "direction": "0",
      "vlan": null,
      "description": "nyomtat\u00f3 canon iR2870 (f\u00e9nym\u00e1sol\u00f3)",
      "proto": null,
      "firewall": null,
      "created_at": "2013-01-27T23:00:00Z",
      "extra": "-d 10.0.0.251",
      "modified_at": "2013-01-30T18:09:22Z",
      "owner": 1,
      "accept": true,
      "dport": null,
      "host": null,
      "nat_dport": null,
      "hostgroup": 1,
      "nat": false,
      "foreign_network": 16,
      "sport": null,
      "vlangroup": null
    }
  },
  {
    "pk": 264,
    "model": "firewall.rule",
    "fields": {
      "r_type": "host",
      "direction": "0",
      "vlan": null,
      "description": "nyomtato hp laserjet cp1525",
      "proto": null,
      "firewall": null,
      "created_at": "2013-01-27T23:00:00Z",
      "extra": "-d 10.0.0.65",
      "modified_at": "2013-01-30T18:08:59Z",
      "owner": 1,
      "accept": true,
      "dport": null,
      "host": null,
      "nat_dport": null,
      "hostgroup": 1,
      "nat": false,
      "foreign_network": 16,
      "sport": null,
      "vlangroup": null
    }
  },
  {
    "pk": 849,
    "model": "firewall.rule",
    "fields": {
      "r_type": "host",
      "direction": "1",
      "vlan": null,
      "description": "dns",
      "proto": "tcp",
      "firewall": null,
      "created_at": "2013-01-27T23:00:00Z",
      "extra": "",
      "modified_at": "2013-01-30T18:15:27Z",
      "owner": 1,
      "accept": true,
      "dport": 53,
      "host": 29,
      "nat_dport": null,
      "hostgroup": null,
      "nat": false,
      "foreign_network": 2,
      "sport": null,
      "vlangroup": null
    }
  },
  {
    "pk": 856,
    "model": "firewall.rule",
    "fields": {
      "r_type": "host",
      "direction": "1",
      "vlan": null,
      "description": "https",
      "proto": "tcp",
      "firewall": null,
      "created_at": "2013-01-27T23:00:00Z",
      "extra": "",
      "modified_at": "2013-01-30T18:16:00Z",
      "owner": 1,
      "accept": true,
      "dport": 443,
      "host": null,
      "nat_dport": null,
      "hostgroup": 8,
      "nat": false,
      "foreign_network": 2,
      "sport": null,
      "vlangroup": null
    }
  },
  {
    "pk": 859,
    "model": "firewall.rule",
    "fields": {
      "r_type": "host",
      "direction": "1",
      "vlan": null,
      "description": "opennebula novnc",
      "proto": "tcp",
      "firewall": null,
      "created_at": "2013-01-27T23:00:00Z",
      "extra": "",
      "modified_at": "2013-01-30T18:07:51Z",
      "owner": 1,
      "accept": true,
      "dport": 29876,
      "host": 12,
      "nat_dport": null,
      "hostgroup": null,
      "nat": false,
      "foreign_network": 2,
      "sport": null,
      "vlangroup": null
    }
  },
  {
    "pk": 866,
    "model": "firewall.rule",
    "fields": {
      "r_type": "host",
      "direction": "0",
      "vlan": null,
      "description": "smb server",
      "proto": null,
      "firewall": null,
      "created_at": "2013-01-27T23:00:00Z",
      "extra": "-d 10.0.0.253",
      "modified_at": "2013-01-30T18:07:10Z",
      "owner": 3,
      "accept": true,
      "dport": null,
      "host": null,
      "nat_dport": null,
      "hostgroup": 1,
      "nat": false,
      "foreign_network": 16,
      "sport": null,
      "vlangroup": null
    }
  },
  {
    "pk": 867,
    "model": "firewall.rule",
    "fields": {
      "r_type": "firewall",
      "direction": "1",
      "vlan": null,
      "description": "time war",
      "proto": "udp",
      "firewall": 1,
      "created_at": "2013-01-27T23:00:00Z",
      "extra": "",
      "modified_at": "2013-01-30T16:53:09Z",
      "owner": 1,
      "accept": true,
      "dport": 123,
      "host": null,
      "nat_dport": null,
      "hostgroup": null,
      "nat": false,
      "foreign_network": 4,
      "sport": null,
      "vlangroup": null
    }
  },
  {
    "pk": 948,
    "model": "firewall.rule",
    "fields": {
      "r_type": "host",
      "direction": "0",
      "vlan": null,
      "description": "",
      "proto": "tcp",
      "firewall": null,
      "created_at": "2013-01-27T23:00:00Z",
      "extra": "",
      "modified_at": "2013-01-30T18:05:27Z",
      "owner": 1,
      "accept": true,
      "dport": 25,
      "host": null,
      "nat_dport": null,
      "hostgroup": 6,
      "nat": false,
      "foreign_network": 15,
      "sport": null,
      "vlangroup": null
    }
  },
  {
    "pk": 988,
    "model": "firewall.rule",
    "fields": {
      "r_type": "host",
      "direction": "0",
      "vlan": null,
      "description": "mailezhet cronosra",
      "proto": "tcp",
      "firewall": null,
      "created_at": "2013-01-27T23:00:00Z",
      "extra": "-d 152.66.243.1",
      "modified_at": "2013-01-30T18:16:59Z",
      "owner": 1,
      "accept": true,
      "dport": 25,
      "host": null,
      "nat_dport": null,
      "hostgroup": 7,
      "nat": false,
      "foreign_network": 15,
      "sport": null,
      "vlangroup": null
    }
  },
  {
    "pk": 1096,
    "model": "firewall.rule",
    "fields": {
      "r_type": "vlan",
      "direction": "0",
      "vlan": 5,
      "description": "",
      "proto": null,
      "firewall": null,
      "created_at": "2013-01-30T17:00:58Z",
      "extra": "",
      "modified_at": "2013-01-30T17:17:28Z",
      "owner": 1,
      "accept": true,
      "dport": null,
      "host": null,
      "nat_dport": null,
      "hostgroup": null,
      "nat": false,
      "foreign_network": 8,
      "sport": null,
      "vlangroup": null
    }
  },
  {
    "pk": 1097,
    "model": "firewall.rule",
    "fields": {
      "r_type": "vlan",
      "direction": "0",
      "vlan": 6,
      "description": "",
      "proto": null,
      "firewall": null,
      "created_at": "2013-01-30T17:03:59Z",
      "extra": "",
      "modified_at": "2013-01-30T17:03:59Z",
      "owner": 1,
      "accept": true,
      "dport": null,
      "host": null,
      "nat_dport": null,
      "hostgroup": null,
      "nat": false,
      "foreign_network": 7,
      "sport": null,
      "vlangroup": null
    }
  },
  {
    "pk": 1098,
    "model": "firewall.rule",
    "fields": {
      "r_type": "vlan",
      "direction": "0",
      "vlan": 2,
      "description": "",
      "proto": null,
      "firewall": null,
      "created_at": "2013-01-30T17:06:14Z",
      "extra": "",
      "modified_at": "2013-01-30T17:06:14Z",
      "owner": 1,
      "accept": true,
      "dport": null,
      "host": null,
      "nat_dport": null,
      "hostgroup": null,
      "nat": false,
      "foreign_network": 5,
      "sport": null,
      "vlangroup": null
    }
  },
  {
    "pk": 1099,
    "model": "firewall.rule",
    "fields": {
      "r_type": "vlan",
      "direction": "0",
      "vlan": 3,
      "description": "",
      "proto": null,
      "firewall": null,
      "created_at": "2013-01-30T17:18:33Z",
      "extra": "",
      "modified_at": "2013-01-30T17:18:33Z",
      "owner": 1,
      "accept": true,
      "dport": null,
      "host": null,
      "nat_dport": null,
      "hostgroup": null,
      "nat": false,
      "foreign_network": 9,
      "sport": null,
      "vlangroup": null
    }
  },
  {
    "pk": 1100,
    "model": "firewall.rule",
    "fields": {
      "r_type": "vlan",
      "direction": "0",
      "vlan": 1,
      "description": "",
      "proto": null,
      "firewall": null,
      "created_at": "2013-01-30T17:19:14Z",
      "extra": "",
      "modified_at": "2013-01-30T17:19:14Z",
      "owner": 1,
      "accept": true,
      "dport": null,
      "host": null,
      "nat_dport": null,
      "hostgroup": null,
      "nat": false,
      "foreign_network": 8,
      "sport": null,
      "vlangroup": null
    }
  },
  {
    "pk": 1101,
    "model": "firewall.rule",
    "fields": {
      "r_type": "vlan",
      "direction": "0",
      "vlan": 7,
      "description": "",
      "proto": null,
      "firewall": null,
      "created_at": "2013-01-30T17:19:48Z",
      "extra": "",
      "modified_at": "2013-01-30T17:19:48Z",
      "owner": 2,
      "accept": true,
      "dport": null,
      "host": null,
      "nat_dport": null,
      "hostgroup": null,
      "nat": false,
      "foreign_network": 4,
      "sport": null,
      "vlangroup": null
    }
  },
  {
    "pk": 1102,
    "model": "firewall.rule",
    "fields": {
      "r_type": "vlan",
      "direction": "0",
      "vlan": 8,
      "description": "",
      "proto": null,
      "firewall": null,
      "created_at": "2013-01-30T17:20:55Z",
      "extra": "",
      "modified_at": "2013-02-05T17:02:32Z",
      "owner": 1,
      "accept": true,
      "dport": null,
      "host": null,
      "nat_dport": null,
      "hostgroup": null,
      "nat": false,
      "foreign_network": 10,
      "sport": null,
      "vlangroup": null
    }
  },
  {
    "pk": 1103,
    "model": "firewall.rule",
    "fields": {
      "r_type": "vlan",
      "direction": "0",
      "vlan": 10,
      "description": "",
      "proto": null,
      "firewall": null,
      "created_at": "2013-01-30T17:21:36Z",
      "extra": "",
      "modified_at": "2013-01-30T17:21:36Z",
      "owner": 1,
      "accept": true,
      "dport": null,
      "host": null,
      "nat_dport": null,
      "hostgroup": null,
      "nat": false,
      "foreign_network": 11,
      "sport": null,
      "vlangroup": null
    }
  },
  {
    "pk": 1104,
    "model": "firewall.rule",
    "fields": {
      "r_type": "vlan",
      "direction": "0",
      "vlan": 11,
      "description": "",
      "proto": null,
      "firewall": null,
      "created_at": "2013-01-30T17:22:27Z",
      "extra": "",
      "modified_at": "2013-01-30T17:22:27Z",
      "owner": 1,
      "accept": true,
      "dport": null,
      "host": null,
      "nat_dport": null,
      "hostgroup": null,
      "nat": false,
      "foreign_network": 12,
      "sport": null,
      "vlangroup": null
    }
  },
  {
    "pk": 1105,
    "model": "firewall.rule",
    "fields": {
      "r_type": "vlan",
      "direction": "0",
      "vlan": 12,
      "description": "",
      "proto": null,
      "firewall": null,
      "created_at": "2013-01-30T17:28:15Z",
      "extra": "",
      "modified_at": "2013-01-30T17:28:15Z",
      "owner": 1,
      "accept": true,
      "dport": null,
      "host": null,
      "nat_dport": null,
      "hostgroup": null,
      "nat": false,
      "foreign_network": 13,
      "sport": null,
      "vlangroup": null
    }
  },
  {
    "pk": 1106,
    "model": "firewall.rule",
    "fields": {
      "r_type": "vlan",
      "direction": "0",
      "vlan": 4,
      "description": "",
      "proto": null,
      "firewall": null,
      "created_at": "2013-01-30T17:29:14Z",
      "extra": "",
      "modified_at": "2013-01-30T17:29:14Z",
      "owner": 1,
      "accept": true,
      "dport": null,
      "host": null,
      "nat_dport": null,
      "hostgroup": null,
      "nat": false,
      "foreign_network": 14,
      "sport": null,
      "vlangroup": null
    }
  },
  {
    "pk": 1158,
    "model": "firewall.rule",
    "fields": {
      "r_type": "host",
      "direction": "0",
      "vlan": null,
      "description": "",
      "proto": null,
      "firewall": null,
      "created_at": "2013-01-30T18:18:01Z",
      "extra": "",
      "modified_at": "2013-01-30T18:18:01Z",
      "owner": 1,
      "accept": true,
      "dport": null,
      "host": null,
      "nat_dport": null,
      "hostgroup": 5,
      "nat": false,
      "foreign_network": 15,
      "sport": null,
      "vlangroup": null
    }
  },
  {
    "pk": 1159,
    "model": "firewall.rule",
    "fields": {
      "r_type": "host",
      "direction": "1",
      "vlan": null,
      "description": "",
      "proto": null,
      "firewall": null,
      "created_at": "2013-01-30T18:18:01Z",
      "extra": "",
      "modified_at": "2013-01-30T18:18:01Z",
      "owner": 1,
      "accept": true,
      "dport": null,
      "host": null,
      "nat_dport": null,
      "hostgroup": 5,
      "nat": false,
      "foreign_network": 2,
      "sport": null,
      "vlangroup": null
    }
  },
  {
    "pk": 1160,
    "model": "firewall.rule",
    "fields": {
      "r_type": "host",
      "direction": "0",
      "vlan": null,
      "description": "",
      "proto": null,
      "firewall": null,
      "created_at": "2013-01-30T18:18:34Z",
      "extra": "",
      "modified_at": "2013-01-30T18:18:34Z",
      "owner": 1,
      "accept": true,
      "dport": null,
      "host": null,
      "nat_dport": null,
      "hostgroup": 4,
      "nat": false,
      "foreign_network": 15,
      "sport": null,
      "vlangroup": null
    }
  },
  {
    "pk": 1161,
    "model": "firewall.rule",
    "fields": {
      "r_type": "host",
      "direction": "1",
      "vlan": null,
      "description": "",
      "proto": null,
      "firewall": null,
      "created_at": "2013-01-30T18:19:34Z",
      "extra": "",
      "modified_at": "2013-01-30T18:19:34Z",
      "owner": 1,
      "accept": true,
      "dport": null,
      "host": null,
      "nat_dport": null,
      "hostgroup": 2,
      "nat": false,
      "foreign_network": 18,
      "sport": null,
      "vlangroup": null
    }
  },
  {
    "pk": 1170,
    "model": "firewall.rule",
    "fields": {
      "r_type": "host",
      "direction": "0",
      "vlan": null,
      "description": "",
      "proto": null,
      "firewall": null,
      "created_at": "2013-01-30T21:28:01Z",
      "extra": "",
      "modified_at": "2013-01-30T21:28:01Z",
      "owner": 1,
      "accept": true,
      "dport": null,
      "host": 7,
      "nat_dport": null,
      "hostgroup": null,
      "nat": false,
      "foreign_network": 5,
      "sport": null,
      "vlangroup": null
    }
  },
  {
    "pk": 1177,
    "model": "firewall.rule",
    "fields": {
      "r_type": "host",
      "direction": "1",
      "vlan": null,
      "description": "",
      "proto": null,
      "firewall": null,
      "created_at": "2013-01-31T13:15:14Z",
      "extra": "-s 10.2.0.4",
      "modified_at": "2013-01-31T13:15:14Z",
      "owner": 1,
      "accept": true,
      "dport": null,
      "host": null,
      "nat_dport": null,
      "hostgroup": 3,
      "nat": false,
      "foreign_network": 7,
      "sport": null,
      "vlangroup": null
    }
  },
  {
    "pk": 1179,
    "model": "firewall.rule",
    "fields": {
      "r_type": "host",
      "direction": "1",
      "vlan": null,
      "description": "",
      "proto": "tcp",
      "firewall": null,
      "created_at": "2013-01-31T18:38:19Z",
      "extra": "",
      "modified_at": "2013-01-31T18:45:41Z",
      "owner": 6,
      "accept": true,
      "dport": 443,
      "host": 645,
      "nat_dport": null,
      "hostgroup": null,
      "nat": false,
      "foreign_network": 1,
      "sport": null,
      "vlangroup": null
    }
  },
  {
    "pk": 1215,
    "model": "firewall.rule",
    "fields": {
      "r_type": "host",
      "direction": "1",
      "vlan": null,
      "description": "",
      "proto": "udp",
      "firewall": null,
      "created_at": "2013-02-05T22:26:54Z",
      "extra": "",
      "modified_at": "2013-02-05T22:26:54Z",
      "owner": 1,
      "accept": true,
      "dport": 53,
      "host": 796,
      "nat_dport": null,
      "hostgroup": null,
      "nat": false,
      "foreign_network": 2,
      "sport": null,
      "vlangroup": null
    }
  },
  {
    "pk": 1217,
    "model": "firewall.rule",
    "fields": {
      "r_type": "host",
      "direction": "1",
      "vlan": null,
      "description": "",
      "proto": "tcp",
      "firewall": null,
      "created_at": "2013-03-01T16:28:39Z",
      "extra": "",
      "modified_at": "2013-03-01T16:28:39Z",
      "owner": 7,
      "accept": true,
      "dport": 22,
      "host": 872,
      "nat_dport": null,
      "hostgroup": null,
      "nat": false,
      "foreign_network": 2,
      "sport": null,
      "vlangroup": null
    }
  },
  {
    "pk": 1,
    "model": "firewall.vlan",
    "fields": {
      "comment": "",
      "domain": 5,
      "reverse_domain": "%(d)d.%(c)d.%(b)d.%(a)d.in-addr.arpa",
      "name": "OFF",
      "vid": 5,
      "dhcp_pool": "manual",
      "created_at": "2013-01-27T23:00:00Z",
      "modified_at": "2013-02-05T15:03:02Z",
      "prefix6": 80,
      "prefix4": 16,
      "owner": null,
      "snat_ip": "152.66.243.160",
      "ipv4": "10.5.255.254",
      "snat_to": [
        1,
        4,
        7
      ],
      "ipv6": "2001:738:2001:4031:5:255:254:0",
      "interface": "vlan0005",
      "net6": "2001:738:2001:4031:5::",
      "net4": "10.5.0.0",
      "description": ""
    }
  },
  {
    "pk": 2,
    "model": "firewall.vlan",
    "fields": {
      "comment": "",
      "domain": 2,
      "reverse_domain": "%(d)d.%(c)d.%(b)d.%(a)d.in-addr.arpa",
      "name": "MAN",
      "vid": 3,
      "dhcp_pool": "10.3.3.2 10.3.3.254",
      "created_at": "2013-01-27T23:00:00Z",
      "modified_at": "2013-02-05T15:03:17Z",
      "prefix6": 80,
      "prefix4": 16,
      "owner": null,
      "snat_ip": "152.66.243.160",
      "ipv4": "10.3.255.254",
      "snat_to": [
        4,
        7
      ],
      "ipv6": "2001:738:2001:4031:3:255:254:0",
      "interface": "vlan0003",
      "net6": "2001:738:2001:4031:3::",
      "net4": "10.3.0.0",
      "description": ""
    }
  },
  {
    "pk": 3,
    "model": "firewall.vlan",
    "fields": {
      "comment": "",
      "domain": 6,
      "reverse_domain": "%(d)d.%(c)d.%(b)d.%(a)d.in-addr.arpa",
      "name": "HOT",
      "vid": 4,
      "dhcp_pool": "10.4.0.2 10.4.0.254",
      "created_at": "2013-01-27T23:00:00Z",
      "modified_at": "2013-02-05T15:03:27Z",
      "prefix6": 80,
      "prefix4": 16,
      "owner": null,
      "snat_ip": "152.66.243.160",
      "ipv4": "10.4.255.254",
      "snat_to": [
        4,
        7
      ],
      "ipv6": "2001:738:2001:4031:4:255:254:0",
      "interface": "vlan0004",
      "net6": "2001:738:2001:4031:4::",
      "net4": "10.4.0.0",
      "description": ""
    }
  },
  {
    "pk": 4,
    "model": "firewall.vlan",
    "fields": {
      "comment": "",
      "domain": 4,
      "reverse_domain": "%(d)d.%(c)d.%(b)d.%(a)d.in-addr.arpa",
      "name": "PUB",
      "vid": 66,
      "dhcp_pool": "",
      "created_at": "2013-01-27T23:00:00Z",
      "modified_at": "2013-02-05T15:03:40Z",
      "prefix6": 64,
      "prefix4": 24,
      "owner": null,
      "snat_ip": null,
      "ipv4": "152.66.243.160",
      "snat_to": [],
      "ipv6": "2001:738:2001:4030::fffe",
      "interface": "pub",
      "net6": "2001:738:2001:4030::",
      "net4": "152.66.243.0",
      "description": ""
    }
  },
  {
    "pk": 5,
    "model": "firewall.vlan",
    "fields": {
      "comment": "",
      "domain": 7,
      "reverse_domain": "%(d)d.%(c)d.%(b)d.%(a)d.in-addr.arpa",
      "name": "VPN",
      "vid": 1,
      "dhcp_pool": "",
      "created_at": "2013-01-27T23:00:00Z",
      "modified_at": "2013-02-05T15:04:12Z",
      "prefix6": 80,
      "prefix4": 16,
      "owner": null,
      "snat_ip": "152.66.243.160",
      "ipv4": "10.1.255.254",
      "snat_to": [
        4,
        5,
        7
      ],
      "ipv6": "2001:738:2001:4031:1:255:254:0",
      "interface": "vpn",
      "net6": "2001:738:2001:4031:1::",
      "net4": "10.1.0.0",
      "description": ""
    }
  },
  {
    "pk": 6,
    "model": "firewall.vlan",
    "fields": {
      "comment": "",
      "domain": 1,
      "reverse_domain": "%(d)d.dns1.%(c)d.%(b)d.%(a)d.in-addr.arpa",
      "name": "DMZ",
      "vid": 2,
      "dhcp_pool": "manual",
      "created_at": "2013-01-27T23:00:00Z",
      "modified_at": "2013-02-05T15:04:25Z",
      "prefix6": 80,
      "prefix4": 16,
      "owner": null,
      "snat_ip": null,
      "ipv4": "10.2.255.254",
      "snat_to": [],
      "ipv6": "2001:738:2001:4031:2:255:254:0",
      "interface": "vlan0002",
      "net6": "2001:738:2001:4031:2::",
      "net4": "10.2.0.0",
      "description": ""
    }
  },
  {
    "pk": 7,
    "model": "firewall.vlan",
    "fields": {
      "comment": "",
      "domain": 1,
      "reverse_domain": "%(d)d.dns1.%(c)d.%(b)d.%(a)d.in-addr.arpa",
      "name": "WAR",
      "vid": 6,
      "dhcp_pool": "manual",
      "created_at": "2013-01-27T23:00:00Z",
      "modified_at": "2013-02-05T15:04:41Z",
      "prefix6": 80,
      "prefix4": 26,
      "owner": null,
      "snat_ip": null,
      "ipv4": "152.66.243.126",
      "snat_to": [],
      "ipv6": "2001:738:2001:4031:66:243:126:0",
      "interface": "vlan0006",
      "net6": "2001:738:2001:4031:66::",
      "net4": "152.66.243.64",
      "description": ""
    }
  },
  {
    "pk": 8,
    "model": "firewall.vlan",
    "fields": {
      "comment": "",
      "domain": 3,
      "reverse_domain": "%(d)d.%(c)d.%(b)d.%(a)d.in-addr.arpa",
      "name": "LAB",
      "vid": 7,
      "dhcp_pool": "10.7.0.2 10.7.0.254",
      "created_at": "2013-01-27T23:00:00Z",
      "modified_at": "2013-02-05T15:04:50Z",
      "prefix6": 80,
      "prefix4": 16,
      "owner": null,
      "snat_ip": "152.66.243.160",
      "ipv4": "10.7.255.254",
      "snat_to": [
        4,
        7
      ],
      "ipv6": "2001:738:2001:4031:7:255:254:0",
      "interface": "vlan0007",
      "net6": "2001:738:2001:4031:7::",
      "net4": "10.7.0.0",
      "description": ""
    }
  },
  {
    "pk": 9,
    "model": "firewall.vlan",
    "fields": {
      "comment": "",
      "domain": 4,
      "reverse_domain": "%(d)d.%(c)d.%(b)d.%(a)d.in-addr.arpa",
      "name": "WOLF",
      "vid": 8,
      "dhcp_pool": "",
      "created_at": "2013-01-27T23:00:00Z",
      "modified_at": "2013-02-05T15:05:03Z",
      "prefix6": 80,
      "prefix4": 24,
      "owner": null,
      "snat_ip": null,
      "ipv4": "10.0.0.247",
      "snat_to": [],
      "ipv6": "2001:738:2001:4031:8:0:247:0",
      "interface": "vlan0008",
      "net6": "2001:738:2001:4031:8::",
      "net4": "10.0.0.0",
      "description": "Ketler office h\u00e1l\u00f3zata a nyomtat\u00f3 miatt (a M\u00e1t\u00e9 erre azt k\u00e9rdezte, hogy a nyomtat\u00f3 miatt az \u00f6v\u00e9?)"
    }
  },
  {
    "pk": 10,
    "model": "firewall.vlan",
    "fields": {
      "comment": "",
      "domain": 8,
      "reverse_domain": "%(d)d.%(c)d.%(b)d.%(a)d.in-addr.arpa",
      "name": "VM-NET",
      "vid": 9,
      "dhcp_pool": "manual",
      "created_at": "2013-01-27T23:00:00Z",
      "modified_at": "2013-02-05T15:05:20Z",
      "prefix6": 80,
      "prefix4": 16,
      "owner": null,
      "snat_ip": "152.66.243.62",
      "ipv4": "10.9.255.254",
      "snat_to": [
        4,
        7,
        10
      ],
      "ipv6": "2001:738:2001:4031:9:255:254:0",
      "interface": "vlan0009",
      "net6": "2001:738:2001:4031:9::",
      "net4": "10.9.0.0",
      "description": ""
    }
  },
  {
    "pk": 11,
    "model": "firewall.vlan",
    "fields": {
      "comment": "",
      "domain": 4,
      "reverse_domain": "%(d)d.%(c)d.%(b)d.%(a)d.in-addr.arpa",
      "name": "WAR2",
      "vid": 10,
      "dhcp_pool": "",
      "created_at": "2013-01-27T23:00:00Z",
      "modified_at": "2013-02-05T15:05:33Z",
      "prefix6": 80,
      "prefix4": 27,
      "owner": null,
      "snat_ip": null,
      "ipv4": "152.66.243.166",
      "snat_to": [],
      "ipv6": "2001:738:2001:4031:10:255:254:0",
      "interface": "vlan0010",
      "net6": "2001:738:2001:4031:10::",
      "net4": "152.66.243.160",
      "description": "mozdonyok"
    }
  },
  {
    "pk": 12,
    "model": "firewall.vlan",
    "fields": {
      "comment": "",
      "domain": 5,
      "reverse_domain": "%(d)d.%(c)d.%(b)d.%(a)d.in-addr.arpa",
      "name": "OFF2",
      "vid": 11,
      "dhcp_pool": "",
      "created_at": "2013-01-27T23:00:00Z",
      "modified_at": "2013-02-05T15:05:46Z",
      "prefix6": 80,
      "prefix4": 16,
      "owner": null,
      "snat_ip": "152.66.243.160",
      "ipv4": "10.11.255.254",
      "snat_to": [
        4,
        7
      ],
      "ipv6": "2001:738:2001:4031:11:255:254:0",
      "interface": "vlan0011",
      "net6": "2001:738:2001:4031:11::",
      "net4": "10.11.0.0",
      "description": ""
    }
  },
  {
    "pk": 1,
    "model": "firewall.vlangroup",
    "fields": {
      "name": "minden",
      "created_at": "2013-01-30T16:45:41Z",
      "modified_at": "2013-01-30T16:45:41Z",
      "owner": 1,
      "vlans": [
        1,
        2,
        3,
        4,
        5,
        6,
        7,
        8,
        9,
        10,
        11,
        12
      ],
      "description": ""
    }
  },
  {
    "pk": 2,
    "model": "firewall.vlangroup",
    "fields": {
      "name": "publikus",
      "created_at": "2013-01-30T16:46:19Z",
      "modified_at": "2013-01-30T16:46:23Z",
      "owner": 1,
      "vlans": [
        2,
        3,
        4,
        6,
        7,
        8,
        10,
        11,
        12
      ],
      "description": ""
    }
  },
  {
    "pk": 3,
    "model": "firewall.vlangroup",
    "fields": {
      "name": "semmi",
      "created_at": "2013-01-30T16:46:30Z",
      "modified_at": "2013-01-30T16:46:30Z",
      "owner": 1,
      "vlans": [],
      "description": ""
    }
  },
  {
    "pk": 4,
    "model": "firewall.vlangroup",
    "fields": {
      "name": "war",
      "created_at": "2013-01-30T16:52:56Z",
      "modified_at": "2013-01-30T16:52:56Z",
      "owner": 1,
      "vlans": [
        7
      ],
      "description": ""
    }
  },
  {
    "pk": 5,
    "model": "firewall.vlangroup",
    "fields": {
      "name": "man",
      "created_at": "2013-01-30T16:54:27Z",
      "modified_at": "2013-01-30T16:54:27Z",
      "owner": 1,
      "vlans": [
        2
      ],
      "description": ""
    }
  },
  {
    "pk": 6,
    "model": "firewall.vlangroup",
    "fields": {
      "name": "belso labak",
      "created_at": "2013-01-30T16:55:09Z",
      "modified_at": "2013-01-30T16:55:09Z",
      "owner": 1,
      "vlans": [
        1,
        2,
        3,
        5,
        6,
        7,
        8,
        10,
        12
      ],
      "description": ""
    }
  },
  {
    "pk": 7,
    "model": "firewall.vlangroup",
    "fields": {
      "name": "dmz",
      "created_at": "2013-01-30T17:01:59Z",
      "modified_at": "2013-01-30T17:01:59Z",
      "owner": 1,
      "vlans": [
        6
      ],
      "description": ""
    }
  },
  {
    "pk": 8,
    "model": "firewall.vlangroup",
    "fields": {
      "name": "vpnrol elerh. vlanok",
      "created_at": "2013-01-30T17:17:13Z",
      "modified_at": "2013-01-30T17:17:13Z",
      "owner": 1,
      "vlans": [
        3,
        4,
        5,
        6,
        7,
        8,
        10,
        11,
        12
      ],
      "description": ""
    }
  },
  {
    "pk": 9,
    "model": "firewall.vlangroup",
    "fields": {
      "name": "hotrol elerh vlanok",
      "created_at": "2013-01-30T17:18:27Z",
      "modified_at": "2013-01-30T17:18:27Z",
      "owner": 1,
      "vlans": [
        3,
        4
      ],
      "description": ""
    }
  },
  {
    "pk": 10,
    "model": "firewall.vlangroup",
    "fields": {
      "name": "labrol elerh. vlanok",
      "created_at": "2013-01-30T17:20:45Z",
      "modified_at": "2013-01-30T17:20:45Z",
      "owner": 1,
      "vlans": [
        4,
        8
      ],
      "description": ""
    }
  },
  {
    "pk": 11,
    "model": "firewall.vlangroup",
    "fields": {
      "name": "vm-net",
      "created_at": "2013-01-30T17:21:29Z",
      "modified_at": "2013-01-30T17:21:29Z",
      "owner": 1,
      "vlans": [
        10
      ],
      "description": ""
    }
  },
  {
    "pk": 12,
    "model": "firewall.vlangroup",
    "fields": {
      "name": "war2rol elerh.vlano",
      "created_at": "2013-01-30T17:22:18Z",
      "modified_at": "2013-01-30T17:22:18Z",
      "owner": 1,
      "vlans": [
        4,
        11
      ],
      "description": ""
    }
  },
  {
    "pk": 13,
    "model": "firewall.vlangroup",
    "fields": {
      "name": "off2",
      "created_at": "2013-01-30T17:28:05Z",
      "modified_at": "2013-01-30T17:28:05Z",
      "owner": 1,
      "vlans": [
        12
      ],
      "description": ""
    }
  },
  {
    "pk": 14,
    "model": "firewall.vlangroup",
    "fields": {
      "name": "pubrol elerh. vlanok",
      "created_at": "2013-01-30T17:29:03Z",
      "modified_at": "2013-01-30T17:29:03Z",
      "owner": 1,
      "vlans": [
        4,
        11
      ],
      "description": ""
    }
  },
  {
    "pk": 15,
    "model": "firewall.vlangroup",
    "fields": {
      "name": "pub",
      "created_at": "2013-01-30T18:04:44Z",
      "modified_at": "2013-01-30T18:04:44Z",
      "owner": 1,
      "vlans": [
        4
      ],
      "description": ""
    }
  },
  {
    "pk": 16,
    "model": "firewall.vlangroup",
    "fields": {
      "name": "wolf",
      "created_at": "2013-01-30T18:07:01Z",
      "modified_at": "2013-01-30T18:07:01Z",
      "owner": 1,
      "vlans": [
        9
      ],
      "description": ""
    }
  },
  {
    "pk": 17,
    "model": "firewall.vlangroup",
    "fields": {
      "name": "hot",
      "created_at": "2013-01-30T18:11:38Z",
      "modified_at": "2013-01-30T18:11:38Z",
      "owner": 1,
      "vlans": [
        3
      ],
      "description": ""
    }
  },
  {
    "pk": 18,
    "model": "firewall.vlangroup",
    "fields": {
      "name": "vpn",
      "created_at": "2013-01-30T18:19:27Z",
      "modified_at": "2013-01-30T18:19:27Z",
      "owner": 1,
      "vlans": [
        5
      ],
      "description": ""
    }
  },
  {
    "pk": 1,
    "model": "firewall.group",
    "fields": {
      "owner": 1,
      "created_at": "2013-01-27T23:00:00Z",
      "modified_at": "2013-01-30T18:20:03Z",
      "name": "irodai gep",
      "description": ""
    }
  },
  {
    "pk": 2,
    "model": "firewall.group",
    "fields": {
      "owner": 1,
      "created_at": "2013-01-27T23:00:00Z",
      "modified_at": "2013-01-30T18:19:54Z",
      "name": "vpnrol elerheto",
      "description": ""
    }
  },
  {
    "pk": 3,
    "model": "firewall.group",
    "fields": {
      "owner": 1,
      "created_at": "2013-01-27T23:00:00Z",
      "modified_at": "2013-01-31T13:15:14Z",
      "name": "irodai telefon",
      "description": ""
    }
  },
  {
    "pk": 4,
    "model": "firewall.group",
    "fields": {
      "owner": 1,
      "created_at": "2013-01-27T23:00:00Z",
      "modified_at": "2013-01-30T18:18:45Z",
      "name": "netezhet",
      "description": ""
    }
  },
  {
    "pk": 5,
    "model": "firewall.group",
    "fields": {
      "owner": 1,
      "created_at": "2013-01-27T23:00:00Z",
      "modified_at": "2013-01-30T18:18:08Z",
      "name": "minden pub fele",
      "description": ""
    }
  },
  {
    "pk": 6,
    "model": "firewall.group",
    "fields": {
      "owner": 1,
      "created_at": "2013-01-27T23:00:00Z",
      "modified_at": "2013-01-30T18:17:18Z",
      "name": "mailszerver",
      "description": ""
    }
  },
  {
    "pk": 7,
    "model": "firewall.group",
    "fields": {
      "owner": 1,
      "created_at": "2013-01-27T23:00:00Z",
      "modified_at": "2013-01-30T18:17:29Z",
      "name": "mailezhet cronosra",
      "description": ""
    }
  },
  {
    "pk": 8,
    "model": "firewall.group",
    "fields": {
      "owner": 1,
      "created_at": "2013-01-30T18:08:13Z",
      "modified_at": "2013-01-30T18:08:13Z",
      "name": "webszerver",
      "description": ""
    }
  },
  {
    "pk": 9,
    "model": "firewall.group",
    "fields": {
      "owner": 1,
      "created_at": "2013-01-30T18:12:10Z",
      "modified_at": "2013-01-30T18:12:10Z",
      "name": "sshserver",
      "description": ""
    }
  },
  {
    "pk": 3,
    "model": "firewall.host",
    "fields": {
      "comment": ":(",
      "vlan": 6,
      "reverse": "",
      "created_at": "2013-01-27T23:00:00Z",
      "hostname": "backup",
      "modified_at": "2013-01-27T23:00:00Z",
      "location": "IL312/SFS/19",
      "pub_ipv4": "152.66.243.97",
      "mac": "00:17:a4:3a:56:58",
      "shared_ip": false,
      "ipv4": "10.2.0.6",
      "groups": [
        2,
        4
      ],
      "ipv6": null,
      "owner": 2,
      "description": "Erre a gepre lehet backupolni sokat. Kivulrol nem igazan latszik, hanem dmz-off-vpn felol inkabb."
    }
  },
  {
    "pk": 7,
    "model": "firewall.host",
    "fields": {
      "comment": "",
      "vlan": 1,
      "reverse": "",
      "created_at": "2013-01-27T23:00:00Z",
      "hostname": "bd",
      "modified_at": "2013-01-30T21:28:01Z",
      "location": "",
      "pub_ipv4": null,
      "mac": "00:13:f7:d1:b8:af",
      "shared_ip": false,
      "ipv4": "10.5.253.6",
      "groups": [
        1,
        2
      ],
      "ipv6": "2001:738:2001:4031:5:253:6:0",
      "owner": 2,
      "description": "bd gepe"
    }
  },
  {
    "pk": 8,
    "model": "firewall.host",
    "fields": {
      "comment": "saj\u00e1t g\u00e9p",
      "vlan": 1,
      "reverse": null,
      "created_at": "2013-01-27T23:00:00Z",
      "hostname": "mate",
      "modified_at": "2013-01-27T23:00:00Z",
      "location": "",
      "pub_ipv4": null,
      "mac": "64:31:50:93:4e:5d",
      "shared_ip": false,
      "ipv4": "10.5.253.5",
      "groups": [
        1,
        2
      ],
      "ipv6": "2001:738:2001:4031:5:253:5:0",
      "owner": 3,
      "description": "\u0150ry M\u00e1t\u00e9 laptopja"
    }
  },
  {
    "pk": 9,
    "model": "firewall.host",
    "fields": {
      "comment": "",
      "vlan": 1,
      "reverse": null,
      "created_at": "2013-01-27T23:00:00Z",
      "hostname": "tele8",
      "modified_at": "2013-01-27T23:00:00Z",
      "location": "",
      "pub_ipv4": null,
      "mac": "00:90:78:83:56:76",
      "shared_ip": false,
      "ipv4": "10.5.253.87",
      "groups": [
        3
      ],
      "ipv6": "2001:738:2001:4031:5:253:87:0",
      "owner": 3,
      "description": "Cziva Ricsi telefonja"
    }
  },
  {
    "pk": 10,
    "model": "firewall.host",
    "fields": {
      "comment": "",
      "vlan": 1,
      "reverse": null,
      "created_at": "2013-01-27T23:00:00Z",
      "hostname": "tele6",
      "modified_at": "2013-01-27T23:00:00Z",
      "location": "",
      "pub_ipv4": null,
      "mac": "00:18:f8:84:f9:64",
      "shared_ip": false,
      "ipv4": "10.5.253.85",
      "groups": [
        3
      ],
      "ipv6": "2001:738:2001:4031:5:253:85:0",
      "owner": 3,
      "description": "M\u00e1t\u00e9 \u00e9s bd telefonja"
    }
  },
  {
    "pk": 12,
    "model": "firewall.host",
    "fields": {
      "comment": "",
      "vlan": 6,
      "reverse": "",
      "created_at": "2013-01-27T23:00:00Z",
      "hostname": "cloud",
      "modified_at": "2013-01-30T18:33:32Z",
      "location": "",
      "pub_ipv4": "152.66.243.98",
      "mac": "b4:b5:2f:67:ef:76",
      "shared_ip": false,
      "ipv4": "10.2.0.7",
      "groups": [
        2,
        4,
        6,
        8
      ],
      "ipv6": "2001:738:2001:4031:2:0:7:0",
      "owner": 4,
      "description": "az uj fejgep"
    }
  },
  {
    "pk": 16,
    "model": "firewall.host",
    "fields": {
      "comment": "",
      "vlan": 2,
      "reverse": "",
      "created_at": "2013-01-27T23:00:00Z",
      "hostname": "blade-ilo",
      "modified_at": "2013-01-27T23:00:00Z",
      "location": "",
      "pub_ipv4": null,
      "mac": "00:18:fe:35:32:af",
      "shared_ip": false,
      "ipv4": "10.3.2.1",
      "groups": [
        2
      ],
      "ipv6": null,
      "owner": 1,
      "description": ""
    }
  },
  {
    "pk": 17,
    "model": "firewall.host",
    "fields": {
      "comment": "",
      "vlan": 2,
      "reverse": null,
      "created_at": "2013-01-27T23:00:00Z",
      "hostname": "BLADE-VCETW280200SN",
      "modified_at": "2013-01-27T23:00:00Z",
      "location": "",
      "pub_ipv4": null,
      "mac": "00:1b:78:6e:81:42",
      "shared_ip": false,
      "ipv4": "10.3.2.2",
      "groups": [],
      "ipv6": "2001:738:2001:4031:3:2:2:0",
      "owner": 1,
      "description": ""
    }
  },
  {
    "pk": 18,
    "model": "firewall.host",
    "fields": {
      "comment": "",
      "vlan": 2,
      "reverse": null,
      "created_at": "2013-01-27T23:00:00Z",
      "hostname": "BLADE-ILOGB8849B4JH",
      "modified_at": "2013-01-27T23:00:00Z",
      "location": "",
      "pub_ipv4": null,
      "mac": "00:22:64:9c:24:96",
      "shared_ip": false,
      "ipv4": "10.3.2.3",
      "groups": [],
      "ipv6": "2001:738:2001:4031:3:2:3:0",
      "owner": 1,
      "description": ""
    }
  },
  {
    "pk": 19,
    "model": "firewall.host",
    "fields": {
      "comment": "",
      "vlan": 2,
      "reverse": null,
      "created_at": "2013-01-27T23:00:00Z",
      "hostname": "BLADE-VCETW280200SK",
      "modified_at": "2013-01-27T23:00:00Z",
      "location": "",
      "pub_ipv4": null,
      "mac": "00:1b:78:6e:81:3c",
      "shared_ip": false,
      "ipv4": "10.3.2.4",
      "groups": [],
      "ipv6": "2001:738:2001:4031:3:2:4:0",
      "owner": 1,
      "description": ""
    }
  },
  {
    "pk": 20,
    "model": "firewall.host",
    "fields": {
      "comment": "",
      "vlan": 2,
      "reverse": null,
      "created_at": "2013-01-27T23:00:00Z",
      "hostname": "BLADE-ILOPZ81MP6122",
      "modified_at": "2013-01-27T23:00:00Z",
      "location": "",
      "pub_ipv4": null,
      "mac": "00:1e:0b:ec:13:58",
      "shared_ip": false,
      "ipv4": "10.3.2.5",
      "groups": [],
      "ipv6": "2001:738:2001:4031:3:2:5:0",
      "owner": 1,
      "description": ""
    }
  },
  {
    "pk": 21,
    "model": "firewall.host",
    "fields": {
      "comment": "",
      "vlan": 2,
      "reverse": null,
      "created_at": "2013-01-27T23:00:00Z",
      "hostname": "BLADE-ILOCZJ80408UH",
      "modified_at": "2013-01-27T23:00:00Z",
      "location": "",
      "pub_ipv4": null,
      "mac": "00:1e:0b:e9:66:78",
      "shared_ip": false,
      "ipv4": "10.3.2.6",
      "groups": [],
      "ipv6": "2001:738:2001:4031:3:2:6:0",
      "owner": 1,
      "description": ""
    }
  },
  {
    "pk": 22,
    "model": "firewall.host",
    "fields": {
      "comment": "",
      "vlan": 2,
      "reverse": null,
      "created_at": "2013-01-27T23:00:00Z",
      "hostname": "mega6",
      "modified_at": "2013-01-27T23:00:00Z",
      "location": "",
      "pub_ipv4": null,
      "mac": "18:a9:05:64:19:aa",
      "shared_ip": false,
      "ipv4": "10.3.1.16",
      "groups": [
        4
      ],
      "ipv6": "2001:738:2001:4031:3:1:16:0",
      "owner": 1,
      "description": ""
    }
  },
  {
    "pk": 23,
    "model": "firewall.host",
    "fields": {
      "comment": "",
      "vlan": 2,
      "reverse": null,
      "created_at": "2013-01-27T23:00:00Z",
      "hostname": "blade1",
      "modified_at": "2013-01-27T23:00:00Z",
      "location": "",
      "pub_ipv4": null,
      "mac": "00:1e:0b:e9:79:1e",
      "shared_ip": false,
      "ipv4": "10.3.1.21",
      "groups": [
        4
      ],
      "ipv6": "2001:738:2001:4031:3:1:21:0",
      "owner": 1,
      "description": ""
    }
  },
  {
    "pk": 24,
    "model": "firewall.host",
    "fields": {
      "comment": "",
      "vlan": 2,
      "reverse": null,
      "created_at": "2013-01-27T23:00:00Z",
      "hostname": "blade2",
      "modified_at": "2013-01-27T23:00:00Z",
      "location": "",
      "pub_ipv4": null,
      "mac": "00:22:64:9c:fd:34",
      "shared_ip": false,
      "ipv4": "10.3.1.22",
      "groups": [
        4
      ],
      "ipv6": "2001:738:2001:4031:3:1:22:0",
      "owner": 1,
      "description": ""
    }
  },
  {
    "pk": 25,
    "model": "firewall.host",
    "fields": {
      "comment": "",
      "vlan": 2,
      "reverse": null,
      "created_at": "2013-01-27T23:00:00Z",
      "hostname": "blade3",
      "modified_at": "2013-01-27T23:00:00Z",
      "location": "",
      "pub_ipv4": null,
      "mac": "00:1e:0b:ec:65:46",
      "shared_ip": false,
      "ipv4": "10.3.1.23",
      "groups": [
        4
      ],
      "ipv6": "2001:738:2001:4031:3:1:23:0",
      "owner": 1,
      "description": ""
    }
  },
  {
    "pk": 26,
    "model": "firewall.host",
    "fields": {
      "comment": "",
      "vlan": 2,
      "reverse": "",
      "created_at": "2013-01-27T23:00:00Z",
      "hostname": "cloud-man",
      "modified_at": "2013-01-27T23:00:00Z",
      "location": "",
      "pub_ipv4": null,
      "mac": "b4:b5:2f:61:d2:5a",
      "shared_ip": false,
      "ipv4": "10.3.1.1",
      "groups": [
        4
      ],
      "ipv6": null,
      "owner": 4,
      "description": ""
    }
  },
  {
    "pk": 27,
    "model": "firewall.host",
    "fields": {
      "comment": "",
      "vlan": 1,
      "reverse": null,
      "created_at": "2013-01-27T23:00:00Z",
      "hostname": "tarokkk-off",
      "modified_at": "2013-01-27T23:00:00Z",
      "location": "",
      "pub_ipv4": null,
      "mac": "e4:11:5b:41:64:d9",
      "shared_ip": false,
      "ipv4": "10.5.253.3",
      "groups": [
        1
      ],
      "ipv6": "2001:738:2001:4031:5:253:3:0",
      "owner": 4,
      "description": "tarokkkk laptopja"
    }
  },
  {
    "pk": 28,
    "model": "firewall.host",
    "fields": {
      "comment": "",
      "vlan": 1,
      "reverse": null,
      "created_at": "2013-01-27T23:00:00Z",
      "hostname": "tele4",
      "modified_at": "2013-01-27T23:00:00Z",
      "location": "",
      "pub_ipv4": null,
      "mac": "00:01:a8:02:2d:2f",
      "shared_ip": false,
      "ipv4": "10.5.253.83",
      "groups": [
        3
      ],
      "ipv6": "2001:738:2001:4031:5:253:83:0",
      "owner": 3,
      "description": "tarokkk iptelefonja"
    }
  },
  {
    "pk": 29,
    "model": "firewall.host",
    "fields": {
      "comment": "Admin: Bach D\u00e1niel",
      "vlan": 6,
      "reverse": "",
      "created_at": "2013-01-27T23:00:00Z",
      "hostname": "monitor",
      "modified_at": "2013-01-30T18:42:49Z",
      "location": "IL312 SFS rack",
      "pub_ipv4": "152.66.243.60",
      "mac": "00:16:35:7e:fe:df",
      "shared_ip": false,
      "ipv4": "10.2.0.9",
      "groups": [
        4,
        6,
        8,
        9
      ],
      "ipv6": "2001:738:2001:4031:2:0:9:0",
      "owner": 2,
      "description": "DNS, monitoroz\u00f3 \u00e9s egy\u00e9b t\u00edpus\u00fa szerver"
    }
  },
  {
    "pk": 30,
    "model": "firewall.host",
    "fields": {
      "comment": "",
      "vlan": 2,
      "reverse": null,
      "created_at": "2013-01-27T23:00:00Z",
      "hostname": "mega5",
      "modified_at": "2013-01-27T23:00:00Z",
      "location": "",
      "pub_ipv4": null,
      "mac": "18:a9:05:61:fc:be",
      "shared_ip": false,
      "ipv4": "10.3.1.15",
      "groups": [
        2,
        4
      ],
      "ipv6": "2001:738:2001:4031:3:1:15:0",
      "owner": 1,
      "description": ""
    }
  },
  {
    "pk": 34,
    "model": "firewall.host",
    "fields": {
      "comment": "",
      "vlan": 6,
      "reverse": "",
      "created_at": "2013-01-27T23:00:00Z",
      "hostname": "malac",
      "modified_at": "2013-01-30T17:03:59Z",
      "location": "IL312 asztal alatt",
      "pub_ipv4": null,
      "mac": "08:00:20:9b:cf:9f",
      "shared_ip": false,
      "ipv4": "10.2.0.99",
      "groups": [
        4
      ],
      "ipv6": "2001:738:2001:4031:2:0:99:0",
      "owner": 2,
      "description": "\u00d6reg sun vas pr\u00f3ba-solarisszal"
    }
  },
  {
    "pk": 35,
    "model": "firewall.host",
    "fields": {
      "comment": "",
      "vlan": 2,
      "reverse": null,
      "created_at": "2013-01-27T23:00:00Z",
      "hostname": "mega5-ilo",
      "modified_at": "2013-01-27T23:00:00Z",
      "location": "",
      "pub_ipv4": null,
      "mac": "18:a9:05:61:fc:c6",
      "shared_ip": false,
      "ipv4": "10.3.2.15",
      "groups": [
        2
      ],
      "ipv6": "2001:738:2001:4031:3:2:15:0",
      "owner": 1,
      "description": ""
    }
  },
  {
    "pk": 36,
    "model": "firewall.host",
    "fields": {
      "comment": "",
      "vlan": 2,
      "reverse": null,
      "created_at": "2013-01-27T23:00:00Z",
      "hostname": "mega6-ilo",
      "modified_at": "2013-01-27T23:00:00Z",
      "location": "",
      "pub_ipv4": null,
      "mac": "18:a9:05:64:19:b2",
      "shared_ip": false,
      "ipv4": "10.3.2.16",
      "groups": [],
      "ipv6": "2001:738:2001:4031:3:2:16:0",
      "owner": 1,
      "description": ""
    }
  },
  {
    "pk": 37,
    "model": "firewall.host",
    "fields": {
      "comment": "",
      "vlan": 2,
      "reverse": "",
      "created_at": "2013-01-27T23:00:00Z",
      "hostname": "cloud-ilo",
      "modified_at": "2013-01-27T23:00:00Z",
      "location": "",
      "pub_ipv4": null,
      "mac": "b4:b5:2f:61:63:ff",
      "shared_ip": false,
      "ipv4": "10.3.2.10",
      "groups": [],
      "ipv6": null,
      "owner": 4,
      "description": ""
    }
  },
  {
    "pk": 38,
    "model": "firewall.host",
    "fields": {
      "comment": "",
      "vlan": 2,
      "reverse": "",
      "created_at": "2013-01-27T23:00:00Z",
      "hostname": "monitor-ilo",
      "modified_at": "2013-01-27T23:00:00Z",
      "location": "",
      "pub_ipv4": null,
      "mac": "00:16:35:7e:fe:dc",
      "shared_ip": false,
      "ipv4": "10.3.2.21",
      "groups": [
        2
      ],
      "ipv6": null,
      "owner": 2,
      "description": ""
    }
  },
  {
    "pk": 39,
    "model": "firewall.host",
    "fields": {
      "comment": "",
      "vlan": 2,
      "reverse": "",
      "created_at": "2013-01-27T23:00:00Z",
      "hostname": "backup-ilo",
      "modified_at": "2013-01-27T23:00:00Z",
      "location": "",
      "pub_ipv4": null,
      "mac": "00:17:a4:37:54:7c",
      "shared_ip": false,
      "ipv4": "10.3.2.22",
      "groups": [
        2
      ],
      "ipv6": null,
      "owner": 2,
      "description": ""
    }
  },
  {
    "pk": 105,
    "model": "firewall.host",
    "fields": {
      "comment": "",
      "vlan": 1,
      "reverse": null,
      "created_at": "2013-01-27T23:00:00Z",
      "hostname": "laborteszt",
      "modified_at": "2013-01-27T23:00:00Z",
      "location": "",
      "pub_ipv4": null,
      "mac": "c8:60:00:ca:bb:47",
      "shared_ip": false,
      "ipv4": "10.5.253.10",
      "groups": [
        1
      ],
      "ipv6": "2001:738:2001:4031:5:253:10:0",
      "owner": 4,
      "description": "adjatok akkountot tipusu gep"
    }
  },
  {
    "pk": 299,
    "model": "firewall.host",
    "fields": {
      "comment": "Admin: \u0150ry M\u00e1t\u00e9",
      "vlan": 6,
      "reverse": "",
      "created_at": "2013-01-27T23:00:00Z",
      "hostname": "pbx2",
      "modified_at": "2013-01-30T17:04:15Z",
      "location": "",
      "pub_ipv4": "152.66.243.63",
      "mac": "00:1f:c6:38:43:5c",
      "shared_ip": false,
      "ipv4": "10.2.0.4",
      "groups": [
        4,
        6
      ],
      "ipv6": null,
      "owner": 3,
      "description": "VOIP szerver"
    }
  },
  {
    "pk": 300,
    "model": "firewall.host",
    "fields": {
      "comment": "",
      "vlan": 1,
      "reverse": null,
      "created_at": "2013-01-27T23:00:00Z",
      "hostname": "tele3",
      "modified_at": "2013-01-27T23:00:00Z",
      "location": "",
      "pub_ipv4": null,
      "mac": "00:90:78:83:56:72",
      "shared_ip": false,
      "ipv4": "10.5.253.82",
      "groups": [
        3
      ],
      "ipv6": "2001:738:2001:4031:5:253:82:0",
      "owner": 3,
      "description": "Ny\u00edri G\u00e1bor iptelefonja"
    }
  },
  {
    "pk": 303,
    "model": "firewall.host",
    "fields": {
      "comment": "",
      "vlan": 1,
      "reverse": null,
      "created_at": "2013-01-27T23:00:00Z",
      "hostname": "tele7",
      "modified_at": "2013-01-27T23:00:00Z",
      "location": "IL312",
      "pub_ipv4": null,
      "mac": "00:90:78:83:56:75",
      "shared_ip": false,
      "ipv4": "10.5.253.86",
      "groups": [
        3
      ],
      "ipv6": "2001:738:2001:4031:5:253:86:0",
      "owner": 3,
      "description": "konyha \u00e9s IL306 iptelefon"
    }
  },
  {
    "pk": 304,
    "model": "firewall.host",
    "fields": {
      "comment": "",
      "vlan": 1,
      "reverse": null,
      "created_at": "2013-01-27T23:00:00Z",
      "hostname": "tele2",
      "modified_at": "2013-01-27T23:00:00Z",
      "location": "az asztal\u00e1n XDDDD",
      "pub_ipv4": null,
      "mac": "00:01:a8:02:2d:40",
      "shared_ip": false,
      "ipv4": "10.5.253.81",
      "groups": [
        3
      ],
      "ipv6": "2001:738:2001:4031:5:253:81:0",
      "owner": 3,
      "description": "K\u00e1polnai Rich\u00e1rd iptelefonja"
    }
  },
  {
    "pk": 305,
    "model": "firewall.host",
    "fields": {
      "comment": "",
      "vlan": 1,
      "reverse": null,
      "created_at": "2013-01-27T23:00:00Z",
      "hostname": "tele5",
      "modified_at": "2013-01-27T23:00:00Z",
      "location": "",
      "pub_ipv4": null,
      "mac": "00:01:a8:02:2d:47",
      "shared_ip": false,
      "ipv4": "10.5.253.84",
      "groups": [
        3
      ],
      "ipv6": "2001:738:2001:4031:5:253:84:0",
      "owner": 3,
      "description": "L212 iptelefon"
    }
  },
  {
    "pk": 491,
    "model": "firewall.host",
    "fields": {
      "comment": "",
      "vlan": 7,
      "reverse": "se.hpc.iit.bme.hu",
      "created_at": "2013-01-27T23:00:00Z",
      "hostname": "grid-se",
      "modified_at": "2013-01-27T23:00:00Z",
      "location": "",
      "pub_ipv4": null,
      "mac": "02:00:98:42:f3:4b",
      "shared_ip": false,
      "ipv4": "152.66.243.75",
      "groups": [
        5
      ],
      "ipv6": null,
      "owner": 5,
      "description": "cloud-os gep"
    }
  },
  {
    "pk": 492,
    "model": "firewall.host",
    "fields": {
      "comment": "",
      "vlan": 7,
      "reverse": "mon.hpc.iit.bme.hu",
      "created_at": "2013-01-27T23:00:00Z",
      "hostname": "grid-mon",
      "modified_at": "2013-01-27T23:00:00Z",
      "location": "",
      "pub_ipv4": null,
      "mac": "02:00:98:42:f3:4d",
      "shared_ip": false,
      "ipv4": "152.66.243.77",
      "groups": [
        5
      ],
      "ipv6": null,
      "owner": 5,
      "description": "cloud-os gep"
    }
  },
  {
    "pk": 493,
    "model": "firewall.host",
    "fields": {
      "comment": "",
      "vlan": 7,
      "reverse": "ce.hpc.iit.bme.hu",
      "created_at": "2013-01-27T23:00:00Z",
      "hostname": "grid-ce",
      "modified_at": "2013-01-27T23:00:00Z",
      "location": "",
      "pub_ipv4": null,
      "mac": "02:00:98:42:f3:4c",
      "shared_ip": false,
      "ipv4": "152.66.243.76",
      "groups": [
        5
      ],
      "ipv6": null,
      "owner": 5,
      "description": ""
    }
  },
  {
    "pk": 494,
    "model": "firewall.host",
    "fields": {
      "comment": "K\u00e1polnai Rich\u00e1rd adminolja",
      "vlan": 7,
      "reverse": null,
      "created_at": "2013-01-27T23:00:00Z",
      "hostname": "dps",
      "modified_at": "2013-01-27T23:00:00Z",
      "location": "cloud-os gep",
      "pub_ipv4": null,
      "mac": "02:00:98:42:f3:48",
      "shared_ip": false,
      "ipv4": "152.66.243.72",
      "groups": [
        5
      ],
      "ipv6": "2001:738:2001:4031:66:243:72:0",
      "owner": 5,
      "description": "Deklarat\u00edv Programoz\u00e1s hallgat\u00f3i shellszerver"
    }
  },
  {
    "pk": 497,
    "model": "firewall.host",
    "fields": {
      "comment": "\u00c9rintettek: Ny\u00edri G\u00e1bor (root), Schnell Henrik, Szebi stb.\r\n",
      "vlan": 7,
      "reverse": null,
      "created_at": "2013-01-27T23:00:00Z",
      "hostname": "bvp6",
      "modified_at": "2013-01-27T23:00:00Z",
      "location": "cloud-os gep",
      "pub_ipv4": null,
      "mac": "02:00:98:42:f3:50",
      "shared_ip": false,
      "ipv4": "152.66.243.80",
      "groups": [
        5
      ],
      "ipv6": "2001:738:2001:4031:66:243:80:0",
      "owner": 5,
      "description": "web2grid projektg\u00e9p (\u00e9s egyebek)\r\n"
    }
  },
  {
    "pk": 510,
    "model": "firewall.host",
    "fields": {
      "comment": "",
      "vlan": 2,
      "reverse": null,
      "created_at": "2013-01-27T23:00:00Z",
      "hostname": "mega4",
      "modified_at": "2013-01-27T23:00:00Z",
      "location": "",
      "pub_ipv4": null,
      "mac": "b4:99:ba:aa:20:44",
      "shared_ip": false,
      "ipv4": "10.3.1.14",
      "groups": [
        2,
        4
      ],
      "ipv6": "2001:738:2001:4031:3:1:14:0",
      "owner": 2,
      "description": ""
    }
  },
  {
    "pk": 511,
    "model": "firewall.host",
    "fields": {
      "comment": "",
      "vlan": 2,
      "reverse": null,
      "created_at": "2013-01-27T23:00:00Z",
      "hostname": "mega4-ilo",
      "modified_at": "2013-01-27T23:00:00Z",
      "location": "",
      "pub_ipv4": null,
      "mac": "b4:99:ba:aa:20:46",
      "shared_ip": false,
      "ipv4": "10.3.2.14",
      "groups": [],
      "ipv6": "2001:738:2001:4031:3:2:14:0",
      "owner": 2,
      "description": ""
    }
  },
  {
    "pk": 512,
    "model": "firewall.host",
    "fields": {
      "comment": "",
      "vlan": 7,
      "reverse": "",
      "created_at": "2013-01-27T23:00:00Z",
      "hostname": "giccero",
      "modified_at": "2013-01-31T15:20:24Z",
      "location": "one-421",
      "pub_ipv4": null,
      "mac": "02:00:98:42:f3:5c",
      "shared_ip": false,
      "ipv4": "152.66.243.92",
      "groups": [
        5,
        6
      ],
      "ipv6": null,
      "owner": 5,
      "description": "Git szerver (gic cer\u00f3?)"
    }
  },
  {
    "pk": 513,
    "model": "firewall.host",
    "fields": {
      "comment": "",
      "vlan": 2,
      "reverse": null,
      "created_at": "2013-01-27T23:00:00Z",
      "hostname": "mega3",
      "modified_at": "2013-01-27T23:00:00Z",
      "location": "",
      "pub_ipv4": null,
      "mac": "b4:99:ba:aa:1b:d6",
      "shared_ip": false,
      "ipv4": "10.3.1.13",
      "groups": [
        2,
        4
      ],
      "ipv6": "2001:738:2001:4031:3:1:13:0",
      "owner": 2,
      "description": ""
    }
  },
  {
    "pk": 514,
    "model": "firewall.host",
    "fields": {
      "comment": "",
      "vlan": 2,
      "reverse": null,
      "created_at": "2013-01-27T23:00:00Z",
      "hostname": "mega3-ilo",
      "modified_at": "2013-01-27T23:00:00Z",
      "location": "",
      "pub_ipv4": null,
      "mac": "b4:99:ba:aa:1b:d5",
      "shared_ip": false,
      "ipv4": "10.3.2.13",
      "groups": [],
      "ipv6": "2001:738:2001:4031:3:2:13:0",
      "owner": 2,
      "description": ""
    }
  },
  {
    "pk": 532,
    "model": "firewall.host",
    "fields": {
      "comment": "BD szem\u00e9lyes akkountoszt\u00f3s g\u00e9pe",
      "vlan": 7,
      "reverse": null,
      "created_at": "2013-01-27T23:00:00Z",
      "hostname": "kagylo",
      "modified_at": "2013-01-27T23:00:00Z",
      "location": "",
      "pub_ipv4": null,
      "mac": "02:00:98:42:f3:41",
      "shared_ip": false,
      "ipv4": "152.66.243.65",
      "groups": [
        5
      ],
      "ipv6": "2001:738:2001:4031:66:243:65:0",
      "owner": 5,
      "description": "cloud-os gep"
    }
  },
  {
    "pk": 535,
    "model": "firewall.host",
    "fields": {
      "comment": "",
      "vlan": 2,
      "reverse": null,
      "created_at": "2013-01-27T23:00:00Z",
      "hostname": "mega1-ilo",
      "modified_at": "2013-01-27T23:00:00Z",
      "location": "",
      "pub_ipv4": null,
      "mac": "18:a9:05:c5:67:ca",
      "shared_ip": false,
      "ipv4": "10.3.2.11",
      "groups": [
        2
      ],
      "ipv6": "2001:738:2001:4031:3:2:11:0",
      "owner": 2,
      "description": ""
    }
  },
  {
    "pk": 536,
    "model": "firewall.host",
    "fields": {
      "comment": "",
      "vlan": 2,
      "reverse": null,
      "created_at": "2013-01-27T23:00:00Z",
      "hostname": "mega1",
      "modified_at": "2013-01-27T23:00:00Z",
      "location": "",
      "pub_ipv4": null,
      "mac": "18:a9:05:c5:67:c8",
      "shared_ip": false,
      "ipv4": "10.3.1.11",
      "groups": [
        2,
        4
      ],
      "ipv6": "2001:738:2001:4031:3:1:11:0",
      "owner": 2,
      "description": ""
    }
  },
  {
    "pk": 541,
    "model": "firewall.host",
    "fields": {
      "comment": "Admin: Szeber\u00e9nyi Imre",
      "vlan": 7,
      "reverse": null,
      "created_at": "2013-01-27T23:00:00Z",
      "hostname": "ParaHead",
      "modified_at": "2013-01-27T23:00:00Z",
      "location": "cloud",
      "pub_ipv4": null,
      "mac": "02:00:98:42:f3:5a",
      "shared_ip": false,
      "ipv4": "152.66.243.90",
      "groups": [
        5
      ],
      "ipv6": "2001:738:2001:4031:66:243:90:0",
      "owner": 4,
      "description": "GridOO labor hallgat\u00f3i szerver"
    }
  },
  {
    "pk": 544,
    "model": "firewall.host",
    "fields": {
      "comment": "",
      "vlan": 2,
      "reverse": null,
      "created_at": "2013-01-27T23:00:00Z",
      "hostname": "mega2-ilo",
      "modified_at": "2013-01-27T23:00:00Z",
      "location": "",
      "pub_ipv4": null,
      "mac": "d8:d3:85:ae:f9:7a",
      "shared_ip": false,
      "ipv4": "10.3.2.12",
      "groups": [
        2
      ],
      "ipv6": "2001:738:2001:4031:3:2:12:0",
      "owner": 2,
      "description": ""
    }
  },
  {
    "pk": 545,
    "model": "firewall.host",
    "fields": {
      "comment": "",
      "vlan": 2,
      "reverse": null,
      "created_at": "2013-01-27T23:00:00Z",
      "hostname": "mega2",
      "modified_at": "2013-01-27T23:00:00Z",
      "location": "",
      "pub_ipv4": null,
      "mac": "d8:d3:85:ae:f9:78",
      "shared_ip": false,
      "ipv4": "10.3.1.12",
      "groups": [
        2,
        4
      ],
      "ipv6": "2001:738:2001:4031:3:1:12:0",
      "owner": 2,
      "description": ""
    }
  },
  {
    "pk": 546,
    "model": "firewall.host",
    "fields": {
      "comment": "",
      "vlan": 7,
      "reverse": null,
      "created_at": "2013-01-27T23:00:00Z",
      "hostname": "store",
      "modified_at": "2013-01-27T23:00:00Z",
      "location": "",
      "pub_ipv4": null,
      "mac": "02:00:98:42:f3:46",
      "shared_ip": false,
      "ipv4": "152.66.243.70",
      "groups": [
        5
      ],
      "ipv6": "2001:738:2001:4031:66:243:70:0",
      "owner": 5,
      "description": "cloud-os gep"
    }
  },
  {
    "pk": 547,
    "model": "firewall.host",
    "fields": {
      "comment": "",
      "vlan": 1,
      "reverse": null,
      "created_at": "2013-01-27T23:00:00Z",
      "hostname": "gabor",
      "modified_at": "2013-01-27T23:00:00Z",
      "location": "",
      "pub_ipv4": null,
      "mac": "00:1C:C4:C9:6C:DD",
      "shared_ip": false,
      "ipv4": "10.5.253.7",
      "groups": [
        1,
        2,
        4
      ],
      "ipv6": "2001:738:2001:4031:5:253:7:0",
      "owner": 3,
      "description": "Ny\u00edri G\u00e1bor laptopja"
    }
  },
  {
    "pk": 550,
    "model": "firewall.host",
    "fields": {
      "comment": "",
      "vlan": 7,
      "reverse": null,
      "created_at": "2013-01-27T23:00:00Z",
      "hostname": "tarokkk",
      "modified_at": "2013-01-27T23:00:00Z",
      "location": "",
      "pub_ipv4": null,
      "mac": "02:00:98:42:f3:4e",
      "shared_ip": false,
      "ipv4": "152.66.243.78",
      "groups": [
        5
      ],
      "ipv6": "2001:738:2001:4031:66:243:78:0",
      "owner": 5,
      "description": "Tarokkk anonim alkoholista szervere."
    }
  },
  {
    "pk": 551,
    "model": "firewall.host",
    "fields": {
      "comment": "",
      "vlan": 2,
      "reverse": "",
      "created_at": "2013-01-27T23:00:00Z",
      "hostname": "l3sw",
      "modified_at": "2013-01-27T23:00:00Z",
      "location": "",
      "pub_ipv4": null,
      "mac": "00:9C:02:6F:DD:80",
      "shared_ip": false,
      "ipv4": "10.3.0.2",
      "groups": [
        2
      ],
      "ipv6": null,
      "owner": 1,
      "description": "3 emeleti rackben levo hp switch "
    }
  },
  {
    "pk": 552,
    "model": "firewall.host",
    "fields": {
      "comment": "",
      "vlan": 2,
      "reverse": "",
      "created_at": "2013-01-27T23:00:00Z",
      "hostname": "l2sw",
      "modified_at": "2013-01-27T23:00:00Z",
      "location": "",
      "pub_ipv4": null,
      "mac": "00:17:08:ad:d0:40",
      "shared_ip": false,
      "ipv4": "10.3.0.7",
      "groups": [
        2
      ],
      "ipv6": null,
      "owner": 1,
      "description": "masodik emeleti rackben levo hp switch"
    }
  },
  {
    "pk": 553,
    "model": "firewall.host",
    "fields": {
      "comment": "",
      "vlan": 2,
      "reverse": "",
      "created_at": "2013-01-27T23:00:00Z",
      "hostname": "offsw",
      "modified_at": "2013-01-27T23:00:00Z",
      "location": "",
      "pub_ipv4": null,
      "mac": "00:22:6b:1d:8b:67",
      "shared_ip": false,
      "ipv4": "10.3.0.5",
      "groups": [
        2
      ],
      "ipv6": null,
      "owner": 1,
      "description": "egyteruben levo linksys switch"
    }
  },
  {
    "pk": 554,
    "model": "firewall.host",
    "fields": {
      "comment": "",
      "vlan": 2,
      "reverse": null,
      "created_at": "2013-01-27T23:00:00Z",
      "hostname": "switch2",
      "modified_at": "2013-01-27T23:00:00Z",
      "location": "",
      "pub_ipv4": null,
      "mac": "00:1e:e5:09:70:19",
      "shared_ip": false,
      "ipv4": "10.3.0.3",
      "groups": [
        2
      ],
      "ipv6": "2001:738:2001:4031:3:254:2:0",
      "owner": 1,
      "description": "harmadik emeleti rendezoben levo linksys switch (regi denes fele halozat resze volt)"
    }
  },
  {
    "pk": 555,
    "model": "firewall.host",
    "fields": {
      "comment": "",
      "vlan": 1,
      "reverse": null,
      "created_at": "2013-01-27T23:00:00Z",
      "hostname": "dudi",
      "modified_at": "2013-01-27T23:00:00Z",
      "location": "",
      "pub_ipv4": null,
      "mac": "00:1d:72:3b:64:b7",
      "shared_ip": false,
      "ipv4": "10.5.253.8",
      "groups": [
        1,
        2
      ],
      "ipv6": "2001:738:2001:4031:5:253:8:0",
      "owner": 1,
      "description": "Dud\u00e1s \u00c1d\u00e1m laptop"
    }
  },
  {
    "pk": 596,
    "model": "firewall.host",
    "fields": {
      "comment": "",
      "vlan": 7,
      "reverse": null,
      "created_at": "2013-01-27T23:00:00Z",
      "hostname": "infocpp",
      "modified_at": "2013-01-27T23:00:00Z",
      "location": "cloud",
      "pub_ipv4": null,
      "mac": "02:00:98:42:f3:43",
      "shared_ip": false,
      "ipv4": "152.66.243.67",
      "groups": [
        5
      ],
      "ipv6": "2001:738:2001:4031:66:243:67:0",
      "owner": 3,
      "description": "Prog2 t\u00e1rgyhonlap drupal"
    }
  },
  {
    "pk": 612,
    "model": "firewall.host",
    "fields": {
      "comment": "",
      "vlan": 7,
      "reverse": null,
      "created_at": "2013-01-27T23:00:00Z",
      "hostname": "zimbra",
      "modified_at": "2013-01-27T23:00:00Z",
      "location": "",
      "pub_ipv4": null,
      "mac": "02:00:98:42:f3:44",
      "shared_ip": false,
      "ipv4": "152.66.243.68",
      "groups": [
        5,
        6
      ],
      "ipv6": "2001:738:2001:4031:66:243:68:0",
      "owner": 5,
      "description": "cloud-os gep"
    }
  },
  {
    "pk": 618,
    "model": "firewall.host",
    "fields": {
      "comment": "",
      "vlan": 7,
      "reverse": null,
      "created_at": "2013-01-27T23:00:00Z",
      "hostname": "teamconcert",
      "modified_at": "2013-01-27T23:00:00Z",
      "location": "",
      "pub_ipv4": null,
      "mac": "02:00:98:42:f3:45",
      "shared_ip": false,
      "ipv4": "152.66.243.69",
      "groups": [
        5
      ],
      "ipv6": "2001:738:2001:4031:66:243:69:0",
      "owner": 4,
      "description": "TeamConcert Windows 2008 server"
    }
  },
  {
    "pk": 623,
    "model": "firewall.host",
    "fields": {
      "comment": "",
      "vlan": 7,
      "reverse": "cporta.iit.bme.hu",
      "created_at": "2013-01-27T23:00:00Z",
      "hostname": "cporta",
      "modified_at": "2013-02-04T14:24:37Z",
      "location": "",
      "pub_ipv4": null,
      "mac": "02:00:98:42:f3:51",
      "shared_ip": false,
      "ipv4": "152.66.243.81",
      "groups": [
        5,
        7
      ],
      "ipv6": null,
      "owner": 3,
      "description": ""
    }
  },
  {
    "pk": 629,
    "model": "firewall.host",
    "fields": {
      "comment": "Adminolja: K\u00e1polnai Rich\u00e1rd, Szeredi P\u00e9ter",
      "vlan": 7,
      "reverse": "dp.iit.bme.hu",
      "created_at": "2013-01-27T23:00:00Z",
      "hostname": "dp",
      "modified_at": "2013-01-27T23:00:00Z",
      "location": "cloudos g\u00e9p",
      "pub_ipv4": null,
      "mac": "02:00:98:42:f3:47",
      "shared_ip": false,
      "ipv4": "152.66.243.71",
      "groups": [
        5,
        7
      ],
      "ipv6": null,
      "owner": 5,
      "description": "Deklarat\u00edv Programoz\u00e1s, ETS szerver (f\u0151leg web)"
    }
  },
  {
    "pk": 630,
    "model": "firewall.host",
    "fields": {
      "comment": "",
      "vlan": 7,
      "reverse": "ui.hpc.iit.bme.hu",
      "created_at": "2013-01-27T23:00:00Z",
      "hostname": "ui",
      "modified_at": "2013-01-27T23:00:00Z",
      "location": "",
      "pub_ipv4": null,
      "mac": "02:00:98:42:f3:49",
      "shared_ip": false,
      "ipv4": "152.66.243.73",
      "groups": [
        5,
        7
      ],
      "ipv6": "2001:738:2001:4031:66:243:73:0",
      "owner": 5,
      "description": "cloud-os gep"
    }
  },
  {
    "pk": 631,
    "model": "firewall.host",
    "fields": {
      "comment": "",
      "vlan": 7,
      "reverse": "vers.iit.bme.hu",
      "created_at": "2013-01-27T23:00:00Z",
      "hostname": "vers",
      "modified_at": "2013-01-27T23:00:00Z",
      "location": "",
      "pub_ipv4": null,
      "mac": "02:00:98:42:f3:4a",
      "shared_ip": false,
      "ipv4": "152.66.243.74",
      "groups": [
        5,
        7
      ],
      "ipv6": "2001:738:2001:4031:66:243:74:0",
      "owner": 5,
      "description": "cloud-os gep"
    }
  },
  {
    "pk": 645,
    "model": "firewall.host",
    "fields": {
      "comment": "",
      "vlan": 1,
      "reverse": "",
      "created_at": "2013-01-27T23:00:00Z",
      "hostname": "lennon",
      "modified_at": "2013-01-31T18:45:41Z",
      "location": "",
      "pub_ipv4": "152.66.243.117",
      "mac": "a4:ba:db:d7:96:4c",
      "shared_ip": false,
      "ipv4": "10.5.253.11",
      "groups": [
        1
      ],
      "ipv6": "2001:738:2001:4031:5:253:11:0",
      "owner": 6,
      "description": "lennon laptopja"
    }
  },
  {
    "pk": 689,
    "model": "firewall.host",
    "fields": {
      "comment": "",
      "vlan": 7,
      "reverse": "",
      "created_at": "2013-01-27T23:00:00Z",
      "hostname": "bscw",
      "modified_at": "2013-01-27T23:00:00Z",
      "location": "",
      "pub_ipv4": null,
      "mac": "02:00:98:42:f3:42",
      "shared_ip": true,
      "ipv4": "152.66.243.66",
      "groups": [
        5
      ],
      "ipv6": null,
      "owner": 5,
      "description": "cloud-os gep"
    }
  },
  {
    "pk": 796,
    "model": "firewall.host",
    "fields": {
      "comment": "",
      "vlan": 6,
      "reverse": "",
      "created_at": "2013-02-05T22:26:54Z",
      "hostname": "dns2",
      "modified_at": "2013-02-05T22:26:54Z",
      "location": "",
      "pub_ipv4": "152.66.243.61",
      "mac": "02:00:0a:02:01:02",
      "shared_ip": false,
      "ipv4": "10.2.1.2",
      "groups": [],
      "ipv6": null,
      "owner": 1,
      "description": ""
    }
  },
  {
    "pk": 846,
    "model": "firewall.host",
    "fields": {
      "comment": "",
      "vlan": 10,
      "reverse": null,
      "created_at": "2013-02-15T23:37:25Z",
      "hostname": "id-347_user-test",
      "modified_at": "2013-02-15T23:37:25Z",
      "location": "",
      "pub_ipv4": "152.66.243.62",
      "mac": "02:00:0a:09:01:1f",
      "shared_ip": true,
      "ipv4": "10.9.1.31",
      "groups": [],
      "ipv6": "2001:738:2001:4031:9:1:31:0",
      "owner": 7,
      "description": ""
    }
  },
  {
    "pk": 849,
    "model": "firewall.host",
    "fields": {
      "comment": "",
      "vlan": 10,
      "reverse": null,
      "created_at": "2013-02-15T23:41:14Z",
      "hostname": "id-349_user-test",
      "modified_at": "2013-02-15T23:41:14Z",
      "location": "",
      "pub_ipv4": "152.66.243.62",
      "mac": "02:00:0a:09:01:20",
      "shared_ip": true,
      "ipv4": "10.9.1.32",
      "groups": [],
      "ipv6": "2001:738:2001:4031:9:1:32:0",
      "owner": 7,
      "description": ""
    }
  },
  {
    "pk": 853,
    "model": "firewall.host",
    "fields": {
      "comment": "",
      "vlan": 10,
      "reverse": null,
      "created_at": "2013-02-18T08:10:58Z",
      "hostname": "id-353_user-test",
      "modified_at": "2013-02-18T08:10:58Z",
      "location": "",
      "pub_ipv4": "152.66.243.62",
      "mac": "02:00:0a:09:01:01",
      "shared_ip": true,
      "ipv4": "10.9.1.1",
      "groups": [],
      "ipv6": "2001:738:2001:4031:9:1:1:0",
      "owner": 7,
      "description": ""
    }
  },
  {
    "pk": 855,
    "model": "firewall.host",
    "fields": {
      "comment": "",
      "vlan": 10,
      "reverse": null,
      "created_at": "2013-02-18T09:10:49Z",
      "hostname": "id-355_user-test",
      "modified_at": "2013-02-18T09:10:49Z",
      "location": "",
      "pub_ipv4": "152.66.243.62",
      "mac": "02:00:0a:09:01:03",
      "shared_ip": true,
      "ipv4": "10.9.1.3",
      "groups": [],
      "ipv6": "2001:738:2001:4031:9:1:3:0",
      "owner": 7,
      "description": ""
    }
  },
  {
    "pk": 856,
    "model": "firewall.host",
    "fields": {
      "comment": "",
      "vlan": 10,
      "reverse": null,
      "created_at": "2013-02-18T12:53:31Z",
      "hostname": "id-356_user-test",
      "modified_at": "2013-02-18T12:53:31Z",
      "location": "",
      "pub_ipv4": "152.66.243.62",
      "mac": "02:00:0a:09:01:04",
      "shared_ip": true,
      "ipv4": "10.9.1.4",
      "groups": [],
      "ipv6": "2001:738:2001:4031:9:1:4:0",
      "owner": 7,
      "description": ""
    }
  },
  {
    "pk": 858,
    "model": "firewall.host",
    "fields": {
      "comment": "",
      "vlan": 10,
      "reverse": null,
      "created_at": "2013-02-18T13:30:51Z",
      "hostname": "id-358_user-test",
      "modified_at": "2013-02-18T13:30:51Z",
      "location": "",
      "pub_ipv4": "152.66.243.62",
      "mac": "02:00:0a:09:01:05",
      "shared_ip": true,
      "ipv4": "10.9.1.5",
      "groups": [],
      "ipv6": "2001:738:2001:4031:9:1:5:0",
      "owner": 7,
      "description": ""
    }
  },
  {
    "pk": 860,
    "model": "firewall.host",
    "fields": {
      "comment": "",
      "vlan": 10,
      "reverse": null,
      "created_at": "2013-02-18T13:37:51Z",
      "hostname": "id-361_user-test",
      "modified_at": "2013-02-18T13:37:51Z",
      "location": "",
      "pub_ipv4": "152.66.243.62",
      "mac": "02:00:0a:09:01:07",
      "shared_ip": true,
      "ipv4": "10.9.1.7",
      "groups": [],
      "ipv6": "2001:738:2001:4031:9:1:7:0",
      "owner": 7,
      "description": ""
    }
  },
  {
    "pk": 864,
    "model": "firewall.host",
    "fields": {
      "comment": "",
      "vlan": 10,
      "reverse": null,
      "created_at": "2013-02-19T16:02:49Z",
      "hostname": "id-364_user-test",
      "modified_at": "2013-02-19T16:02:49Z",
      "location": "",
      "pub_ipv4": "152.66.243.62",
      "mac": "02:00:0a:09:01:09",
      "shared_ip": true,
      "ipv4": "10.9.1.9",
      "groups": [],
      "ipv6": "2001:738:2001:4031:9:1:9:0",
      "owner": 7,
      "description": ""
    }
  },
  {
    "pk": 869,
    "model": "firewall.host",
    "fields": {
      "comment": "",
      "vlan": 10,
      "reverse": null,
      "created_at": "2013-02-19T16:09:46Z",
      "hostname": "id-367_user-tes1t",
      "modified_at": "2013-02-19T16:09:46Z",
      "location": "",
      "pub_ipv4": "152.66.243.621",
      "mac": "02:00:0a:09:01:0c",
      "shared_ip": true,
      "ipv4": "10.9.1.111",
      "groups": [],
      "ipv6": "2001:738:2001:4031:9:1:111:0",
      "owner": 7,
      "description": ""
    }
  },
  {
    "pk": 870,
    "model": "firewall.host",
    "fields": {
      "comment": "",
      "vlan": 10,
      "reverse": null,
      "created_at": "2013-02-19T17:03:48Z",
      "hostname": "id-368_user-test",
      "modified_at": "2013-02-19T17:03:48Z",
      "location": "",
      "pub_ipv4": "152.66.243.62",
      "mac": "02:00:0a:09:01:0b",
      "shared_ip": true,
      "ipv4": "10.9.1.11",
      "groups": [],
      "ipv6": "2001:738:2001:4031:9:1:11:0",
      "owner": 7,
      "description": ""
    }
  },
  {
    "pk": 872,
    "model": "firewall.host",
    "fields": {
      "comment": "",
      "vlan": 10,
      "reverse": null,
      "created_at": "2013-03-01T16:28:39Z",
      "hostname": "cloud-2",
      "modified_at": "2013-03-01T16:28:39Z",
      "location": "",
      "pub_ipv4": null,
      "mac": "02:00:c0:a8:01:0a",
      "shared_ip": false,
      "ipv4": "192.168.1.10",
      "groups": [
        4
      ],
      "ipv6": "2001:738:2001:4031:168:1:10:0",
      "owner": 7,
      "description": ""
    }
  },
  {
    "pk": 1,
    "model": "firewall.firewall",
    "fields": {
      "name": "fw2"
    }
  },
  {
    "pk": 1,
    "model": "firewall.domain",
    "fields": {
      "description": "",
      "created_at": "2013-02-05T14:59:53Z",
      "modified_at": "2013-02-05T14:59:53Z",
      "ttl": 600,
      "owner": 1,
      "name": "cloud.ik.bme.hu"
    }
  },
  {
    "pk": 2,
    "model": "firewall.domain",
    "fields": {
      "description": "",
      "created_at": "2013-02-05T15:00:31Z",
      "modified_at": "2013-02-05T15:00:31Z",
      "ttl": 600,
      "owner": 1,
      "name": "man.ik.bme.hu"
    }
  },
  {
    "pk": 3,
    "model": "firewall.domain",
    "fields": {
      "description": "",
      "created_at": "2013-02-05T15:00:40Z",
      "modified_at": "2013-02-05T15:00:40Z",
      "ttl": 600,
      "owner": 1,
      "name": "lab.ik.bme.hu"
    }
  },
  {
    "pk": 4,
    "model": "firewall.domain",
    "fields": {
      "description": "",
      "created_at": "2013-02-05T15:01:00Z",
      "modified_at": "2013-02-05T15:01:00Z",
      "ttl": 600,
      "owner": 1,
      "name": "nincs.ik.bme.hu"
    }
  },
  {
    "pk": 5,
    "model": "firewall.domain",
    "fields": {
      "description": "",
      "created_at": "2013-02-05T15:01:12Z",
      "modified_at": "2013-02-05T15:01:12Z",
      "ttl": 600,
      "owner": 1,
      "name": "off.ik.bme.hu"
    }
  },
  {
    "pk": 6,
    "model": "firewall.domain",
    "fields": {
      "description": "",
      "created_at": "2013-02-05T15:01:22Z",
      "modified_at": "2013-02-05T15:01:22Z",
      "ttl": 600,
      "owner": 1,
      "name": "hot.ik.bme.hu"
    }
  },
  {
    "pk": 7,
    "model": "firewall.domain",
    "fields": {
      "description": "",
      "created_at": "2013-02-05T15:04:10Z",
      "modified_at": "2013-02-05T15:04:10Z",
      "ttl": 600,
      "owner": 1,
      "name": "vpn.ik.bme.hu"
    }
  },
  {
    "pk": 8,
    "model": "firewall.domain",
    "fields": {
      "description": "",
      "created_at": "2013-02-05T15:05:18Z",
      "modified_at": "2013-02-05T15:05:18Z",
      "ttl": 600,
      "owner": 1,
      "name": "vm-net.ik.bme.hu"
    }
  },
  {
    "pk": 9,
    "model": "firewall.domain",
    "fields": {
      "description": "",
      "created_at": "2013-02-05T15:10:07Z",
      "modified_at": "2013-02-05T15:10:07Z",
      "ttl": 600,
      "owner": 1,
      "name": "dns1.243.66.152.in-addr.arpa"
    }
  },
  {
    "pk": 10,
    "model": "firewall.domain",
    "fields": {
      "description": "",
      "created_at": "2013-02-05T15:10:31Z",
      "modified_at": "2013-02-05T16:07:40Z",
      "ttl": 600,
      "owner": 1,
      "name": "1.3.0.4.1.0.0.2.8.3.7.0.1.0.0.2.ip6.arpa"
    }
  },
  {
    "pk": 1,
    "model": "firewall.record",
    "fields": {
      "domain": 1,
      "name": "cloud.ik.bme.hu",
      "created_at": "2013-02-05T15:06:22Z",
      "address": "152.66.243.98",
      "modified_at": "2013-02-05T15:06:22Z",
      "host": null,
      "ttl": 600,
      "owner": 1,
      "type": "A",
      "description": ""
    }
  },
  {
    "pk": 2,
    "model": "firewall.record",
    "fields": {
      "domain": 1,
      "name": "cloud.ik.bme.hu",
      "created_at": "2013-02-05T15:06:34Z",
      "address": "2001:738:2001:4031:2:0:7:0",
      "modified_at": "2013-02-05T15:06:34Z",
      "host": null,
      "ttl": 600,
      "owner": 1,
      "type": "AAAA",
      "description": ""
    }
  },
  {
    "pk": 3,
    "model": "firewall.record",
    "fields": {
      "domain": 1,
      "name": "r.cloud.ik.bme.hu",
      "created_at": "2013-02-05T15:07:04Z",
      "address": "152.66.243.62",
      "modified_at": "2013-02-05T15:07:04Z",
      "host": null,
      "ttl": 600,
      "owner": 1,
      "type": "A",
      "description": ""
    }
  },
  {
    "pk": 4,
    "model": "firewall.record",
    "fields": {
      "domain": 1,
      "name": "cloud.ik.bme.hu",
      "created_at": "2013-02-05T15:07:35Z",
      "address": "dns1.ik.bme.hu",
      "modified_at": "2013-02-05T15:07:35Z",
      "host": null,
      "ttl": 600,
      "owner": 1,
      "type": "NS",
      "description": ""
    }
  },
  {
    "pk": 5,
    "model": "firewall.record",
    "fields": {
      "domain": 5,
      "name": "off.ik.bme.hu",
      "created_at": "2013-02-05T15:08:03Z",
      "address": "dns1.ik.bme.hu",
      "modified_at": "2013-02-05T15:08:03Z",
      "host": null,
      "ttl": 600,
      "owner": 1,
      "type": "NS",
      "description": ""
    }
  },
  {
    "pk": 6,
    "model": "firewall.record",
    "fields": {
      "domain": 8,
      "name": "vm-net.ik.bme.hu",
      "created_at": "2013-02-05T15:09:02Z",
      "address": "dns1.ik.bme.hu",
      "modified_at": "2013-02-05T15:09:02Z",
      "host": null,
      "ttl": 600,
      "owner": 1,
      "type": "NS",
      "description": ""
    }
  },
  {
    "pk": 7,
    "model": "firewall.record",
    "fields": {
      "domain": 2,
      "name": "man.ik.bme.hu",
      "created_at": "2013-02-05T15:09:21Z",
      "address": "dns1.ik.bme.hu",
      "modified_at": "2013-02-05T15:09:21Z",
      "host": null,
      "ttl": 600,
      "owner": 1,
      "type": "NS",
      "description": ""
    }
  },
  {
    "pk": 8,
    "model": "firewall.record",
    "fields": {
      "domain": 10,
      "name": "1.3.0.4.1.0.0.2.8.3.7.0.1.0.0.2.ip6.arpa",
      "created_at": "2013-02-05T15:11:05Z",
      "address": "dns1.ik.bme.hu",
      "modified_at": "2013-02-05T15:11:05Z",
      "host": null,
      "ttl": 600,
      "owner": 1,
      "type": "NS",
      "description": ""
    }
  },
  {
    "pk": 9,
    "model": "firewall.record",
    "fields": {
      "domain": 10,
      "name": "1.3.0.4.1.0.0.2.8.3.7.0.1.0.0.2.ip6.arpa",
      "created_at": "2013-02-05T15:11:18Z",
      "address": "nic.bme.hu",
      "modified_at": "2013-02-05T15:11:18Z",
      "host": null,
      "ttl": 600,
      "owner": 1,
      "type": "NS",
      "description": ""
    }
  },
  {
    "pk": 10,
    "model": "firewall.record",
    "fields": {
      "domain": 9,
      "name": "dns1.243.66.152.in-addr.arpa",
      "created_at": "2013-02-05T15:11:53Z",
      "address": "dns1.ik.bme.hu",
      "modified_at": "2013-02-05T15:11:53Z",
      "host": null,
      "ttl": 600,
      "owner": 1,
      "type": "NS",
      "description": ""
    }
  },
  {
    "pk": 13,
    "model": "firewall.record",
    "fields": {
      "domain": 1,
      "name": null,
      "created_at": "2013-02-05T16:16:50Z",
      "address": null,
      "modified_at": "2013-02-05T16:16:50Z",
      "host": 3,
      "ttl": 600,
      "owner": 2,
      "type": "A",
      "description": ""
    }
  },
  {
    "pk": 14,
    "model": "firewall.record",
    "fields": {
      "domain": 5,
      "name": null,
      "created_at": "2013-02-05T16:16:50Z",
      "address": null,
      "modified_at": "2013-02-05T16:16:50Z",
      "host": 7,
      "ttl": 600,
      "owner": 2,
      "type": "A",
      "description": ""
    }
  },
  {
    "pk": 15,
    "model": "firewall.record",
    "fields": {
      "domain": 5,
      "name": null,
      "created_at": "2013-02-05T16:16:50Z",
      "address": null,
      "modified_at": "2013-02-05T16:16:50Z",
      "host": 8,
      "ttl": 600,
      "owner": 3,
      "type": "A",
      "description": ""
    }
  },
  {
    "pk": 16,
    "model": "firewall.record",
    "fields": {
      "domain": 5,
      "name": null,
      "created_at": "2013-02-05T16:16:50Z",
      "address": null,
      "modified_at": "2013-02-05T16:16:50Z",
      "host": 9,
      "ttl": 600,
      "owner": 3,
      "type": "A",
      "description": ""
    }
  },
  {
    "pk": 17,
    "model": "firewall.record",
    "fields": {
      "domain": 5,
      "name": null,
      "created_at": "2013-02-05T16:16:50Z",
      "address": null,
      "modified_at": "2013-02-05T16:16:50Z",
      "host": 10,
      "ttl": 600,
      "owner": 3,
      "type": "A",
      "description": ""
    }
  },
  {
    "pk": 18,
    "model": "firewall.record",
    "fields": {
      "domain": 1,
      "name": null,
      "created_at": "2013-02-05T16:16:50Z",
      "address": null,
      "modified_at": "2013-02-05T16:16:50Z",
      "host": 12,
      "ttl": 600,
      "owner": 4,
      "type": "A",
      "description": ""
    }
  },
  {
    "pk": 19,
    "model": "firewall.record",
    "fields": {
      "domain": 2,
      "name": null,
      "created_at": "2013-02-05T16:16:50Z",
      "address": null,
      "modified_at": "2013-02-05T16:16:50Z",
      "host": 16,
      "ttl": 600,
      "owner": 1,
      "type": "A",
      "description": ""
    }
  },
  {
    "pk": 20,
    "model": "firewall.record",
    "fields": {
      "domain": 2,
      "name": null,
      "created_at": "2013-02-05T16:16:50Z",
      "address": null,
      "modified_at": "2013-02-05T16:16:50Z",
      "host": 17,
      "ttl": 600,
      "owner": 1,
      "type": "A",
      "description": ""
    }
  },
  {
    "pk": 21,
    "model": "firewall.record",
    "fields": {
      "domain": 2,
      "name": null,
      "created_at": "2013-02-05T16:16:50Z",
      "address": null,
      "modified_at": "2013-02-05T16:16:50Z",
      "host": 18,
      "ttl": 600,
      "owner": 1,
      "type": "A",
      "description": ""
    }
  },
  {
    "pk": 22,
    "model": "firewall.record",
    "fields": {
      "domain": 2,
      "name": null,
      "created_at": "2013-02-05T16:16:50Z",
      "address": null,
      "modified_at": "2013-02-05T16:16:50Z",
      "host": 19,
      "ttl": 600,
      "owner": 1,
      "type": "A",
      "description": ""
    }
  },
  {
    "pk": 23,
    "model": "firewall.record",
    "fields": {
      "domain": 2,
      "name": null,
      "created_at": "2013-02-05T16:16:50Z",
      "address": null,
      "modified_at": "2013-02-05T16:16:50Z",
      "host": 20,
      "ttl": 600,
      "owner": 1,
      "type": "A",
      "description": ""
    }
  },
  {
    "pk": 24,
    "model": "firewall.record",
    "fields": {
      "domain": 2,
      "name": null,
      "created_at": "2013-02-05T16:16:50Z",
      "address": null,
      "modified_at": "2013-02-05T16:16:50Z",
      "host": 21,
      "ttl": 600,
      "owner": 1,
      "type": "A",
      "description": ""
    }
  },
  {
    "pk": 25,
    "model": "firewall.record",
    "fields": {
      "domain": 2,
      "name": null,
      "created_at": "2013-02-05T16:16:50Z",
      "address": null,
      "modified_at": "2013-02-05T16:16:50Z",
      "host": 22,
      "ttl": 600,
      "owner": 1,
      "type": "A",
      "description": ""
    }
  },
  {
    "pk": 26,
    "model": "firewall.record",
    "fields": {
      "domain": 2,
      "name": null,
      "created_at": "2013-02-05T16:16:50Z",
      "address": null,
      "modified_at": "2013-02-05T16:16:50Z",
      "host": 23,
      "ttl": 600,
      "owner": 1,
      "type": "A",
      "description": ""
    }
  },
  {
    "pk": 27,
    "model": "firewall.record",
    "fields": {
      "domain": 2,
      "name": null,
      "created_at": "2013-02-05T16:16:50Z",
      "address": null,
      "modified_at": "2013-02-05T16:16:50Z",
      "host": 24,
      "ttl": 600,
      "owner": 1,
      "type": "A",
      "description": ""
    }
  },
  {
    "pk": 28,
    "model": "firewall.record",
    "fields": {
      "domain": 2,
      "name": null,
      "created_at": "2013-02-05T16:16:50Z",
      "address": null,
      "modified_at": "2013-02-05T16:16:50Z",
      "host": 25,
      "ttl": 600,
      "owner": 1,
      "type": "A",
      "description": ""
    }
  },
  {
    "pk": 29,
    "model": "firewall.record",
    "fields": {
      "domain": 2,
      "name": null,
      "created_at": "2013-02-05T16:16:50Z",
      "address": null,
      "modified_at": "2013-02-05T16:16:50Z",
      "host": 26,
      "ttl": 600,
      "owner": 4,
      "type": "A",
      "description": ""
    }
  },
  {
    "pk": 30,
    "model": "firewall.record",
    "fields": {
      "domain": 5,
      "name": null,
      "created_at": "2013-02-05T16:16:50Z",
      "address": null,
      "modified_at": "2013-02-05T16:16:50Z",
      "host": 27,
      "ttl": 600,
      "owner": 4,
      "type": "A",
      "description": ""
    }
  },
  {
    "pk": 31,
    "model": "firewall.record",
    "fields": {
      "domain": 5,
      "name": null,
      "created_at": "2013-02-05T16:16:50Z",
      "address": null,
      "modified_at": "2013-02-05T16:16:50Z",
      "host": 28,
      "ttl": 600,
      "owner": 3,
      "type": "A",
      "description": ""
    }
  },
  {
    "pk": 32,
    "model": "firewall.record",
    "fields": {
      "domain": 1,
      "name": null,
      "created_at": "2013-02-05T16:16:50Z",
      "address": null,
      "modified_at": "2013-02-05T16:16:50Z",
      "host": 29,
      "ttl": 600,
      "owner": 2,
      "type": "A",
      "description": ""
    }
  },
  {
    "pk": 33,
    "model": "firewall.record",
    "fields": {
      "domain": 2,
      "name": null,
      "created_at": "2013-02-05T16:16:51Z",
      "address": null,
      "modified_at": "2013-02-05T16:16:51Z",
      "host": 30,
      "ttl": 600,
      "owner": 1,
      "type": "A",
      "description": ""
    }
  },
  {
    "pk": 34,
    "model": "firewall.record",
    "fields": {
      "domain": 1,
      "name": null,
      "created_at": "2013-02-05T16:16:51Z",
      "address": null,
      "modified_at": "2013-02-05T16:16:51Z",
      "host": 34,
      "ttl": 600,
      "owner": 2,
      "type": "A",
      "description": ""
    }
  },
  {
    "pk": 35,
    "model": "firewall.record",
    "fields": {
      "domain": 2,
      "name": null,
      "created_at": "2013-02-05T16:16:51Z",
      "address": null,
      "modified_at": "2013-02-05T16:16:51Z",
      "host": 35,
      "ttl": 600,
      "owner": 1,
      "type": "A",
      "description": ""
    }
  },
  {
    "pk": 36,
    "model": "firewall.record",
    "fields": {
      "domain": 2,
      "name": null,
      "created_at": "2013-02-05T16:16:51Z",
      "address": null,
      "modified_at": "2013-02-05T16:16:51Z",
      "host": 36,
      "ttl": 600,
      "owner": 1,
      "type": "A",
      "description": ""
    }
  },
  {
    "pk": 37,
    "model": "firewall.record",
    "fields": {
      "domain": 2,
      "name": null,
      "created_at": "2013-02-05T16:16:51Z",
      "address": null,
      "modified_at": "2013-02-05T16:16:51Z",
      "host": 37,
      "ttl": 600,
      "owner": 4,
      "type": "A",
      "description": ""
    }
  },
  {
    "pk": 38,
    "model": "firewall.record",
    "fields": {
      "domain": 2,
      "name": null,
      "created_at": "2013-02-05T16:16:51Z",
      "address": null,
      "modified_at": "2013-02-05T16:16:51Z",
      "host": 38,
      "ttl": 600,
      "owner": 2,
      "type": "A",
      "description": ""
    }
  },
  {
    "pk": 39,
    "model": "firewall.record",
    "fields": {
      "domain": 2,
      "name": null,
      "created_at": "2013-02-05T16:16:51Z",
      "address": null,
      "modified_at": "2013-02-05T16:16:51Z",
      "host": 39,
      "ttl": 600,
      "owner": 2,
      "type": "A",
      "description": ""
    }
  },
  {
    "pk": 40,
    "model": "firewall.record",
    "fields": {
      "domain": 5,
      "name": null,
      "created_at": "2013-02-05T16:16:51Z",
      "address": null,
      "modified_at": "2013-02-05T16:16:51Z",
      "host": 105,
      "ttl": 600,
      "owner": 4,
      "type": "A",
      "description": ""
    }
  },
  {
    "pk": 41,
    "model": "firewall.record",
    "fields": {
      "domain": 1,
      "name": null,
      "created_at": "2013-02-05T16:16:51Z",
      "address": null,
      "modified_at": "2013-02-05T16:16:51Z",
      "host": 299,
      "ttl": 600,
      "owner": 3,
      "type": "A",
      "description": ""
    }
  },
  {
    "pk": 42,
    "model": "firewall.record",
    "fields": {
      "domain": 5,
      "name": null,
      "created_at": "2013-02-05T16:16:51Z",
      "address": null,
      "modified_at": "2013-02-05T16:16:51Z",
      "host": 300,
      "ttl": 600,
      "owner": 3,
      "type": "A",
      "description": ""
    }
  },
  {
    "pk": 43,
    "model": "firewall.record",
    "fields": {
      "domain": 5,
      "name": null,
      "created_at": "2013-02-05T16:16:51Z",
      "address": null,
      "modified_at": "2013-02-05T16:16:51Z",
      "host": 303,
      "ttl": 600,
      "owner": 3,
      "type": "A",
      "description": ""
    }
  },
  {
    "pk": 44,
    "model": "firewall.record",
    "fields": {
      "domain": 5,
      "name": null,
      "created_at": "2013-02-05T16:16:51Z",
      "address": null,
      "modified_at": "2013-02-05T16:16:51Z",
      "host": 304,
      "ttl": 600,
      "owner": 3,
      "type": "A",
      "description": ""
    }
  },
  {
    "pk": 45,
    "model": "firewall.record",
    "fields": {
      "domain": 5,
      "name": null,
      "created_at": "2013-02-05T16:16:51Z",
      "address": null,
      "modified_at": "2013-02-05T16:16:51Z",
      "host": 305,
      "ttl": 600,
      "owner": 3,
      "type": "A",
      "description": ""
    }
  },
  {
    "pk": 46,
    "model": "firewall.record",
    "fields": {
      "domain": 1,
      "name": null,
      "created_at": "2013-02-05T16:16:51Z",
      "address": null,
      "modified_at": "2013-02-05T16:16:51Z",
      "host": 491,
      "ttl": 600,
      "owner": 5,
      "type": "A",
      "description": ""
    }
  },
  {
    "pk": 47,
    "model": "firewall.record",
    "fields": {
      "domain": 1,
      "name": null,
      "created_at": "2013-02-05T16:16:51Z",
      "address": null,
      "modified_at": "2013-02-05T16:16:51Z",
      "host": 492,
      "ttl": 600,
      "owner": 5,
      "type": "A",
      "description": ""
    }
  },
  {
    "pk": 48,
    "model": "firewall.record",
    "fields": {
      "domain": 1,
      "name": null,
      "created_at": "2013-02-05T16:16:51Z",
      "address": null,
      "modified_at": "2013-02-05T16:16:51Z",
      "host": 493,
      "ttl": 600,
      "owner": 5,
      "type": "A",
      "description": ""
    }
  },
  {
    "pk": 49,
    "model": "firewall.record",
    "fields": {
      "domain": 1,
      "name": null,
      "created_at": "2013-02-05T16:16:51Z",
      "address": null,
      "modified_at": "2013-02-05T16:16:51Z",
      "host": 494,
      "ttl": 600,
      "owner": 5,
      "type": "A",
      "description": ""
    }
  },
  {
    "pk": 50,
    "model": "firewall.record",
    "fields": {
      "domain": 1,
      "name": null,
      "created_at": "2013-02-05T16:16:51Z",
      "address": null,
      "modified_at": "2013-02-05T16:16:51Z",
      "host": 497,
      "ttl": 600,
      "owner": 5,
      "type": "A",
      "description": ""
    }
  },
  {
    "pk": 52,
    "model": "firewall.record",
    "fields": {
      "domain": 2,
      "name": null,
      "created_at": "2013-02-05T16:16:51Z",
      "address": null,
      "modified_at": "2013-02-05T16:16:51Z",
      "host": 510,
      "ttl": 600,
      "owner": 2,
      "type": "A",
      "description": ""
    }
  },
  {
    "pk": 53,
    "model": "firewall.record",
    "fields": {
      "domain": 2,
      "name": null,
      "created_at": "2013-02-05T16:16:51Z",
      "address": null,
      "modified_at": "2013-02-05T16:16:51Z",
      "host": 511,
      "ttl": 600,
      "owner": 2,
      "type": "A",
      "description": ""
    }
  },
  {
    "pk": 54,
    "model": "firewall.record",
    "fields": {
      "domain": 1,
      "name": null,
      "created_at": "2013-02-05T16:16:51Z",
      "address": null,
      "modified_at": "2013-02-05T16:16:51Z",
      "host": 512,
      "ttl": 600,
      "owner": 5,
      "type": "A",
      "description": ""
    }
  },
  {
    "pk": 55,
    "model": "firewall.record",
    "fields": {
      "domain": 2,
      "name": null,
      "created_at": "2013-02-05T16:16:51Z",
      "address": null,
      "modified_at": "2013-02-05T16:16:51Z",
      "host": 513,
      "ttl": 600,
      "owner": 2,
      "type": "A",
      "description": ""
    }
  },
  {
    "pk": 56,
    "model": "firewall.record",
    "fields": {
      "domain": 2,
      "name": null,
      "created_at": "2013-02-05T16:16:51Z",
      "address": null,
      "modified_at": "2013-02-05T16:16:51Z",
      "host": 514,
      "ttl": 600,
      "owner": 2,
      "type": "A",
      "description": ""
    }
  },
  {
    "pk": 58,
    "model": "firewall.record",
    "fields": {
      "domain": 1,
      "name": null,
      "created_at": "2013-02-05T16:16:51Z",
      "address": null,
      "modified_at": "2013-02-05T16:16:51Z",
      "host": 532,
      "ttl": 600,
      "owner": 5,
      "type": "A",
      "description": ""
    }
  },
  {
    "pk": 59,
    "model": "firewall.record",
    "fields": {
      "domain": 2,
      "name": null,
      "created_at": "2013-02-05T16:16:51Z",
      "address": null,
      "modified_at": "2013-02-05T16:16:51Z",
      "host": 535,
      "ttl": 600,
      "owner": 2,
      "type": "A",
      "description": ""
    }
  },
  {
    "pk": 60,
    "model": "firewall.record",
    "fields": {
      "domain": 2,
      "name": null,
      "created_at": "2013-02-05T16:16:51Z",
      "address": null,
      "modified_at": "2013-02-05T16:16:51Z",
      "host": 536,
      "ttl": 600,
      "owner": 2,
      "type": "A",
      "description": ""
    }
  },
  {
    "pk": 61,
    "model": "firewall.record",
    "fields": {
      "domain": 1,
      "name": null,
      "created_at": "2013-02-05T16:16:51Z",
      "address": null,
      "modified_at": "2013-02-05T16:16:51Z",
      "host": 541,
      "ttl": 600,
      "owner": 4,
      "type": "A",
      "description": ""
    }
  },
  {
    "pk": 62,
    "model": "firewall.record",
    "fields": {
      "domain": 2,
      "name": null,
      "created_at": "2013-02-05T16:16:51Z",
      "address": null,
      "modified_at": "2013-02-05T16:16:51Z",
      "host": 544,
      "ttl": 600,
      "owner": 2,
      "type": "A",
      "description": ""
    }
  },
  {
    "pk": 63,
    "model": "firewall.record",
    "fields": {
      "domain": 2,
      "name": null,
      "created_at": "2013-02-05T16:16:51Z",
      "address": null,
      "modified_at": "2013-02-05T16:16:51Z",
      "host": 545,
      "ttl": 600,
      "owner": 2,
      "type": "A",
      "description": ""
    }
  },
  {
    "pk": 64,
    "model": "firewall.record",
    "fields": {
      "domain": 1,
      "name": null,
      "created_at": "2013-02-05T16:16:51Z",
      "address": null,
      "modified_at": "2013-02-05T16:16:51Z",
      "host": 546,
      "ttl": 600,
      "owner": 5,
      "type": "A",
      "description": ""
    }
  },
  {
    "pk": 65,
    "model": "firewall.record",
    "fields": {
      "domain": 5,
      "name": null,
      "created_at": "2013-02-05T16:16:51Z",
      "address": null,
      "modified_at": "2013-02-05T16:16:51Z",
      "host": 547,
      "ttl": 600,
      "owner": 3,
      "type": "A",
      "description": ""
    }
  },
  {
    "pk": 66,
    "model": "firewall.record",
    "fields": {
      "domain": 1,
      "name": null,
      "created_at": "2013-02-05T16:16:51Z",
      "address": null,
      "modified_at": "2013-02-05T16:16:51Z",
      "host": 550,
      "ttl": 600,
      "owner": 5,
      "type": "A",
      "description": ""
    }
  },
  {
    "pk": 67,
    "model": "firewall.record",
    "fields": {
      "domain": 2,
      "name": null,
      "created_at": "2013-02-05T16:16:51Z",
      "address": null,
      "modified_at": "2013-02-05T16:16:51Z",
      "host": 551,
      "ttl": 600,
      "owner": 1,
      "type": "A",
      "description": ""
    }
  },
  {
    "pk": 68,
    "model": "firewall.record",
    "fields": {
      "domain": 2,
      "name": null,
      "created_at": "2013-02-05T16:16:51Z",
      "address": null,
      "modified_at": "2013-02-05T16:16:51Z",
      "host": 552,
      "ttl": 600,
      "owner": 1,
      "type": "A",
      "description": ""
    }
  },
  {
    "pk": 69,
    "model": "firewall.record",
    "fields": {
      "domain": 2,
      "name": null,
      "created_at": "2013-02-05T16:16:51Z",
      "address": null,
      "modified_at": "2013-02-05T16:16:51Z",
      "host": 553,
      "ttl": 600,
      "owner": 1,
      "type": "A",
      "description": ""
    }
  },
  {
    "pk": 70,
    "model": "firewall.record",
    "fields": {
      "domain": 2,
      "name": null,
      "created_at": "2013-02-05T16:16:51Z",
      "address": null,
      "modified_at": "2013-02-05T16:16:51Z",
      "host": 554,
      "ttl": 600,
      "owner": 1,
      "type": "A",
      "description": ""
    }
  },
  {
    "pk": 71,
    "model": "firewall.record",
    "fields": {
      "domain": 5,
      "name": null,
      "created_at": "2013-02-05T16:16:51Z",
      "address": null,
      "modified_at": "2013-02-05T16:16:51Z",
      "host": 555,
      "ttl": 600,
      "owner": 1,
      "type": "A",
      "description": ""
    }
  },
  {
    "pk": 72,
    "model": "firewall.record",
    "fields": {
      "domain": 1,
      "name": null,
      "created_at": "2013-02-05T16:16:51Z",
      "address": null,
      "modified_at": "2013-02-05T16:16:51Z",
      "host": 596,
      "ttl": 600,
      "owner": 3,
      "type": "A",
      "description": ""
    }
  },
  {
    "pk": 73,
    "model": "firewall.record",
    "fields": {
      "domain": 1,
      "name": null,
      "created_at": "2013-02-05T16:16:51Z",
      "address": null,
      "modified_at": "2013-02-05T16:16:51Z",
      "host": 612,
      "ttl": 600,
      "owner": 5,
      "type": "A",
      "description": ""
    }
  },
  {
    "pk": 74,
    "model": "firewall.record",
    "fields": {
      "domain": 1,
      "name": null,
      "created_at": "2013-02-05T16:16:51Z",
      "address": null,
      "modified_at": "2013-02-05T16:16:51Z",
      "host": 618,
      "ttl": 600,
      "owner": 4,
      "type": "A",
      "description": ""
    }
  },
  {
    "pk": 75,
    "model": "firewall.record",
    "fields": {
      "domain": 1,
      "name": null,
      "created_at": "2013-02-05T16:16:51Z",
      "address": null,
      "modified_at": "2013-02-05T16:16:51Z",
      "host": 623,
      "ttl": 600,
      "owner": 3,
      "type": "A",
      "description": ""
    }
  },
  {
    "pk": 76,
    "model": "firewall.record",
    "fields": {
      "domain": 1,
      "name": null,
      "created_at": "2013-02-05T16:16:51Z",
      "address": null,
      "modified_at": "2013-02-05T16:16:51Z",
      "host": 629,
      "ttl": 600,
      "owner": 5,
      "type": "A",
      "description": ""
    }
  },
  {
    "pk": 77,
    "model": "firewall.record",
    "fields": {
      "domain": 1,
      "name": null,
      "created_at": "2013-02-05T16:16:51Z",
      "address": null,
      "modified_at": "2013-02-05T16:16:51Z",
      "host": 630,
      "ttl": 600,
      "owner": 5,
      "type": "A",
      "description": ""
    }
  },
  {
    "pk": 78,
    "model": "firewall.record",
    "fields": {
      "domain": 1,
      "name": null,
      "created_at": "2013-02-05T16:16:51Z",
      "address": null,
      "modified_at": "2013-02-05T16:16:51Z",
      "host": 631,
      "ttl": 600,
      "owner": 5,
      "type": "A",
      "description": ""
    }
  },
  {
    "pk": 81,
    "model": "firewall.record",
    "fields": {
      "domain": 5,
      "name": null,
      "created_at": "2013-02-05T16:16:51Z",
      "address": null,
      "modified_at": "2013-02-05T16:16:51Z",
      "host": 645,
      "ttl": 600,
      "owner": 6,
      "type": "A",
      "description": ""
    }
  },
  {
    "pk": 89,
    "model": "firewall.record",
    "fields": {
      "domain": 1,
      "name": null,
      "created_at": "2013-02-05T16:16:51Z",
      "address": null,
      "modified_at": "2013-02-05T16:16:51Z",
      "host": 689,
      "ttl": 600,
      "owner": 5,
      "type": "A",
      "description": ""
    }
  },
  {
    "pk": 98,
    "model": "firewall.record",
    "fields": {
      "domain": 1,
      "name": "svn.cloud.ik.bme.hu",
      "created_at": "2013-02-05T16:29:33Z",
      "address": "152.66.241.82",
      "modified_at": "2013-02-05T16:29:33Z",
      "host": null,
      "ttl": 600,
      "owner": 3,
      "type": "A",
      "description": ""
    }
  },
  {
    "pk": 102,
    "model": "firewall.record",
    "fields": {
      "domain": 1,
      "name": null,
      "created_at": "2013-02-05T22:26:54Z",
      "address": null,
      "modified_at": "2013-02-05T22:26:54Z",
      "host": 796,
      "ttl": 600,
      "owner": 1,
      "type": "A",
      "description": ""
    }
  },
  {
    "pk": 105,
    "model": "firewall.record",
    "fields": {
      "domain": 8,
      "name": null,
      "created_at": "2013-03-01T16:28:39Z",
      "address": null,
      "modified_at": "2013-03-01T16:28:39Z",
      "host": 872,
      "ttl": 600,
      "owner": 7,
      "type": "A",
      "description": ""
    }
  },
  {
    "pk": 106,
    "model": "firewall.record",
    "fields": {
      "domain": 8,
      "name": null,
      "created_at": "2013-03-01T16:28:39Z",
      "address": null,
      "modified_at": "2013-03-01T16:28:39Z",
      "host": 872,
      "ttl": 600,
      "owner": 7,
      "type": "AAAA",
      "description": ""
    }
  },
  {
    "pk": 1,
    "model": "south.migrationhistory",
    "fields": {
      "applied": "2012-11-21T13:46:11Z",
      "app_name": "one",
      "migration": "0001_initial"
    }
  },
  {
    "pk": 2,
    "model": "south.migrationhistory",
    "fields": {
      "applied": "2012-11-21T13:47:33Z",
      "app_name": "school",
      "migration": "0001_initial"
    }
  },
  {
    "pk": 3,
    "model": "south.migrationhistory",
    "fields": {
      "applied": "2012-11-23T09:58:38Z",
      "app_name": "firewall",
      "migration": "0001_initial"
    }
  },
  {
    "pk": 4,
    "model": "south.migrationhistory",
    "fields": {
      "applied": "2012-11-27T10:28:57Z",
      "app_name": "firewall",
      "migration": "0002_auto__add_field_rule_owner__chg_field_host_mac"
    }
  },
  {
    "pk": 5,
    "model": "south.migrationhistory",
    "fields": {
      "applied": "2012-11-27T10:35:13Z",
      "app_name": "firewall",
      "migration": "0003_auto__chg_field_rule_owner"
    }
  },
  {
    "pk": 6,
    "model": "south.migrationhistory",
    "fields": {
      "applied": "2012-11-28T14:38:15Z",
      "app_name": "firewall",
      "migration": "0004_auto__del_field_host_vlan"
    }
  },
  {
    "pk": 7,
    "model": "south.migrationhistory",
    "fields": {
      "applied": "2012-11-28T14:40:55Z",
      "app_name": "firewall",
      "migration": "0005_auto__del_field_rule_vlan__add_field_host_vlan"
    }
  },
  {
    "pk": 8,
    "model": "south.migrationhistory",
    "fields": {
      "applied": "2012-12-03T14:06:54Z",
      "app_name": "firewall",
      "migration": "0006_auto__add_field_rule_r_type"
    }
  },
  {
    "pk": 9,
    "model": "south.migrationhistory",
    "fields": {
      "applied": "2012-12-03T14:26:24Z",
      "app_name": "firewall",
      "migration": "0007_auto"
    }
  },
  {
    "pk": 10,
    "model": "south.migrationhistory",
    "fields": {
      "applied": "2012-12-10T17:06:32Z",
      "app_name": "firewall",
      "migration": "0008_auto__add_field_rule_nat__add_field_rule_nat_dport"
    }
  },
  {
    "pk": 11,
    "model": "south.migrationhistory",
    "fields": {
      "applied": "2012-12-18T20:15:50Z",
      "app_name": "firewall",
      "migration": "0009_auto__add_field_vlan_snat_ip"
    }
  },
  {
    "pk": 12,
    "model": "south.migrationhistory",
    "fields": {
      "applied": "2012-12-18T20:19:15Z",
      "app_name": "firewall",
      "migration": "0010_auto__chg_field_vlan_snat_ip"
    }
  },
  {
    "pk": 13,
    "model": "south.migrationhistory",
    "fields": {
      "applied": "2012-12-19T13:07:27Z",
      "app_name": "firewall",
      "migration": "0011_auto__del_field_rule_action__add_field_rule_dport__add_field_rule_spor"
    }
  },
  {
    "pk": 14,
    "model": "south.migrationhistory",
    "fields": {
      "applied": "2012-12-23T21:44:29Z",
      "app_name": "djcelery",
      "migration": "0001_initial"
    }
  },
  {
    "pk": 15,
    "model": "south.migrationhistory",
    "fields": {
      "applied": "2012-12-23T21:44:29Z",
      "app_name": "djcelery",
      "migration": "0002_v25_changes"
    }
  },
  {
    "pk": 16,
    "model": "south.migrationhistory",
    "fields": {
      "applied": "2012-12-23T21:44:29Z",
      "app_name": "djcelery",
      "migration": "0003_v26_changes"
    }
  },
  {
    "pk": 17,
    "model": "south.migrationhistory",
    "fields": {
      "applied": "2012-12-23T21:44:29Z",
      "app_name": "djcelery",
      "migration": "0004_v30_changes"
    }
  },
  {
    "pk": 18,
    "model": "south.migrationhistory",
    "fields": {
      "applied": "2012-12-23T22:20:37Z",
      "app_name": "django",
      "migration": "0001_initial"
    }
  },
  {
    "pk": 19,
    "model": "south.migrationhistory",
    "fields": {
      "applied": "2012-12-25T23:43:06Z",
      "app_name": "firewall",
      "migration": "0012_auto__chg_field_rule_nat_dport__add_field_host_shared_ip"
    }
  },
  {
    "pk": 20,
    "model": "south.migrationhistory",
    "fields": {
      "applied": "2012-12-25T23:51:24Z",
      "app_name": "firewall",
      "migration": "0013_auto__del_unique_host_pub_ipv4"
    }
  },
  {
    "pk": 21,
    "model": "south.migrationhistory",
    "fields": {
      "applied": "2012-12-26T01:26:39Z",
      "app_name": "one",
      "migration": "0002_auto__add_field_instance_firewall_host"
    }
  },
  {
    "pk": 22,
    "model": "south.migrationhistory",
    "fields": {
      "applied": "2012-12-26T01:35:14Z",
      "app_name": "one",
      "migration": "0003_auto__chg_field_instance_firewall_host"
    }
  },
  {
    "pk": 23,
    "model": "south.migrationhistory",
    "fields": {
      "applied": "2013-01-02T01:49:08Z",
      "app_name": "firewall",
      "migration": "0014_auto__chg_field_rule_direction"
    }
  },
  {
    "pk": 24,
    "model": "south.migrationhistory",
    "fields": {
      "applied": "2013-01-22T22:21:08Z",
      "app_name": "firewall",
      "migration": "0015_auto__chg_field_host_hostname"
    }
  },
  {
    "pk": 25,
    "model": "south.migrationhistory",
    "fields": {
      "applied": "2013-01-24T16:40:56Z",
      "app_name": "firewall",
      "migration": "0016_auto__add_alias__chg_field_host_ipv6"
    }
  },
  {
    "pk": 26,
    "model": "south.migrationhistory",
    "fields": {
      "applied": "2013-01-24T16:56:01Z",
      "app_name": "firewall",
      "migration": "0017_auto__del_field_alias_hostname__add_field_alias_alias"
    }
  },
  {
    "pk": 27,
    "model": "south.migrationhistory",
    "fields": {
      "applied": "2013-01-24T17:17:33Z",
      "app_name": "firewall",
      "migration": "0018_auto__add_field_host_reverse"
    }
  },
  {
    "pk": 28,
    "model": "south.migrationhistory",
    "fields": {
      "applied": "2013-01-24T17:34:49Z",
      "app_name": "firewall",
      "migration": "0019_auto__del_unique_host_reverse"
    }
  },
  {
    "pk": 29,
    "model": "south.migrationhistory",
    "fields": {
      "applied": "2013-01-25T14:29:38Z",
      "app_name": "firewall",
      "migration": "0020_auto__add_setting"
    }
  },
  {
    "pk": 30,
    "model": "south.migrationhistory",
    "fields": {
      "applied": "2013-01-28T17:07:31Z",
      "app_name": "store",
      "migration": "0001_initial"
    }
  },
  {
    "pk": 31,
    "model": "south.migrationhistory",
    "fields": {
      "applied": "2013-01-29T19:42:40Z",
      "app_name": "firewall",
      "migration": "0021_auto__add_field_host_created_at__add_field_host_modified_at__add_field"
    }
  },
  {
    "pk": 32,
    "model": "south.migrationhistory",
    "fields": {
      "applied": "2013-01-30T16:41:30Z",
      "app_name": "firewall",
      "migration": "0022_auto__add_vlangroup__add_field_setting_description__add_field_group_de"
    }
  },
  {
    "pk": 33,
    "model": "south.migrationhistory",
    "fields": {
      "applied": "2013-01-30T16:41:30Z",
      "app_name": "firewall",
      "migration": "0023_auto__add_field_rule_firewall"
    }
  },
  {
    "pk": 34,
    "model": "south.migrationhistory",
    "fields": {
      "applied": "2013-02-02T20:17:01Z",
      "app_name": "school",
      "migration": "0002_auto__del_entity__del_lessonclass__del_lesson__del_person__del_mark__d"
    }
  },
  {
    "pk": 35,
    "model": "south.migrationhistory",
    "fields": {
      "applied": "2013-02-02T20:17:01Z",
      "app_name": "school",
      "migration": "0003_auto__add_course__add_semester__add_person__add_group__add_unique_grou"
    }
  },
  {
    "pk": 36,
    "model": "south.migrationhistory",
    "fields": {
      "applied": "2013-02-02T20:17:01Z",
      "app_name": "school",
      "migration": "0004_auto__add_field_course_short_name__add_field_semester_name"
    }
  },
  {
    "pk": 37,
    "model": "south.migrationhistory",
    "fields": {
      "applied": "2013-02-03T09:37:25Z",
      "app_name": "school",
      "migration": "0005_auto"
    }
  },
  {
    "pk": 38,
    "model": "south.migrationhistory",
    "fields": {
      "applied": "2013-02-03T09:37:26Z",
      "app_name": "school",
      "migration": "0006_auto"
    }
  },
  {
    "pk": 39,
    "model": "south.migrationhistory",
    "fields": {
      "applied": "2013-02-03T14:47:44Z",
      "app_name": "school",
      "migration": "0007_auto__chg_field_course_code"
    }
  },
  {
    "pk": 40,
    "model": "south.migrationhistory",
    "fields": {
      "applied": "2013-02-04T21:46:19Z",
      "app_name": "store",
      "migration": "0002_auto__del_setting"
    }
  },
  {
    "pk": 41,
    "model": "south.migrationhistory",
    "fields": {
      "applied": "2013-02-05T14:58:39Z",
      "app_name": "one",
      "migration": "0004_auto__chg_field_userclouddetails_ssh_private_key"
    }
  },
  {
    "pk": 42,
    "model": "south.migrationhistory",
    "fields": {
      "applied": "2013-02-05T14:58:39Z",
      "app_name": "firewall",
      "migration": "0024_auto__add_domain__add_record"
    }
  },
  {
    "pk": 43,
    "model": "south.migrationhistory",
    "fields": {
      "applied": "2013-02-05T14:58:39Z",
      "app_name": "firewall",
      "migration": "0025_auto__chg_field_record_address"
    }
  },
  {
    "pk": 44,
    "model": "south.migrationhistory",
    "fields": {
      "applied": "2013-02-05T14:58:39Z",
      "app_name": "firewall",
      "migration": "0026_auto__chg_field_record_name"
    }
  },
  {
    "pk": 45,
    "model": "south.migrationhistory",
    "fields": {
      "applied": "2013-02-05T14:58:39Z",
      "app_name": "firewall",
      "migration": "0027_auto__add_field_vlan_reverse_domain"
    }
  },
  {
    "pk": 46,
    "model": "south.migrationhistory",
    "fields": {
      "applied": "2013-02-05T14:58:40Z",
      "app_name": "firewall",
      "migration": "0028_auto__del_field_vlan_domain"
    }
  },
  {
    "pk": 47,
    "model": "south.migrationhistory",
    "fields": {
      "applied": "2013-02-05T14:58:40Z",
      "app_name": "firewall",
      "migration": "0029_auto__add_field_vlan_domain"
    }
  },
  {
    "pk": 48,
    "model": "south.migrationhistory",
    "fields": {
      "applied": "2013-02-06T14:49:20Z",
      "app_name": "school",
      "migration": "0008_auto__add_field_person_language"
    }
  },
  {
    "pk": 49,
    "model": "south.migrationhistory",
    "fields": {
      "applied": "2013-02-07T22:50:03Z",
      "app_name": "one",
      "migration": "0005_auto__add_share__add_field_userclouddetails_share_quota__add_field_use"
    }
  },
  {
    "pk": 50,
    "model": "south.migrationhistory",
    "fields": {
      "applied": "2013-02-08T02:26:23Z",
      "app_name": "one",
      "migration": "0006_auto__add_field_template_state"
    }
  },
  {
    "pk": 51,
    "model": "south.migrationhistory",
    "fields": {
      "applied": "2013-02-08T17:23:52Z",
      "app_name": "school",
      "migration": "0009_auto__add_field_person_code__chg_field_person_user"
    }
  },
  {
    "pk": 52,
    "model": "south.migrationhistory",
    "fields": {
      "applied": "2013-02-08T17:24:19Z",
      "app_name": "school",
      "migration": "0010_neptuncodes"
    }
  },
  {
    "pk": 53,
    "model": "south.migrationhistory",
    "fields": {
      "applied": "2013-02-08T17:24:19Z",
      "app_name": "school",
      "migration": "0011_auto__add_unique_person_code"
    }
  },
  {
    "pk": 54,
    "model": "south.migrationhistory",
    "fields": {
      "applied": "2013-02-08T18:10:17Z",
      "app_name": "school",
      "migration": "0012_auto__del_unique_group_name"
    }
  },
  {
    "pk": 55,
    "model": "south.migrationhistory",
    "fields": {
      "applied": "2013-02-25T18:31:52Z",
      "app_name": "firewall",
      "migration": "0028_auto__del_field_vlan_domain"
    }
  },
  {
    "pk": 56,
    "model": "south.migrationhistory",
    "fields": {
      "applied": "2013-02-08T22:17:33Z",
      "app_name": "one",
      "migration": "0007_auto__add_field_template_public"
    }
  },
  {
    "pk": 57,
    "model": "south.migrationhistory",
    "fields": {
      "applied": "2013-02-09T00:49:35Z",
      "app_name": "one",
      "migration": "0008_auto__add_field_template_description__add_field_template_system"
    }
  },
  {
    "pk": 58,
    "model": "south.migrationhistory",
    "fields": {
      "applied": "2013-02-09T02:12:07Z",
      "app_name": "one",
      "migration": "0009_auto__add_field_instancetype_credit"
    }
  },
  {
    "pk": 59,
    "model": "south.migrationhistory",
    "fields": {
      "applied": "2013-02-11T13:48:08Z",
      "app_name": "one",
      "migration": "0010_auto__del_unique_share_name"
    }
  },
  {
    "pk": 60,
    "model": "south.migrationhistory",
    "fields": {
      "applied": "2013-02-11T14:18:15Z",
      "app_name": "one",
      "migration": "0011_auto__add_field_share_owner"
    }
  },
  {
    "pk": 61,
    "model": "south.migrationhistory",
    "fields": {
      "applied": "2013-02-13T00:39:04Z",
      "app_name": "one",
      "migration": "0012_auto__add_field_instance_waiting"
    }
  },
  {
    "pk": 62,
    "model": "south.migrationhistory",
    "fields": {
      "applied": "2013-02-15T12:14:50Z",
      "app_name": "one",
      "migration": "0013_auto__chg_field_sshkey_key__chg_field_userclouddetails_ssh_private_key"
    }
  },
  {
    "pk": 63,
    "model": "south.migrationhistory",
    "fields": {
      "applied": "2013-02-19T17:40:56Z",
      "app_name": "firewall",
      "migration": "0030_auto__del_setting__del_alias__add_blacklist"
    }
  },
  {
    "pk": 64,
    "model": "south.migrationhistory",
    "fields": {
      "applied": "2013-03-01T16:20:57Z",
      "app_name": "firewall",
      "migration": "0031_auto__add_field_blacklist_snort_message__add_field_blacklist_type"
    }
  },
  {
    "pk": 7,
    "model": "django.queue",
    "fields": {
      "name": "1a3a8776-7b0d-386c-8101-cb76e75d3c4f.reply.celery.pidbox"
    }
  },
  {
    "pk": 3,
    "model": "django.queue",
    "fields": {
      "name": "2e5083bc-4367-31bc-944c-c9c4190d09ed.reply.celery.pidbox"
    }
  },
  {
    "pk": 4,
    "model": "django.queue",
    "fields": {
      "name": "38897778-b79c-3cd6-80ac-d9bd2153e8f2.reply.celery.pidbox"
    }
  },
  {
    "pk": 6,
    "model": "django.queue",
    "fields": {
      "name": "864b9f4e-44da-3235-8d46-4a12b7ff3d62.reply.celery.pidbox"
    }
  },
  {
    "pk": 1,
    "model": "django.queue",
    "fields": {
      "name": "celery"
    }
  },
  {
    "pk": 2,
    "model": "django.queue",
    "fields": {
      "name": "cloud.celery.pidbox"
    }
  },
  {
    "pk": 5,
    "model": "django.queue",
    "fields": {
      "name": "e4c9b1e7-dee1-3bd4-bef4-f44c23467e21.reply.celery.pidbox"
    }
  },
  {
    "pk": 8,
    "model": "django.queue",
    "fields": {
      "name": "f72ef8f4-1ace-350f-baf2-769bd03038a5.reply.celery.pidbox"
    }
  },
  {
    "pk": 513,
    "model": "django.message",
    "fields": {
      "queue": 1,
      "visible": false,
      "sent_at": "2013-02-04T23:29:15Z",
      "payload": "{\"body\": \"gAJ9cQEoVQdyZXRyaWVzcQJLAFUEdGFza3EDVRlmaXJld2FsbC50YXNrcy5SZWxvYWRUYXNrcQRVCGVycmJhY2tzcQVOVQljYWxsYmFja3NxBk5VBmt3YXJnc3EHfXEIVQNldGFxCU5VBGFyZ3NxCl1xC1UCaWRxDFUkMTZmNjEzNTUtMTQyZS00N2UyLTg1OTYtYzY4MDczYmJjMmZlcQ1VB2V4cGlyZXNxDk5VA3V0Y3EPiHUu\", \"headers\": {}, \"content-type\": \"application/x-python-serialize\", \"properties\": {\"exclusive\": false, \"name\": \"celery\", \"body_encoding\": \"base64\", \"delivery_info\": {\"priority\": 0, \"routing_key\": \"celery\", \"exchange\": \"celery\"}, \"auto_delete\": false, \"delivery_mode\": 2, \"no_ack\": false, \"alias\": null, \"queue_arguments\": null, \"binding_arguments\": null, \"delivery_tag\": 1, \"bindings\": [], \"durable\": true}, \"content-encoding\": \"binary\"}"
    }
  },
  {
    "pk": 514,
    "model": "django.message",
    "fields": {
      "queue": 1,
      "visible": false,
      "sent_at": "2013-02-05T09:09:38Z",
      "payload": "{\"body\": \"gAJ9cQEoVQdyZXRyaWVzcQJLAFUEdGFza3EDVRlmaXJld2FsbC50YXNrcy5SZWxvYWRUYXNrcQRVCGVycmJhY2tzcQVOVQljYWxsYmFja3NxBk5VBmt3YXJnc3EHfXEIVQNldGFxCU5VBGFyZ3NxCl1xC1UCaWRxDFUkYTNjNmFmOTgtOWQ3Yy00YjRjLTkyZjMtNzIwODc2OWMzYTM5cQ1VB2V4cGlyZXNxDk5VA3V0Y3EPiHUu\", \"headers\": {}, \"content-type\": \"application/x-python-serialize\", \"properties\": {\"exclusive\": false, \"name\": \"celery\", \"body_encoding\": \"base64\", \"delivery_info\": {\"priority\": 0, \"routing_key\": \"celery\", \"exchange\": \"celery\"}, \"auto_delete\": false, \"delivery_mode\": 2, \"no_ack\": false, \"alias\": null, \"queue_arguments\": null, \"binding_arguments\": null, \"delivery_tag\": 1, \"bindings\": [], \"durable\": true}, \"content-encoding\": \"binary\"}"
    }
  },
  {
    "pk": 515,
    "model": "django.message",
    "fields": {
      "queue": 1,
      "visible": false,
      "sent_at": "2013-02-05T09:33:58Z",
      "payload": "{\"body\": \"gAJ9cQEoVQdyZXRyaWVzcQJLAFUEdGFza3EDVRlmaXJld2FsbC50YXNrcy5SZWxvYWRUYXNrcQRVCGVycmJhY2tzcQVOVQljYWxsYmFja3NxBk5VBmt3YXJnc3EHfXEIVQNldGFxCU5VBGFyZ3NxCl1xC1UCaWRxDFUkMDUxODNiMzItYjAxNi00NzdkLWJkZDUtYjhjMGEzNWU4M2ExcQ1VB2V4cGlyZXNxDk5VA3V0Y3EPiHUu\", \"headers\": {}, \"content-type\": \"application/x-python-serialize\", \"properties\": {\"exclusive\": false, \"name\": \"celery\", \"body_encoding\": \"base64\", \"delivery_info\": {\"priority\": 0, \"routing_key\": \"celery\", \"exchange\": \"celery\"}, \"auto_delete\": false, \"delivery_mode\": 2, \"no_ack\": false, \"alias\": null, \"queue_arguments\": null, \"binding_arguments\": null, \"delivery_tag\": 1, \"bindings\": [], \"durable\": true}, \"content-encoding\": \"binary\"}"
    }
  },
  {
    "pk": 516,
    "model": "django.message",
    "fields": {
      "queue": 1,
      "visible": false,
      "sent_at": "2013-02-05T13:53:58Z",
      "payload": "{\"body\": \"gAJ9cQEoVQdyZXRyaWVzcQJLAFUEdGFza3EDVRlmaXJld2FsbC50YXNrcy5SZWxvYWRUYXNrcQRVCGVycmJhY2tzcQVOVQljYWxsYmFja3NxBk5VBmt3YXJnc3EHfXEIVQNldGFxCU5VBGFyZ3NxCl1xC1UCaWRxDFUkODU5YTA5OGYtYmExNi00Zjc1LTkzMzYtMGFjMjdhNDkyNmRkcQ1VB2V4cGlyZXNxDk5VA3V0Y3EPiHUu\", \"headers\": {}, \"content-type\": \"application/x-python-serialize\", \"properties\": {\"exclusive\": false, \"name\": \"celery\", \"body_encoding\": \"base64\", \"delivery_info\": {\"priority\": 0, \"routing_key\": \"celery\", \"exchange\": \"celery\"}, \"auto_delete\": false, \"delivery_mode\": 2, \"no_ack\": false, \"alias\": null, \"queue_arguments\": null, \"binding_arguments\": null, \"delivery_tag\": 1, \"bindings\": [], \"durable\": true}, \"content-encoding\": \"binary\"}"
    }
  },
  {
    "pk": 517,
    "model": "django.message",
    "fields": {
      "queue": 1,
      "visible": false,
      "sent_at": "2013-02-05T15:31:58Z",
      "payload": "{\"body\": \"gAJ9cQEoVQdyZXRyaWVzcQJLAFUEdGFza3EDVRlmaXJld2FsbC50YXNrcy5SZWxvYWRUYXNrcQRVCGVycmJhY2tzcQVOVQljYWxsYmFja3NxBk5VBmt3YXJnc3EHfXEIVQNldGFxCU5VBGFyZ3NxCl1xC1UCaWRxDFUkYzdkZTc1NzAtMTNlMi00MTgxLWIzOTEtODQ5NzIxOTBiYTdkcQ1VB2V4cGlyZXNxDk5VA3V0Y3EPiHUu\", \"headers\": {}, \"content-type\": \"application/x-python-serialize\", \"properties\": {\"exclusive\": false, \"name\": \"celery\", \"body_encoding\": \"base64\", \"delivery_info\": {\"priority\": 0, \"routing_key\": \"celery\", \"exchange\": \"celery\"}, \"auto_delete\": false, \"delivery_mode\": 2, \"no_ack\": false, \"alias\": null, \"queue_arguments\": null, \"binding_arguments\": null, \"delivery_tag\": 1, \"bindings\": [], \"durable\": true}, \"content-encoding\": \"binary\"}"
    }
  },
  {
    "pk": 518,
    "model": "django.message",
    "fields": {
      "queue": 1,
      "visible": false,
      "sent_at": "2013-02-05T15:41:19Z",
      "payload": "{\"body\": \"gAJ9cQEoVQdyZXRyaWVzcQJLAFUEdGFza3EDVRlmaXJld2FsbC50YXNrcy5SZWxvYWRUYXNrcQRVCGVycmJhY2tzcQVOVQljYWxsYmFja3NxBk5VBmt3YXJnc3EHfXEIVQNldGFxCU5VBGFyZ3NxCl1xC1UCaWRxDFUkMWVlZjRlMzctMzA0OS00OWE3LWFlYTItOWQ1MmFkMWEzMmNicQ1VB2V4cGlyZXNxDk5VA3V0Y3EPiHUu\", \"headers\": {}, \"content-type\": \"application/x-python-serialize\", \"properties\": {\"exclusive\": false, \"name\": \"celery\", \"body_encoding\": \"base64\", \"delivery_info\": {\"priority\": 0, \"routing_key\": \"celery\", \"exchange\": \"celery\"}, \"auto_delete\": false, \"delivery_mode\": 2, \"no_ack\": false, \"alias\": null, \"queue_arguments\": null, \"binding_arguments\": null, \"delivery_tag\": 1, \"bindings\": [], \"durable\": true}, \"content-encoding\": \"binary\"}"
    }
  },
  {
    "pk": 519,
    "model": "django.message",
    "fields": {
      "queue": 1,
      "visible": false,
      "sent_at": "2013-02-05T16:08:59Z",
      "payload": "{\"body\": \"gAJ9cQEoVQdyZXRyaWVzcQJLAFUEdGFza3EDVRlmaXJld2FsbC50YXNrcy5SZWxvYWRUYXNrcQRVCGVycmJhY2tzcQVOVQljYWxsYmFja3NxBk5VBmt3YXJnc3EHfXEIVQNldGFxCU5VBGFyZ3NxCl1xC1UCaWRxDFUkMjY1NWFmNmItMzVjNS00Y2E4LWFlN2EtOGRhMGViNWFjZmJkcQ1VB2V4cGlyZXNxDk5VA3V0Y3EPiHUu\", \"headers\": {}, \"content-type\": \"application/x-python-serialize\", \"properties\": {\"exclusive\": false, \"name\": \"celery\", \"body_encoding\": \"base64\", \"delivery_info\": {\"priority\": 0, \"routing_key\": \"celery\", \"exchange\": \"celery\"}, \"auto_delete\": false, \"delivery_mode\": 2, \"no_ack\": false, \"alias\": null, \"queue_arguments\": null, \"binding_arguments\": null, \"delivery_tag\": 1, \"bindings\": [], \"durable\": true}, \"content-encoding\": \"binary\"}"
    }
  },
  {
    "pk": 520,
    "model": "django.message",
    "fields": {
      "queue": 1,
      "visible": false,
      "sent_at": "2013-02-05T16:12:33Z",
      "payload": "{\"body\": \"gAJ9cQEoVQdyZXRyaWVzcQJLAFUEdGFza3EDVRlmaXJld2FsbC50YXNrcy5SZWxvYWRUYXNrcQRVCGVycmJhY2tzcQVOVQljYWxsYmFja3NxBk5VBmt3YXJnc3EHfXEIVQNldGFxCU5VBGFyZ3NxCl1xC1UCaWRxDFUkMzc5YTg2MmEtMTRiZC00OTRmLWE1MGItNDkyMGE3OGVhNGNmcQ1VB2V4cGlyZXNxDk5VA3V0Y3EPiHUu\", \"headers\": {}, \"content-type\": \"application/x-python-serialize\", \"properties\": {\"exclusive\": false, \"name\": \"celery\", \"body_encoding\": \"base64\", \"delivery_info\": {\"priority\": 0, \"routing_key\": \"celery\", \"exchange\": \"celery\"}, \"auto_delete\": false, \"delivery_mode\": 2, \"no_ack\": false, \"alias\": null, \"queue_arguments\": null, \"binding_arguments\": null, \"delivery_tag\": 1, \"bindings\": [], \"durable\": true}, \"content-encoding\": \"binary\"}"
    }
  },
  {
    "pk": 521,
    "model": "django.message",
    "fields": {
      "queue": 1,
      "visible": false,
      "sent_at": "2013-02-05T16:12:47Z",
      "payload": "{\"body\": \"gAJ9cQEoVQdyZXRyaWVzcQJLAFUEdGFza3EDVRlmaXJld2FsbC50YXNrcy5SZWxvYWRUYXNrcQRVCGVycmJhY2tzcQVOVQljYWxsYmFja3NxBk5VBmt3YXJnc3EHfXEIVQNldGFxCU5VBGFyZ3NxCl1xC1UCaWRxDFUkYzcwMzI4YmItNzczNS00ZWI5LWJhNjQtYjdjYjk5MGJlYzZhcQ1VB2V4cGlyZXNxDk5VA3V0Y3EPiHUu\", \"headers\": {}, \"content-type\": \"application/x-python-serialize\", \"properties\": {\"exclusive\": false, \"name\": \"celery\", \"body_encoding\": \"base64\", \"delivery_info\": {\"priority\": 0, \"routing_key\": \"celery\", \"exchange\": \"celery\"}, \"auto_delete\": false, \"delivery_mode\": 2, \"no_ack\": false, \"alias\": null, \"queue_arguments\": null, \"binding_arguments\": null, \"delivery_tag\": 1, \"bindings\": [], \"durable\": true}, \"content-encoding\": \"binary\"}"
    }
  },
  {
    "pk": 522,
    "model": "django.message",
    "fields": {
      "queue": 1,
      "visible": false,
      "sent_at": "2013-02-05T16:22:33Z",
      "payload": "{\"body\": \"gAJ9cQEoVQdyZXRyaWVzcQJLAFUEdGFza3EDVRlmaXJld2FsbC50YXNrcy5SZWxvYWRUYXNrcQRVCGVycmJhY2tzcQVOVQljYWxsYmFja3NxBk5VBmt3YXJnc3EHfXEIVQNldGFxCU5VBGFyZ3NxCl1xC1UCaWRxDFUkNTFjYTU1ZjEtOTk5Yy00YjMwLTliNGEtMjZmNGYzNWQ0ZjM4cQ1VB2V4cGlyZXNxDk5VA3V0Y3EPiHUu\", \"headers\": {}, \"content-type\": \"application/x-python-serialize\", \"properties\": {\"exclusive\": false, \"name\": \"celery\", \"body_encoding\": \"base64\", \"delivery_info\": {\"priority\": 0, \"routing_key\": \"celery\", \"exchange\": \"celery\"}, \"auto_delete\": false, \"delivery_mode\": 2, \"no_ack\": false, \"alias\": null, \"queue_arguments\": null, \"binding_arguments\": null, \"delivery_tag\": 1, \"bindings\": [], \"durable\": true}, \"content-encoding\": \"binary\"}"
    }
  },
  {
    "pk": 523,
    "model": "django.message",
    "fields": {
      "queue": 1,
      "visible": false,
      "sent_at": "2013-02-05T16:29:38Z",
      "payload": "{\"body\": \"gAJ9cQEoVQdyZXRyaWVzcQJLAFUEdGFza3EDVRlmaXJld2FsbC50YXNrcy5SZWxvYWRUYXNrcQRVCGVycmJhY2tzcQVOVQljYWxsYmFja3NxBk5VBmt3YXJnc3EHfXEIVQNldGFxCU5VBGFyZ3NxCl1xC1UCaWRxDFUkMDZjMDJkNTMtZjg1ZC00MTczLTk2MjEtMWQ3NjJjMmNlODVhcQ1VB2V4cGlyZXNxDk5VA3V0Y3EPiHUu\", \"headers\": {}, \"content-type\": \"application/x-python-serialize\", \"properties\": {\"exclusive\": false, \"name\": \"celery\", \"body_encoding\": \"base64\", \"delivery_info\": {\"priority\": 0, \"routing_key\": \"celery\", \"exchange\": \"celery\"}, \"auto_delete\": false, \"delivery_mode\": 2, \"no_ack\": false, \"alias\": null, \"queue_arguments\": null, \"binding_arguments\": null, \"delivery_tag\": 2, \"bindings\": [], \"durable\": true}, \"content-encoding\": \"binary\"}"
    }
  },
  {
    "pk": 524,
    "model": "django.message",
    "fields": {
      "queue": 1,
      "visible": false,
      "sent_at": "2013-02-05T16:51:18Z",
      "payload": "{\"body\": \"gAJ9cQEoVQdyZXRyaWVzcQJLAFUEdGFza3EDVRlmaXJld2FsbC50YXNrcy5SZWxvYWRUYXNrcQRVCGVycmJhY2tzcQVOVQljYWxsYmFja3NxBk5VBmt3YXJnc3EHfXEIVQNldGFxCU5VBGFyZ3NxCl1xC1UCaWRxDFUkNWZmMTY3OTEtMjg2ZS00MjkwLWE4OGYtMTJkZjFmN2JkNzY1cQ1VB2V4cGlyZXNxDk5VA3V0Y3EPiHUu\", \"headers\": {}, \"content-type\": \"application/x-python-serialize\", \"properties\": {\"exclusive\": false, \"name\": \"celery\", \"body_encoding\": \"base64\", \"delivery_info\": {\"priority\": 0, \"routing_key\": \"celery\", \"exchange\": \"celery\"}, \"auto_delete\": false, \"delivery_mode\": 2, \"no_ack\": false, \"alias\": null, \"queue_arguments\": null, \"binding_arguments\": null, \"delivery_tag\": 3, \"bindings\": [], \"durable\": true}, \"content-encoding\": \"binary\"}"
    }
  },
  {
    "pk": 525,
    "model": "django.message",
    "fields": {
      "queue": 1,
      "visible": false,
      "sent_at": "2013-02-05T17:04:34Z",
      "payload": "{\"body\": \"gAJ9cQEoVQdyZXRyaWVzcQJLAFUEdGFza3EDVRlmaXJld2FsbC50YXNrcy5SZWxvYWRUYXNrcQRVCGVycmJhY2tzcQVOVQljYWxsYmFja3NxBk5VBmt3YXJnc3EHfXEIVQNldGFxCU5VBGFyZ3NxCl1xC1UCaWRxDFUkYzE0NzAxNTMtYjkzZi00ZjgxLWEyNGQtZTIwZmNjNjY1YmY3cQ1VB2V4cGlyZXNxDk5VA3V0Y3EPiHUu\", \"headers\": {}, \"content-type\": \"application/x-python-serialize\", \"properties\": {\"exclusive\": false, \"name\": \"celery\", \"body_encoding\": \"base64\", \"delivery_info\": {\"priority\": 0, \"routing_key\": \"celery\", \"exchange\": \"celery\"}, \"auto_delete\": false, \"delivery_mode\": 2, \"no_ack\": false, \"alias\": null, \"queue_arguments\": null, \"binding_arguments\": null, \"delivery_tag\": 1, \"bindings\": [], \"durable\": true}, \"content-encoding\": \"binary\"}"
    }
  },
  {
    "pk": 526,
    "model": "django.message",
    "fields": {
      "queue": 1,
      "visible": false,
      "sent_at": "2013-02-05T17:48:23Z",
      "payload": "{\"body\": \"gAJ9cQEoVQdyZXRyaWVzcQJLAFUEdGFza3EDVRlmaXJld2FsbC50YXNrcy5SZWxvYWRUYXNrcQRVCGVycmJhY2tzcQVOVQljYWxsYmFja3NxBk5VBmt3YXJnc3EHfXEIVQNldGFxCU5VBGFyZ3NxCl1xC1UCaWRxDFUkY2VmMGJhMTktYTNiMy00NTMwLWIyOGYtY2RmZTBkNGM5MWU1cQ1VB2V4cGlyZXNxDk5VA3V0Y3EPiHUu\", \"headers\": {}, \"content-type\": \"application/x-python-serialize\", \"properties\": {\"exclusive\": false, \"name\": \"celery\", \"body_encoding\": \"base64\", \"delivery_info\": {\"priority\": 0, \"routing_key\": \"celery\", \"exchange\": \"celery\"}, \"auto_delete\": false, \"delivery_mode\": 2, \"no_ack\": false, \"alias\": null, \"queue_arguments\": null, \"binding_arguments\": null, \"delivery_tag\": 1, \"bindings\": [], \"durable\": true}, \"content-encoding\": \"binary\"}"
    }
  },
  {
    "pk": 527,
    "model": "django.message",
    "fields": {
      "queue": 1,
      "visible": false,
      "sent_at": "2013-02-05T17:52:19Z",
      "payload": "{\"body\": \"gAJ9cQEoVQdyZXRyaWVzcQJLAFUEdGFza3EDVRlmaXJld2FsbC50YXNrcy5SZWxvYWRUYXNrcQRVCGVycmJhY2tzcQVOVQljYWxsYmFja3NxBk5VBmt3YXJnc3EHfXEIVQNldGFxCU5VBGFyZ3NxCl1xC1UCaWRxDFUkYjk0NjFmMzctNTBkZC00ZmNiLWE5ODgtNGQzNTEzNmVhNzQycQ1VB2V4cGlyZXNxDk5VA3V0Y3EPiHUu\", \"headers\": {}, \"content-type\": \"application/x-python-serialize\", \"properties\": {\"exclusive\": false, \"name\": \"celery\", \"body_encoding\": \"base64\", \"delivery_info\": {\"priority\": 0, \"routing_key\": \"celery\", \"exchange\": \"celery\"}, \"auto_delete\": false, \"delivery_mode\": 2, \"no_ack\": false, \"alias\": null, \"queue_arguments\": null, \"binding_arguments\": null, \"delivery_tag\": 2, \"bindings\": [], \"durable\": true}, \"content-encoding\": \"binary\"}"
    }
  },
  {
    "pk": 528,
    "model": "django.message",
    "fields": {
      "queue": 1,
      "visible": false,
      "sent_at": "2013-02-05T18:07:36Z",
      "payload": "{\"body\": \"gAJ9cQEoVQdyZXRyaWVzcQJLAFUEdGFza3EDVRlmaXJld2FsbC50YXNrcy5SZWxvYWRUYXNrcQRVCGVycmJhY2tzcQVOVQljYWxsYmFja3NxBk5VBmt3YXJnc3EHfXEIVQNldGFxCU5VBGFyZ3NxCl1xC1UCaWRxDFUkOWEyYzA2ZWUtZThjZC00NjliLTg1N2YtOTQ2YmMwYTZiZjUwcQ1VB2V4cGlyZXNxDk5VA3V0Y3EPiHUu\", \"headers\": {}, \"content-type\": \"application/x-python-serialize\", \"properties\": {\"exclusive\": false, \"name\": \"celery\", \"body_encoding\": \"base64\", \"delivery_info\": {\"priority\": 0, \"routing_key\": \"celery\", \"exchange\": \"celery\"}, \"auto_delete\": false, \"delivery_mode\": 2, \"no_ack\": false, \"alias\": null, \"queue_arguments\": null, \"binding_arguments\": null, \"delivery_tag\": 1, \"bindings\": [], \"durable\": true}, \"content-encoding\": \"binary\"}"
    }
  },
  {
    "pk": 529,
    "model": "django.message",
    "fields": {
      "queue": 1,
      "visible": false,
      "sent_at": "2013-02-05T18:08:01Z",
      "payload": "{\"body\": \"gAJ9cQEoVQdyZXRyaWVzcQJLAFUEdGFza3EDVRlmaXJld2FsbC50YXNrcy5SZWxvYWRUYXNrcQRVCGVycmJhY2tzcQVOVQljYWxsYmFja3NxBk5VBmt3YXJnc3EHfXEIVQNldGFxCU5VBGFyZ3NxCl1xC1UCaWRxDFUkOTVjYzJmNTItYWMzNC00NjIxLWE5YTUtZTgxMGVkMGRjMzA0cQ1VB2V4cGlyZXNxDk5VA3V0Y3EPiHUu\", \"headers\": {}, \"content-type\": \"application/x-python-serialize\", \"properties\": {\"exclusive\": false, \"name\": \"celery\", \"body_encoding\": \"base64\", \"delivery_info\": {\"priority\": 0, \"routing_key\": \"celery\", \"exchange\": \"celery\"}, \"auto_delete\": false, \"delivery_mode\": 2, \"no_ack\": false, \"alias\": null, \"queue_arguments\": null, \"binding_arguments\": null, \"delivery_tag\": 3, \"bindings\": [], \"durable\": true}, \"content-encoding\": \"binary\"}"
    }
  },
  {
    "pk": 530,
    "model": "django.message",
    "fields": {
      "queue": 1,
      "visible": false,
      "sent_at": "2013-02-05T22:08:47Z",
      "payload": "{\"body\": \"gAJ9cQEoVQdyZXRyaWVzcQJLAFUEdGFza3EDVRlmaXJld2FsbC50YXNrcy5SZWxvYWRUYXNrcQRVCGVycmJhY2tzcQVOVQljYWxsYmFja3NxBk5VBmt3YXJnc3EHfXEIVQNldGFxCU5VBGFyZ3NxCl1xC1UCaWRxDFUkZGQxNTQxNjctNzg4Ny00ZDQ1LWFkNzMtOTQxOWQwNmI5NDM2cQ1VB2V4cGlyZXNxDk5VA3V0Y3EPiHUu\", \"headers\": {}, \"content-type\": \"application/x-python-serialize\", \"properties\": {\"exclusive\": false, \"name\": \"celery\", \"body_encoding\": \"base64\", \"delivery_info\": {\"priority\": 0, \"routing_key\": \"celery\", \"exchange\": \"celery\"}, \"auto_delete\": false, \"delivery_mode\": 2, \"no_ack\": false, \"alias\": null, \"queue_arguments\": null, \"binding_arguments\": null, \"delivery_tag\": 1, \"bindings\": [], \"durable\": true}, \"content-encoding\": \"binary\"}"
    }
  },
  {
    "pk": 531,
    "model": "django.message",
    "fields": {
      "queue": 1,
      "visible": false,
      "sent_at": "2013-02-05T22:27:04Z",
      "payload": "{\"body\": \"gAJ9cQEoVQdyZXRyaWVzcQJLAFUEdGFza3EDVRlmaXJld2FsbC50YXNrcy5SZWxvYWRUYXNrcQRVCGVycmJhY2tzcQVOVQljYWxsYmFja3NxBk5VBmt3YXJnc3EHfXEIVQNldGFxCU5VBGFyZ3NxCl1xC1UCaWRxDFUkMzA4YjFhMzgtOGVhNi00N2E2LWJiYTgtNmNkYzZhNzAwM2Q2cQ1VB2V4cGlyZXNxDk5VA3V0Y3EPiHUu\", \"headers\": {}, \"content-type\": \"application/x-python-serialize\", \"properties\": {\"exclusive\": false, \"name\": \"celery\", \"body_encoding\": \"base64\", \"delivery_info\": {\"priority\": 0, \"routing_key\": \"celery\", \"exchange\": \"celery\"}, \"auto_delete\": false, \"delivery_mode\": 2, \"no_ack\": false, \"alias\": null, \"queue_arguments\": null, \"binding_arguments\": null, \"delivery_tag\": 2, \"bindings\": [], \"durable\": true}, \"content-encoding\": \"binary\"}"
    }
  },
  {
    "pk": 532,
    "model": "django.message",
    "fields": {
      "queue": 1,
      "visible": false,
      "sent_at": "2013-02-05T22:27:36Z",
      "payload": "{\"body\": \"gAJ9cQEoVQdyZXRyaWVzcQJLAFUEdGFza3EDVRlmaXJld2FsbC50YXNrcy5SZWxvYWRUYXNrcQRVCGVycmJhY2tzcQVOVQljYWxsYmFja3NxBk5VBmt3YXJnc3EHfXEIVQNldGFxCU5VBGFyZ3NxCl1xC1UCaWRxDFUkNjI4NGU1MjEtYThmOC00MTQ5LTlhODEtN2FhZjQ5ODkyOTIxcQ1VB2V4cGlyZXNxDk5VA3V0Y3EPiHUu\", \"headers\": {}, \"content-type\": \"application/x-python-serialize\", \"properties\": {\"exclusive\": false, \"name\": \"celery\", \"body_encoding\": \"base64\", \"delivery_info\": {\"priority\": 0, \"routing_key\": \"celery\", \"exchange\": \"celery\"}, \"auto_delete\": false, \"delivery_mode\": 2, \"no_ack\": false, \"alias\": null, \"queue_arguments\": null, \"binding_arguments\": null, \"delivery_tag\": 3, \"bindings\": [], \"durable\": true}, \"content-encoding\": \"binary\"}"
    }
  },
  {
    "pk": 533,
    "model": "django.message",
    "fields": {
      "queue": 1,
      "visible": true,
      "sent_at": "2013-02-06T17:35:19Z",
      "payload": "{\"body\": \"gAJ9cQEoVQdleHBpcmVzcQJOVQN1dGNxA4hVBGFyZ3NxBF1xBVUFY2hvcmRxBk5VCWNhbGxiYWNrc3EHTlUIZXJyYmFja3NxCE5VB3Rhc2tzZXRxCU5VAmlkcQpVJGMwN2I1MmVmLTQxYjgtNDJjYi1iN2M3LWExOTc2OWE4YzE0NXELVQdyZXRyaWVzcQxLAFUEdGFza3ENVRlmaXJld2FsbC50YXNrcy5SZWxvYWRUYXNrcQ5VA2V0YXEPTlUGa3dhcmdzcRB9cRF1Lg==\", \"headers\": {}, \"content-type\": \"application/x-python-serialize\", \"properties\": {\"body_encoding\": \"base64\", \"delivery_info\": {\"priority\": 0, \"routing_key\": \"celery\", \"exchange\": \"celery\"}, \"delivery_mode\": 2, \"delivery_tag\": 1}, \"content-encoding\": \"binary\"}"
    }
  },
  {
    "pk": 534,
    "model": "django.message",
    "fields": {
      "queue": 1,
      "visible": true,
      "sent_at": "2013-02-08T01:23:48Z",
      "payload": "{\"body\": \"gAJ9cQEoVQdleHBpcmVzcQJOVQN1dGNxA4hVBGFyZ3NxBF1xBVUFY2hvcmRxBk5VCWNhbGxiYWNrc3EHTlUIZXJyYmFja3NxCE5VB3Rhc2tzZXRxCU5VAmlkcQpVJDE2ZjYyMzUyLTFiYzQtNGIyOS1hNDg1LWMzMjVhNmMzYjhjYnELVQdyZXRyaWVzcQxLAFUEdGFza3ENVRlmaXJld2FsbC50YXNrcy5SZWxvYWRUYXNrcQ5VA2V0YXEPTlUGa3dhcmdzcRB9cRF1Lg==\", \"headers\": {}, \"content-type\": \"application/x-python-serialize\", \"properties\": {\"body_encoding\": \"base64\", \"delivery_info\": {\"priority\": 0, \"routing_key\": \"celery\", \"exchange\": \"celery\"}, \"delivery_mode\": 2, \"delivery_tag\": 1}, \"content-encoding\": \"binary\"}"
    }
  },
  {
    "pk": 535,
    "model": "django.message",
    "fields": {
      "queue": 1,
      "visible": true,
      "sent_at": "2013-02-08T02:27:34Z",
      "payload": "{\"body\": \"gAJ9cQEoVQdleHBpcmVzcQJOVQN1dGNxA4hVBGFyZ3NxBF1xBVUFY2hvcmRxBk5VCWNhbGxiYWNrc3EHTlUIZXJyYmFja3NxCE5VB3Rhc2tzZXRxCU5VAmlkcQpVJGQyYjRiN2Y2LTE3ODAtNDQ4My1iZTUzLTIyZjdkYmYzMzhkMXELVQdyZXRyaWVzcQxLAFUEdGFza3ENVRlmaXJld2FsbC50YXNrcy5SZWxvYWRUYXNrcQ5VA2V0YXEPTlUGa3dhcmdzcRB9cRF1Lg==\", \"headers\": {}, \"content-type\": \"application/x-python-serialize\", \"properties\": {\"body_encoding\": \"base64\", \"delivery_info\": {\"priority\": 0, \"routing_key\": \"celery\", \"exchange\": \"celery\"}, \"delivery_mode\": 2, \"delivery_tag\": 1}, \"content-encoding\": \"binary\"}"
    }
  },
  {
    "pk": 536,
    "model": "django.message",
    "fields": {
      "queue": 1,
      "visible": true,
      "sent_at": "2013-02-08T18:02:58Z",
      "payload": "{\"body\": \"gAJ9cQEoVQdleHBpcmVzcQJOVQN1dGNxA4hVBGFyZ3NxBF1xBVUFY2hvcmRxBk5VCWNhbGxiYWNrc3EHTlUIZXJyYmFja3NxCE5VB3Rhc2tzZXRxCU5VAmlkcQpVJDM1ZWM0YmU5LTMyZjUtNDg4Ni04ZTU1LWVkOGE3YjhkMWM5Y3ELVQdyZXRyaWVzcQxLAFUEdGFza3ENVRlmaXJld2FsbC50YXNrcy5SZWxvYWRUYXNrcQ5VA2V0YXEPTlUGa3dhcmdzcRB9cRF1Lg==\", \"headers\": {}, \"content-type\": \"application/x-python-serialize\", \"properties\": {\"body_encoding\": \"base64\", \"delivery_info\": {\"priority\": 0, \"routing_key\": \"celery\", \"exchange\": \"celery\"}, \"delivery_mode\": 2, \"delivery_tag\": 1}, \"content-encoding\": \"binary\"}"
    }
  },
  {
    "pk": 537,
    "model": "django.message",
    "fields": {
      "queue": 1,
      "visible": true,
      "sent_at": "2013-02-08T18:03:11Z",
      "payload": "{\"body\": \"gAJ9cQEoVQdleHBpcmVzcQJOVQN1dGNxA4hVBGFyZ3NxBF1xBVUFY2hvcmRxBk5VCWNhbGxiYWNrc3EHTlUIZXJyYmFja3NxCE5VB3Rhc2tzZXRxCU5VAmlkcQpVJDNiYzZkNzgxLWU1Y2EtNDdlYS1hZmQ1LTY2MTdiNDFiYWM3Y3ELVQdyZXRyaWVzcQxLAFUEdGFza3ENVRlmaXJld2FsbC50YXNrcy5SZWxvYWRUYXNrcQ5VA2V0YXEPTlUGa3dhcmdzcRB9cRF1Lg==\", \"headers\": {}, \"content-type\": \"application/x-python-serialize\", \"properties\": {\"body_encoding\": \"base64\", \"delivery_info\": {\"priority\": 0, \"routing_key\": \"celery\", \"exchange\": \"celery\"}, \"delivery_mode\": 2, \"delivery_tag\": 2}, \"content-encoding\": \"binary\"}"
    }
  },
  {
    "pk": 538,
    "model": "django.message",
    "fields": {
      "queue": 1,
      "visible": true,
      "sent_at": "2013-02-08T18:03:23Z",
      "payload": "{\"body\": \"gAJ9cQEoVQdleHBpcmVzcQJOVQN1dGNxA4hVBGFyZ3NxBF1xBVUFY2hvcmRxBk5VCWNhbGxiYWNrc3EHTlUIZXJyYmFja3NxCE5VB3Rhc2tzZXRxCU5VAmlkcQpVJDIzNDc3YmNkLWQxNDctNDI4OC1hMDM2LWNhOGQxYTgzNDZmZnELVQdyZXRyaWVzcQxLAFUEdGFza3ENVRlmaXJld2FsbC50YXNrcy5SZWxvYWRUYXNrcQ5VA2V0YXEPTlUGa3dhcmdzcRB9cRF1Lg==\", \"headers\": {}, \"content-type\": \"application/x-python-serialize\", \"properties\": {\"body_encoding\": \"base64\", \"delivery_info\": {\"priority\": 0, \"routing_key\": \"celery\", \"exchange\": \"celery\"}, \"delivery_mode\": 2, \"delivery_tag\": 3}, \"content-encoding\": \"binary\"}"
    }
  },
  {
    "pk": 539,
    "model": "django.message",
    "fields": {
      "queue": 1,
      "visible": true,
      "sent_at": "2013-02-08T18:03:45Z",
      "payload": "{\"body\": \"gAJ9cQEoVQdleHBpcmVzcQJOVQN1dGNxA4hVBGFyZ3NxBF1xBVUFY2hvcmRxBk5VCWNhbGxiYWNrc3EHTlUIZXJyYmFja3NxCE5VB3Rhc2tzZXRxCU5VAmlkcQpVJGEyMGEyYzRhLTU1ZDQtNDUxYy05MzU1LWI4OWNjNjM1YWRjOHELVQdyZXRyaWVzcQxLAFUEdGFza3ENVRlmaXJld2FsbC50YXNrcy5SZWxvYWRUYXNrcQ5VA2V0YXEPTlUGa3dhcmdzcRB9cRF1Lg==\", \"headers\": {}, \"content-type\": \"application/x-python-serialize\", \"properties\": {\"body_encoding\": \"base64\", \"delivery_info\": {\"priority\": 0, \"routing_key\": \"celery\", \"exchange\": \"celery\"}, \"delivery_mode\": 2, \"delivery_tag\": 4}, \"content-encoding\": \"binary\"}"
    }
  },
  {
    "pk": 540,
    "model": "django.message",
    "fields": {
      "queue": 1,
      "visible": true,
      "sent_at": "2013-02-09T01:10:20Z",
      "payload": "{\"body\": \"gAJ9cQEoVQdleHBpcmVzcQJOVQN1dGNxA4hVBGFyZ3NxBF1xBVUFY2hvcmRxBk5VCWNhbGxiYWNrc3EHTlUIZXJyYmFja3NxCE5VB3Rhc2tzZXRxCU5VAmlkcQpVJDNkYmQ4NDQ4LTJiMDItNGNjNC05MWIxLWI0NDZlNDBlMDkzN3ELVQdyZXRyaWVzcQxLAFUEdGFza3ENVRlmaXJld2FsbC50YXNrcy5SZWxvYWRUYXNrcQ5VA2V0YXEPTlUGa3dhcmdzcRB9cRF1Lg==\", \"headers\": {}, \"content-type\": \"application/x-python-serialize\", \"properties\": {\"body_encoding\": \"base64\", \"delivery_info\": {\"priority\": 0, \"routing_key\": \"celery\", \"exchange\": \"celery\"}, \"delivery_mode\": 2, \"delivery_tag\": 1}, \"content-encoding\": \"binary\"}"
    }
  },
  {
    "pk": 541,
    "model": "django.message",
    "fields": {
      "queue": 1,
      "visible": true,
      "sent_at": "2013-02-09T14:21:20Z",
      "payload": "{\"body\": \"gAJ9cQEoVQdleHBpcmVzcQJOVQN1dGNxA4hVBGFyZ3NxBF1xBVUFY2hvcmRxBk5VCWNhbGxiYWNrc3EHTlUIZXJyYmFja3NxCE5VB3Rhc2tzZXRxCU5VAmlkcQpVJGRhZDViMzExLTVkNDUtNDRmMy1hODkwLTBiOWYwZjM1NzRjMnELVQdyZXRyaWVzcQxLAFUEdGFza3ENVRlmaXJld2FsbC50YXNrcy5SZWxvYWRUYXNrcQ5VA2V0YXEPTlUGa3dhcmdzcRB9cRF1Lg==\", \"headers\": {}, \"content-type\": \"application/x-python-serialize\", \"properties\": {\"body_encoding\": \"base64\", \"delivery_info\": {\"priority\": 0, \"routing_key\": \"celery\", \"exchange\": \"celery\"}, \"delivery_mode\": 2, \"delivery_tag\": 1}, \"content-encoding\": \"binary\"}"
    }
  },
  {
    "pk": 542,
    "model": "django.message",
    "fields": {
      "queue": 1,
      "visible": true,
      "sent_at": "2013-02-09T15:57:51Z",
      "payload": "{\"body\": \"gAJ9cQEoVQdleHBpcmVzcQJOVQN1dGNxA4hVBGFyZ3NxBF1xBVUFY2hvcmRxBk5VCWNhbGxiYWNrc3EHTlUIZXJyYmFja3NxCE5VB3Rhc2tzZXRxCU5VAmlkcQpVJDY3MTc4YTUwLTg5M2QtNDkxZC05ZjhmLTU2ODc0ZjI0NzU0Y3ELVQdyZXRyaWVzcQxLAFUEdGFza3ENVRlmaXJld2FsbC50YXNrcy5SZWxvYWRUYXNrcQ5VA2V0YXEPTlUGa3dhcmdzcRB9cRF1Lg==\", \"headers\": {}, \"content-type\": \"application/x-python-serialize\", \"properties\": {\"body_encoding\": \"base64\", \"delivery_info\": {\"priority\": 0, \"routing_key\": \"celery\", \"exchange\": \"celery\"}, \"delivery_mode\": 2, \"delivery_tag\": 1}, \"content-encoding\": \"binary\"}"
    }
  },
  {
    "pk": 543,
    "model": "django.message",
    "fields": {
      "queue": 1,
      "visible": true,
      "sent_at": "2013-02-09T16:00:37Z",
      "payload": "{\"body\": \"gAJ9cQEoVQdleHBpcmVzcQJOVQN1dGNxA4hVBGFyZ3NxBF1xBVUFY2hvcmRxBk5VCWNhbGxiYWNrc3EHTlUIZXJyYmFja3NxCE5VB3Rhc2tzZXRxCU5VAmlkcQpVJGQ2NmE4ZmMyLTg1YWQtNDNjMi1iNTJiLWViOTBhNjljZjQ2YnELVQdyZXRyaWVzcQxLAFUEdGFza3ENVRlmaXJld2FsbC50YXNrcy5SZWxvYWRUYXNrcQ5VA2V0YXEPTlUGa3dhcmdzcRB9cRF1Lg==\", \"headers\": {}, \"content-type\": \"application/x-python-serialize\", \"properties\": {\"body_encoding\": \"base64\", \"delivery_info\": {\"priority\": 0, \"routing_key\": \"celery\", \"exchange\": \"celery\"}, \"delivery_mode\": 2, \"delivery_tag\": 2}, \"content-encoding\": \"binary\"}"
    }
  },
  {
    "pk": 544,
    "model": "django.message",
    "fields": {
      "queue": 1,
      "visible": true,
      "sent_at": "2013-02-09T17:05:32Z",
      "payload": "{\"body\": \"gAJ9cQEoVQdleHBpcmVzcQJOVQN1dGNxA4hVBGFyZ3NxBF1xBVUFY2hvcmRxBk5VCWNhbGxiYWNrc3EHTlUIZXJyYmFja3NxCE5VB3Rhc2tzZXRxCU5VAmlkcQpVJDA0OWE4OThmLTQxOGUtNGFiZS04NGFjLTNmOTFkNzRiOTRmM3ELVQdyZXRyaWVzcQxLAFUEdGFza3ENVRlmaXJld2FsbC50YXNrcy5SZWxvYWRUYXNrcQ5VA2V0YXEPTlUGa3dhcmdzcRB9cRF1Lg==\", \"headers\": {}, \"content-type\": \"application/x-python-serialize\", \"properties\": {\"body_encoding\": \"base64\", \"delivery_info\": {\"priority\": 0, \"routing_key\": \"celery\", \"exchange\": \"celery\"}, \"delivery_mode\": 2, \"delivery_tag\": 1}, \"content-encoding\": \"binary\"}"
    }
  },
  {
    "pk": 545,
    "model": "django.message",
    "fields": {
      "queue": 1,
      "visible": true,
      "sent_at": "2013-02-09T17:33:50Z",
      "payload": "{\"body\": \"gAJ9cQEoVQdleHBpcmVzcQJOVQN1dGNxA4hVBGFyZ3NxBF1xBVUFY2hvcmRxBk5VCWNhbGxiYWNrc3EHTlUIZXJyYmFja3NxCE5VB3Rhc2tzZXRxCU5VAmlkcQpVJDc2YjRmN2Y2LTI5MTItNDY3ZS04Nzg5LThhMGFiMDNlZjBmMHELVQdyZXRyaWVzcQxLAFUEdGFza3ENVRlmaXJld2FsbC50YXNrcy5SZWxvYWRUYXNrcQ5VA2V0YXEPTlUGa3dhcmdzcRB9cRF1Lg==\", \"headers\": {}, \"content-type\": \"application/x-python-serialize\", \"properties\": {\"body_encoding\": \"base64\", \"delivery_info\": {\"priority\": 0, \"routing_key\": \"celery\", \"exchange\": \"celery\"}, \"delivery_mode\": 2, \"delivery_tag\": 1}, \"content-encoding\": \"binary\"}"
    }
  },
  {
    "pk": 546,
    "model": "django.message",
    "fields": {
      "queue": 1,
      "visible": true,
      "sent_at": "2013-02-09T17:43:34Z",
      "payload": "{\"body\": \"gAJ9cQEoVQdleHBpcmVzcQJOVQN1dGNxA4hVBGFyZ3NxBF1xBVUFY2hvcmRxBk5VCWNhbGxiYWNrc3EHTlUIZXJyYmFja3NxCE5VB3Rhc2tzZXRxCU5VAmlkcQpVJDNkNTc2NzRjLWM3ZjYtNGY5My1hNGJjLTI4YWNmMDEwOTFkMXELVQdyZXRyaWVzcQxLAFUEdGFza3ENVRlmaXJld2FsbC50YXNrcy5SZWxvYWRUYXNrcQ5VA2V0YXEPTlUGa3dhcmdzcRB9cRF1Lg==\", \"headers\": {}, \"content-type\": \"application/x-python-serialize\", \"properties\": {\"body_encoding\": \"base64\", \"delivery_info\": {\"priority\": 0, \"routing_key\": \"celery\", \"exchange\": \"celery\"}, \"delivery_mode\": 2, \"delivery_tag\": 1}, \"content-encoding\": \"binary\"}"
    }
  },
  {
    "pk": 547,
    "model": "django.message",
    "fields": {
      "queue": 1,
      "visible": true,
      "sent_at": "2013-02-09T17:44:36Z",
      "payload": "{\"body\": \"gAJ9cQEoVQdleHBpcmVzcQJOVQN1dGNxA4hVBGFyZ3NxBF1xBVUFY2hvcmRxBk5VCWNhbGxiYWNrc3EHTlUIZXJyYmFja3NxCE5VB3Rhc2tzZXRxCU5VAmlkcQpVJDE4N2FjN2IzLWJkMjktNGIyZC05OTU5LTVkNzU1M2UyZGQ1YXELVQdyZXRyaWVzcQxLAFUEdGFza3ENVRlmaXJld2FsbC50YXNrcy5SZWxvYWRUYXNrcQ5VA2V0YXEPTlUGa3dhcmdzcRB9cRF1Lg==\", \"headers\": {}, \"content-type\": \"application/x-python-serialize\", \"properties\": {\"body_encoding\": \"base64\", \"delivery_info\": {\"priority\": 0, \"routing_key\": \"celery\", \"exchange\": \"celery\"}, \"delivery_mode\": 2, \"delivery_tag\": 2}, \"content-encoding\": \"binary\"}"
    }
  },
  {
    "pk": 548,
    "model": "django.message",
    "fields": {
      "queue": 1,
      "visible": true,
      "sent_at": "2013-02-09T17:52:38Z",
      "payload": "{\"body\": \"gAJ9cQEoVQdleHBpcmVzcQJOVQN1dGNxA4hVBGFyZ3NxBF1xBVUFY2hvcmRxBk5VCWNhbGxiYWNrc3EHTlUIZXJyYmFja3NxCE5VB3Rhc2tzZXRxCU5VAmlkcQpVJDBmNmQyZGQzLTdiZWUtNGE0ZS1iZTA4LWI0YzY5MGRiOTA0MHELVQdyZXRyaWVzcQxLAFUEdGFza3ENVRlmaXJld2FsbC50YXNrcy5SZWxvYWRUYXNrcQ5VA2V0YXEPTlUGa3dhcmdzcRB9cRF1Lg==\", \"headers\": {}, \"content-type\": \"application/x-python-serialize\", \"properties\": {\"body_encoding\": \"base64\", \"delivery_info\": {\"priority\": 0, \"routing_key\": \"celery\", \"exchange\": \"celery\"}, \"delivery_mode\": 2, \"delivery_tag\": 1}, \"content-encoding\": \"binary\"}"
    }
  },
  {
    "pk": 549,
    "model": "django.message",
    "fields": {
      "queue": 1,
      "visible": true,
      "sent_at": "2013-02-09T17:53:08Z",
      "payload": "{\"body\": \"gAJ9cQEoVQdleHBpcmVzcQJOVQN1dGNxA4hVBGFyZ3NxBF1xBVUFY2hvcmRxBk5VCWNhbGxiYWNrc3EHTlUIZXJyYmFja3NxCE5VB3Rhc2tzZXRxCU5VAmlkcQpVJDYyZmQxYjBkLTIxNWMtNGRhMi1iMDg0LWFjNDJlMWNhNDNhNnELVQdyZXRyaWVzcQxLAFUEdGFza3ENVRlmaXJld2FsbC50YXNrcy5SZWxvYWRUYXNrcQ5VA2V0YXEPTlUGa3dhcmdzcRB9cRF1Lg==\", \"headers\": {}, \"content-type\": \"application/x-python-serialize\", \"properties\": {\"body_encoding\": \"base64\", \"delivery_info\": {\"priority\": 0, \"routing_key\": \"celery\", \"exchange\": \"celery\"}, \"delivery_mode\": 2, \"delivery_tag\": 2}, \"content-encoding\": \"binary\"}"
    }
  },
  {
    "pk": 550,
    "model": "django.message",
    "fields": {
      "queue": 1,
      "visible": true,
      "sent_at": "2013-02-09T17:53:41Z",
      "payload": "{\"body\": \"gAJ9cQEoVQdleHBpcmVzcQJOVQN1dGNxA4hVBGFyZ3NxBF1xBVUFY2hvcmRxBk5VCWNhbGxiYWNrc3EHTlUIZXJyYmFja3NxCE5VB3Rhc2tzZXRxCU5VAmlkcQpVJGIyZmZjZjdiLTJhMzItNDFjOC05YjE0LTI1OGM3OTM4ZDVlZXELVQdyZXRyaWVzcQxLAFUEdGFza3ENVRlmaXJld2FsbC50YXNrcy5SZWxvYWRUYXNrcQ5VA2V0YXEPTlUGa3dhcmdzcRB9cRF1Lg==\", \"headers\": {}, \"content-type\": \"application/x-python-serialize\", \"properties\": {\"body_encoding\": \"base64\", \"delivery_info\": {\"priority\": 0, \"routing_key\": \"celery\", \"exchange\": \"celery\"}, \"delivery_mode\": 2, \"delivery_tag\": 3}, \"content-encoding\": \"binary\"}"
    }
  },
  {
    "pk": 551,
    "model": "django.message",
    "fields": {
      "queue": 1,
      "visible": true,
      "sent_at": "2013-02-09T21:00:11Z",
      "payload": "{\"body\": \"gAJ9cQEoVQdleHBpcmVzcQJOVQN1dGNxA4hVBGFyZ3NxBF1xBVUFY2hvcmRxBk5VCWNhbGxiYWNrc3EHTlUIZXJyYmFja3NxCE5VB3Rhc2tzZXRxCU5VAmlkcQpVJDYwY2VmODM3LTIwY2MtNDQ0MC04MWI1LTZhMzg4NDhlNzk4MHELVQdyZXRyaWVzcQxLAFUEdGFza3ENVRlmaXJld2FsbC50YXNrcy5SZWxvYWRUYXNrcQ5VA2V0YXEPTlUGa3dhcmdzcRB9cRF1Lg==\", \"headers\": {}, \"content-type\": \"application/x-python-serialize\", \"properties\": {\"body_encoding\": \"base64\", \"delivery_info\": {\"priority\": 0, \"routing_key\": \"celery\", \"exchange\": \"celery\"}, \"delivery_mode\": 2, \"delivery_tag\": 1}, \"content-encoding\": \"binary\"}"
    }
  },
  {
    "pk": 552,
    "model": "django.message",
    "fields": {
      "queue": 1,
      "visible": true,
      "sent_at": "2013-02-09T21:05:41Z",
      "payload": "{\"body\": \"gAJ9cQEoVQdleHBpcmVzcQJOVQN1dGNxA4hVBGFyZ3NxBF1xBVUFY2hvcmRxBk5VCWNhbGxiYWNrc3EHTlUIZXJyYmFja3NxCE5VB3Rhc2tzZXRxCU5VAmlkcQpVJDEzNjY0MmNkLTZmYWEtNGU3My04YTM0LWMyZDcyYWQ5ODQ4NHELVQdyZXRyaWVzcQxLAFUEdGFza3ENVRlmaXJld2FsbC50YXNrcy5SZWxvYWRUYXNrcQ5VA2V0YXEPTlUGa3dhcmdzcRB9cRF1Lg==\", \"headers\": {}, \"content-type\": \"application/x-python-serialize\", \"properties\": {\"body_encoding\": \"base64\", \"delivery_info\": {\"priority\": 0, \"routing_key\": \"celery\", \"exchange\": \"celery\"}, \"delivery_mode\": 2, \"delivery_tag\": 2}, \"content-encoding\": \"binary\"}"
    }
  },
  {
    "pk": 553,
    "model": "django.message",
    "fields": {
      "queue": 1,
      "visible": true,
      "sent_at": "2013-02-09T22:14:34Z",
      "payload": "{\"body\": \"gAJ9cQEoVQdleHBpcmVzcQJOVQN1dGNxA4hVBGFyZ3NxBF1xBVUFY2hvcmRxBk5VCWNhbGxiYWNrc3EHTlUIZXJyYmFja3NxCE5VB3Rhc2tzZXRxCU5VAmlkcQpVJDUzMjRiNGYzLWIyZjItNDU3OC1hZjIwLTQyMTA3NzI4NGU1ZnELVQdyZXRyaWVzcQxLAFUEdGFza3ENVRlmaXJld2FsbC50YXNrcy5SZWxvYWRUYXNrcQ5VA2V0YXEPTlUGa3dhcmdzcRB9cRF1Lg==\", \"headers\": {}, \"content-type\": \"application/x-python-serialize\", \"properties\": {\"body_encoding\": \"base64\", \"delivery_info\": {\"priority\": 0, \"routing_key\": \"celery\", \"exchange\": \"celery\"}, \"delivery_mode\": 2, \"delivery_tag\": 3}, \"content-encoding\": \"binary\"}"
    }
  },
  {
    "pk": 554,
    "model": "django.message",
    "fields": {
      "queue": 1,
      "visible": true,
      "sent_at": "2013-02-10T00:07:25Z",
      "payload": "{\"body\": \"gAJ9cQEoVQdleHBpcmVzcQJOVQN1dGNxA4hVBGFyZ3NxBF1xBVUFY2hvcmRxBk5VCWNhbGxiYWNrc3EHTlUIZXJyYmFja3NxCE5VB3Rhc2tzZXRxCU5VAmlkcQpVJGEzOWVlYTlmLTllYjQtNDAxNC04NWNjLTJiYjczMmMzNDE4Y3ELVQdyZXRyaWVzcQxLAFUEdGFza3ENVRlmaXJld2FsbC50YXNrcy5SZWxvYWRUYXNrcQ5VA2V0YXEPTlUGa3dhcmdzcRB9cRF1Lg==\", \"headers\": {}, \"content-type\": \"application/x-python-serialize\", \"properties\": {\"body_encoding\": \"base64\", \"delivery_info\": {\"priority\": 0, \"routing_key\": \"celery\", \"exchange\": \"celery\"}, \"delivery_mode\": 2, \"delivery_tag\": 4}, \"content-encoding\": \"binary\"}"
    }
  },
  {
    "pk": 555,
    "model": "django.message",
    "fields": {
      "queue": 1,
      "visible": true,
      "sent_at": "2013-02-10T09:51:40Z",
      "payload": "{\"body\": \"gAJ9cQEoVQdleHBpcmVzcQJOVQN1dGNxA4hVBGFyZ3NxBF1xBVUFY2hvcmRxBk5VCWNhbGxiYWNrc3EHTlUIZXJyYmFja3NxCE5VB3Rhc2tzZXRxCU5VAmlkcQpVJDk5MTY2Yzc4LWNkMjctNGZiYy1iM2VjLTVkMTA0YzgwZGY4MnELVQdyZXRyaWVzcQxLAFUEdGFza3ENVRlmaXJld2FsbC50YXNrcy5SZWxvYWRUYXNrcQ5VA2V0YXEPTlUGa3dhcmdzcRB9cRF1Lg==\", \"headers\": {}, \"content-type\": \"application/x-python-serialize\", \"properties\": {\"body_encoding\": \"base64\", \"delivery_info\": {\"priority\": 0, \"routing_key\": \"celery\", \"exchange\": \"celery\"}, \"delivery_mode\": 2, \"delivery_tag\": 1}, \"content-encoding\": \"binary\"}"
    }
  },
  {
    "pk": 556,
    "model": "django.message",
    "fields": {
      "queue": 1,
      "visible": true,
      "sent_at": "2013-02-10T12:24:38Z",
      "payload": "{\"body\": \"gAJ9cQEoVQdleHBpcmVzcQJOVQN1dGNxA4hVBGFyZ3NxBF1xBVUFY2hvcmRxBk5VCWNhbGxiYWNrc3EHTlUIZXJyYmFja3NxCE5VB3Rhc2tzZXRxCU5VAmlkcQpVJDNlOTAwM2YyLTM5ZDAtNDRhMS1hM2UxLThlNWY1YjJjODhjYnELVQdyZXRyaWVzcQxLAFUEdGFza3ENVRlmaXJld2FsbC50YXNrcy5SZWxvYWRUYXNrcQ5VA2V0YXEPTlUGa3dhcmdzcRB9cRF1Lg==\", \"headers\": {}, \"content-type\": \"application/x-python-serialize\", \"properties\": {\"body_encoding\": \"base64\", \"delivery_info\": {\"priority\": 0, \"routing_key\": \"celery\", \"exchange\": \"celery\"}, \"delivery_mode\": 2, \"delivery_tag\": 1}, \"content-encoding\": \"binary\"}"
    }
  },
  {
    "pk": 557,
    "model": "django.message",
    "fields": {
      "queue": 1,
      "visible": true,
      "sent_at": "2013-02-10T12:50:15Z",
      "payload": "{\"body\": \"gAJ9cQEoVQdleHBpcmVzcQJOVQN1dGNxA4hVBGFyZ3NxBF1xBVUFY2hvcmRxBk5VCWNhbGxiYWNrc3EHTlUIZXJyYmFja3NxCE5VB3Rhc2tzZXRxCU5VAmlkcQpVJDYzNWNlMTlhLThjMjEtNGZkOS1hZmFjLTZiZmFlOWE1YThjZnELVQdyZXRyaWVzcQxLAFUEdGFza3ENVRlmaXJld2FsbC50YXNrcy5SZWxvYWRUYXNrcQ5VA2V0YXEPTlUGa3dhcmdzcRB9cRF1Lg==\", \"headers\": {}, \"content-type\": \"application/x-python-serialize\", \"properties\": {\"body_encoding\": \"base64\", \"delivery_info\": {\"priority\": 0, \"routing_key\": \"celery\", \"exchange\": \"celery\"}, \"delivery_mode\": 2, \"delivery_tag\": 1}, \"content-encoding\": \"binary\"}"
    }
  },
  {
    "pk": 558,
    "model": "django.message",
    "fields": {
      "queue": 1,
      "visible": true,
      "sent_at": "2013-02-10T12:50:47Z",
      "payload": "{\"body\": \"gAJ9cQEoVQdleHBpcmVzcQJOVQN1dGNxA4hVBGFyZ3NxBF1xBVUFY2hvcmRxBk5VCWNhbGxiYWNrc3EHTlUIZXJyYmFja3NxCE5VB3Rhc2tzZXRxCU5VAmlkcQpVJDIxZDdlZDAwLTViYzktNDMxZS1hZGM5LTI3ZTQ1ZWQzZTZjMHELVQdyZXRyaWVzcQxLAFUEdGFza3ENVRlmaXJld2FsbC50YXNrcy5SZWxvYWRUYXNrcQ5VA2V0YXEPTlUGa3dhcmdzcRB9cRF1Lg==\", \"headers\": {}, \"content-type\": \"application/x-python-serialize\", \"properties\": {\"body_encoding\": \"base64\", \"delivery_info\": {\"priority\": 0, \"routing_key\": \"celery\", \"exchange\": \"celery\"}, \"delivery_mode\": 2, \"delivery_tag\": 2}, \"content-encoding\": \"binary\"}"
    }
  },
  {
    "pk": 559,
    "model": "django.message",
    "fields": {
      "queue": 1,
      "visible": true,
      "sent_at": "2013-02-10T21:31:53Z",
      "payload": "{\"body\": \"gAJ9cQEoVQdleHBpcmVzcQJOVQN1dGNxA4hVBGFyZ3NxBF1xBVUFY2hvcmRxBk5VCWNhbGxiYWNrc3EHTlUIZXJyYmFja3NxCE5VB3Rhc2tzZXRxCU5VAmlkcQpVJDI3Y2M0NjIzLTc5ZTEtNDQwMi05ZGJmLWFiODg1ODI2Nzk1NHELVQdyZXRyaWVzcQxLAFUEdGFza3ENVRlmaXJld2FsbC50YXNrcy5SZWxvYWRUYXNrcQ5VA2V0YXEPTlUGa3dhcmdzcRB9cRF1Lg==\", \"headers\": {}, \"content-type\": \"application/x-python-serialize\", \"properties\": {\"body_encoding\": \"base64\", \"delivery_info\": {\"priority\": 0, \"routing_key\": \"celery\", \"exchange\": \"celery\"}, \"delivery_mode\": 2, \"delivery_tag\": 1}, \"content-encoding\": \"binary\"}"
    }
  },
  {
    "pk": 560,
    "model": "django.message",
    "fields": {
      "queue": 1,
      "visible": true,
      "sent_at": "2013-02-10T21:32:19Z",
      "payload": "{\"body\": \"gAJ9cQEoVQdleHBpcmVzcQJOVQN1dGNxA4hVBGFyZ3NxBF1xBVUFY2hvcmRxBk5VCWNhbGxiYWNrc3EHTlUIZXJyYmFja3NxCE5VB3Rhc2tzZXRxCU5VAmlkcQpVJGYyOTUxNzA0LTU1ODgtNDI1Ny05NDRiLTIzYTBlNDA2ZjgxY3ELVQdyZXRyaWVzcQxLAFUEdGFza3ENVRlmaXJld2FsbC50YXNrcy5SZWxvYWRUYXNrcQ5VA2V0YXEPTlUGa3dhcmdzcRB9cRF1Lg==\", \"headers\": {}, \"content-type\": \"application/x-python-serialize\", \"properties\": {\"body_encoding\": \"base64\", \"delivery_info\": {\"priority\": 0, \"routing_key\": \"celery\", \"exchange\": \"celery\"}, \"delivery_mode\": 2, \"delivery_tag\": 2}, \"content-encoding\": \"binary\"}"
    }
  },
  {
    "pk": 561,
    "model": "django.message",
    "fields": {
      "queue": 1,
      "visible": true,
      "sent_at": "2013-02-10T21:45:05Z",
      "payload": "{\"body\": \"gAJ9cQEoVQdleHBpcmVzcQJOVQN1dGNxA4hVBGFyZ3NxBF1xBVUFY2hvcmRxBk5VCWNhbGxiYWNrc3EHTlUIZXJyYmFja3NxCE5VB3Rhc2tzZXRxCU5VAmlkcQpVJGJjOGFlMjgwLTMxZDEtNDNkMi1iZTEzLTA4MTEyZDRkNzdkZXELVQdyZXRyaWVzcQxLAFUEdGFza3ENVRlmaXJld2FsbC50YXNrcy5SZWxvYWRUYXNrcQ5VA2V0YXEPTlUGa3dhcmdzcRB9cRF1Lg==\", \"headers\": {}, \"content-type\": \"application/x-python-serialize\", \"properties\": {\"body_encoding\": \"base64\", \"delivery_info\": {\"priority\": 0, \"routing_key\": \"celery\", \"exchange\": \"celery\"}, \"delivery_mode\": 2, \"delivery_tag\": 3}, \"content-encoding\": \"binary\"}"
    }
  },
  {
    "pk": 562,
    "model": "django.message",
    "fields": {
      "queue": 1,
      "visible": true,
      "sent_at": "2013-02-11T00:18:31Z",
      "payload": "{\"body\": \"gAJ9cQEoVQdleHBpcmVzcQJOVQN1dGNxA4hVBGFyZ3NxBF1xBVUFY2hvcmRxBk5VCWNhbGxiYWNrc3EHTlUIZXJyYmFja3NxCE5VB3Rhc2tzZXRxCU5VAmlkcQpVJGExZmViNzdlLThmYjUtNDk3ZC1iYWI4LTEwNTlhYWI4N2I2YnELVQdyZXRyaWVzcQxLAFUEdGFza3ENVRlmaXJld2FsbC50YXNrcy5SZWxvYWRUYXNrcQ5VA2V0YXEPTlUGa3dhcmdzcRB9cRF1Lg==\", \"headers\": {}, \"content-type\": \"application/x-python-serialize\", \"properties\": {\"body_encoding\": \"base64\", \"delivery_info\": {\"priority\": 0, \"routing_key\": \"celery\", \"exchange\": \"celery\"}, \"delivery_mode\": 2, \"delivery_tag\": 1}, \"content-encoding\": \"binary\"}"
    }
  },
  {
    "pk": 563,
    "model": "django.message",
    "fields": {
      "queue": 1,
      "visible": true,
      "sent_at": "2013-02-11T00:19:38Z",
      "payload": "{\"body\": \"gAJ9cQEoVQdleHBpcmVzcQJOVQN1dGNxA4hVBGFyZ3NxBF1xBVUFY2hvcmRxBk5VCWNhbGxiYWNrc3EHTlUIZXJyYmFja3NxCE5VB3Rhc2tzZXRxCU5VAmlkcQpVJDQzOGI5N2NmLWM1OTMtNGE1MS1hNDM3LTdkZTdkMjc2ZjEyMnELVQdyZXRyaWVzcQxLAFUEdGFza3ENVRlmaXJld2FsbC50YXNrcy5SZWxvYWRUYXNrcQ5VA2V0YXEPTlUGa3dhcmdzcRB9cRF1Lg==\", \"headers\": {}, \"content-type\": \"application/x-python-serialize\", \"properties\": {\"body_encoding\": \"base64\", \"delivery_info\": {\"priority\": 0, \"routing_key\": \"celery\", \"exchange\": \"celery\"}, \"delivery_mode\": 2, \"delivery_tag\": 2}, \"content-encoding\": \"binary\"}"
    }
  },
  {
    "pk": 564,
    "model": "django.message",
    "fields": {
      "queue": 1,
      "visible": true,
      "sent_at": "2013-02-11T09:11:51Z",
      "payload": "{\"body\": \"gAJ9cQEoVQdleHBpcmVzcQJOVQN1dGNxA4hVBGFyZ3NxBF1xBVUFY2hvcmRxBk5VCWNhbGxiYWNrc3EHTlUIZXJyYmFja3NxCE5VB3Rhc2tzZXRxCU5VAmlkcQpVJDJiMTVlNjJiLTJmOWMtNDNmMS04MGNjLWI3ZDIxNjJjYTVjZnELVQdyZXRyaWVzcQxLAFUEdGFza3ENVRlmaXJld2FsbC50YXNrcy5SZWxvYWRUYXNrcQ5VA2V0YXEPTlUGa3dhcmdzcRB9cRF1Lg==\", \"headers\": {}, \"content-type\": \"application/x-python-serialize\", \"properties\": {\"body_encoding\": \"base64\", \"delivery_info\": {\"priority\": 0, \"routing_key\": \"celery\", \"exchange\": \"celery\"}, \"delivery_mode\": 2, \"delivery_tag\": 1}, \"content-encoding\": \"binary\"}"
    }
  },
  {
    "pk": 565,
    "model": "django.message",
    "fields": {
      "queue": 1,
      "visible": true,
      "sent_at": "2013-02-11T13:06:54Z",
      "payload": "{\"body\": \"gAJ9cQEoVQdleHBpcmVzcQJOVQN1dGNxA4hVBGFyZ3NxBF1xBVUFY2hvcmRxBk5VCWNhbGxiYWNrc3EHTlUIZXJyYmFja3NxCE5VB3Rhc2tzZXRxCU5VAmlkcQpVJDc4MmZjNzU5LTVmMjItNGJhNi05ZmFjLTg1YmUwZWRhZTNiYXELVQdyZXRyaWVzcQxLAFUEdGFza3ENVRlmaXJld2FsbC50YXNrcy5SZWxvYWRUYXNrcQ5VA2V0YXEPTlUGa3dhcmdzcRB9cRF1Lg==\", \"headers\": {}, \"content-type\": \"application/x-python-serialize\", \"properties\": {\"body_encoding\": \"base64\", \"delivery_info\": {\"priority\": 0, \"routing_key\": \"celery\", \"exchange\": \"celery\"}, \"delivery_mode\": 2, \"delivery_tag\": 1}, \"content-encoding\": \"binary\"}"
    }
  },
  {
    "pk": 566,
    "model": "django.message",
    "fields": {
      "queue": 1,
      "visible": true,
      "sent_at": "2013-02-11T13:07:04Z",
      "payload": "{\"body\": \"gAJ9cQEoVQdleHBpcmVzcQJOVQN1dGNxA4hVBGFyZ3NxBF1xBVUFY2hvcmRxBk5VCWNhbGxiYWNrc3EHTlUIZXJyYmFja3NxCE5VB3Rhc2tzZXRxCU5VAmlkcQpVJDkwMDhjZDEyLTIyOGQtNDFmOS05NWQ0LThlN2UxMjNlNWNjOHELVQdyZXRyaWVzcQxLAFUEdGFza3ENVRlmaXJld2FsbC50YXNrcy5SZWxvYWRUYXNrcQ5VA2V0YXEPTlUGa3dhcmdzcRB9cRF1Lg==\", \"headers\": {}, \"content-type\": \"application/x-python-serialize\", \"properties\": {\"body_encoding\": \"base64\", \"delivery_info\": {\"priority\": 0, \"routing_key\": \"celery\", \"exchange\": \"celery\"}, \"delivery_mode\": 2, \"delivery_tag\": 2}, \"content-encoding\": \"binary\"}"
    }
  },
  {
    "pk": 567,
    "model": "django.message",
    "fields": {
      "queue": 1,
      "visible": true,
      "sent_at": "2013-02-12T10:00:36Z",
      "payload": "{\"body\": \"gAJ9cQEoVQdleHBpcmVzcQJOVQN1dGNxA4hVBGFyZ3NxBF1xBVUFY2hvcmRxBk5VCWNhbGxiYWNrc3EHTlUIZXJyYmFja3NxCE5VB3Rhc2tzZXRxCU5VAmlkcQpVJDI2YmQ3ZjQ1LWNhZjItNGNkMi1iODIyLTk5YWIyNTgwNDNiZHELVQdyZXRyaWVzcQxLAFUEdGFza3ENVRlmaXJld2FsbC50YXNrcy5SZWxvYWRUYXNrcQ5VA2V0YXEPTlUGa3dhcmdzcRB9cRF1Lg==\", \"headers\": {}, \"content-type\": \"application/x-python-serialize\", \"properties\": {\"body_encoding\": \"base64\", \"delivery_info\": {\"priority\": 0, \"routing_key\": \"celery\", \"exchange\": \"celery\"}, \"delivery_mode\": 2, \"delivery_tag\": 1}, \"content-encoding\": \"binary\"}"
    }
  },
  {
    "pk": 568,
    "model": "django.message",
    "fields": {
      "queue": 1,
      "visible": true,
      "sent_at": "2013-02-12T10:01:36Z",
      "payload": "{\"body\": \"gAJ9cQEoVQdleHBpcmVzcQJOVQN1dGNxA4hVBGFyZ3NxBF1xBVUFY2hvcmRxBk5VCWNhbGxiYWNrc3EHTlUIZXJyYmFja3NxCE5VB3Rhc2tzZXRxCU5VAmlkcQpVJGMyZTViOGJlLTY0ODItNGI5ZC1iODM2LWNlNzQ3NTYyOTc2OXELVQdyZXRyaWVzcQxLAFUEdGFza3ENVRlmaXJld2FsbC50YXNrcy5SZWxvYWRUYXNrcQ5VA2V0YXEPTlUGa3dhcmdzcRB9cRF1Lg==\", \"headers\": {}, \"content-type\": \"application/x-python-serialize\", \"properties\": {\"body_encoding\": \"base64\", \"delivery_info\": {\"priority\": 0, \"routing_key\": \"celery\", \"exchange\": \"celery\"}, \"delivery_mode\": 2, \"delivery_tag\": 2}, \"content-encoding\": \"binary\"}"
    }
  },
  {
    "pk": 569,
    "model": "django.message",
    "fields": {
      "queue": 1,
      "visible": true,
      "sent_at": "2013-02-12T10:05:22Z",
      "payload": "{\"body\": \"gAJ9cQEoVQdleHBpcmVzcQJOVQN1dGNxA4hVBGFyZ3NxBF1xBVUFY2hvcmRxBk5VCWNhbGxiYWNrc3EHTlUIZXJyYmFja3NxCE5VB3Rhc2tzZXRxCU5VAmlkcQpVJGM1YmYxNDRhLTU0MTAtNDY1Yi05ZDZhLWEyN2U1MDU1MjQwMXELVQdyZXRyaWVzcQxLAFUEdGFza3ENVRlmaXJld2FsbC50YXNrcy5SZWxvYWRUYXNrcQ5VA2V0YXEPTlUGa3dhcmdzcRB9cRF1Lg==\", \"headers\": {}, \"content-type\": \"application/x-python-serialize\", \"properties\": {\"body_encoding\": \"base64\", \"delivery_info\": {\"priority\": 0, \"routing_key\": \"celery\", \"exchange\": \"celery\"}, \"delivery_mode\": 2, \"delivery_tag\": 3}, \"content-encoding\": \"binary\"}"
    }
  },
  {
    "pk": 570,
    "model": "django.message",
    "fields": {
      "queue": 1,
      "visible": true,
      "sent_at": "2013-02-12T10:05:36Z",
      "payload": "{\"body\": \"gAJ9cQEoVQdleHBpcmVzcQJOVQN1dGNxA4hVBGFyZ3NxBF1xBVUFY2hvcmRxBk5VCWNhbGxiYWNrc3EHTlUIZXJyYmFja3NxCE5VB3Rhc2tzZXRxCU5VAmlkcQpVJDQzOTY5YzE0LTdkYTQtNDNiMC1iZGE0LWI0M2FkYWQ1MDM5YXELVQdyZXRyaWVzcQxLAFUEdGFza3ENVRlmaXJld2FsbC50YXNrcy5SZWxvYWRUYXNrcQ5VA2V0YXEPTlUGa3dhcmdzcRB9cRF1Lg==\", \"headers\": {}, \"content-type\": \"application/x-python-serialize\", \"properties\": {\"body_encoding\": \"base64\", \"delivery_info\": {\"priority\": 0, \"routing_key\": \"celery\", \"exchange\": \"celery\"}, \"delivery_mode\": 2, \"delivery_tag\": 4}, \"content-encoding\": \"binary\"}"
    }
  },
  {
    "pk": 571,
    "model": "django.message",
    "fields": {
      "queue": 1,
      "visible": true,
      "sent_at": "2013-02-12T14:45:50Z",
      "payload": "{\"body\": \"gAJ9cQEoVQdleHBpcmVzcQJOVQN1dGNxA4hVBGFyZ3NxBF1xBVUFY2hvcmRxBk5VCWNhbGxiYWNrc3EHTlUIZXJyYmFja3NxCE5VB3Rhc2tzZXRxCU5VAmlkcQpVJDZhMWVkMDEwLThiMzMtNDUxYS05NTk2LTM3NjEyNWRiMjA5YnELVQdyZXRyaWVzcQxLAFUEdGFza3ENVRlmaXJld2FsbC50YXNrcy5SZWxvYWRUYXNrcQ5VA2V0YXEPTlUGa3dhcmdzcRB9cRF1Lg==\", \"headers\": {}, \"content-type\": \"application/x-python-serialize\", \"properties\": {\"body_encoding\": \"base64\", \"delivery_info\": {\"priority\": 0, \"routing_key\": \"celery\", \"exchange\": \"celery\"}, \"delivery_mode\": 2, \"delivery_tag\": 1}, \"content-encoding\": \"binary\"}"
    }
  },
  {
    "pk": 572,
    "model": "django.message",
    "fields": {
      "queue": 1,
      "visible": true,
      "sent_at": "2013-02-12T19:36:54Z",
      "payload": "{\"body\": \"gAJ9cQEoVQdleHBpcmVzcQJOVQN1dGNxA4hVBGFyZ3NxBF1xBVUFY2hvcmRxBk5VCWNhbGxiYWNrc3EHTlUIZXJyYmFja3NxCE5VB3Rhc2tzZXRxCU5VAmlkcQpVJGIwYWExOGE0LWRjNTgtNDljZC1hMGZiLTkwZjE2MmJjZjg2ZnELVQdyZXRyaWVzcQxLAFUEdGFza3ENVRlmaXJld2FsbC50YXNrcy5SZWxvYWRUYXNrcQ5VA2V0YXEPTlUGa3dhcmdzcRB9cRF1Lg==\", \"headers\": {}, \"content-type\": \"application/x-python-serialize\", \"properties\": {\"body_encoding\": \"base64\", \"delivery_info\": {\"priority\": 0, \"routing_key\": \"celery\", \"exchange\": \"celery\"}, \"delivery_mode\": 2, \"delivery_tag\": 1}, \"content-encoding\": \"binary\"}"
    }
  },
  {
    "pk": 573,
    "model": "django.message",
    "fields": {
      "queue": 1,
      "visible": true,
      "sent_at": "2013-02-12T19:37:22Z",
      "payload": "{\"body\": \"gAJ9cQEoVQdleHBpcmVzcQJOVQN1dGNxA4hVBGFyZ3NxBF1xBVUFY2hvcmRxBk5VCWNhbGxiYWNrc3EHTlUIZXJyYmFja3NxCE5VB3Rhc2tzZXRxCU5VAmlkcQpVJDcyYTA3ZDcxLTcwZTYtNDMxMC1hYWYwLTA1NzQxZDZjMjljNXELVQdyZXRyaWVzcQxLAFUEdGFza3ENVRlmaXJld2FsbC50YXNrcy5SZWxvYWRUYXNrcQ5VA2V0YXEPTlUGa3dhcmdzcRB9cRF1Lg==\", \"headers\": {}, \"content-type\": \"application/x-python-serialize\", \"properties\": {\"body_encoding\": \"base64\", \"delivery_info\": {\"priority\": 0, \"routing_key\": \"celery\", \"exchange\": \"celery\"}, \"delivery_mode\": 2, \"delivery_tag\": 2}, \"content-encoding\": \"binary\"}"
    }
  },
  {
    "pk": 574,
    "model": "django.message",
    "fields": {
      "queue": 1,
      "visible": true,
      "sent_at": "2013-02-12T20:30:47Z",
      "payload": "{\"body\": \"gAJ9cQEoVQdleHBpcmVzcQJOVQN1dGNxA4hVBGFyZ3NxBF1xBVUFY2hvcmRxBk5VCWNhbGxiYWNrc3EHTlUIZXJyYmFja3NxCE5VB3Rhc2tzZXRxCU5VAmlkcQpVJDQxNmM5NGU3LWViZGMtNDIxYS04OWNkLWM0ZDc4ZTQxMGExMnELVQdyZXRyaWVzcQxLAFUEdGFza3ENVRlmaXJld2FsbC50YXNrcy5SZWxvYWRUYXNrcQ5VA2V0YXEPTlUGa3dhcmdzcRB9cRF1Lg==\", \"headers\": {}, \"content-type\": \"application/x-python-serialize\", \"properties\": {\"body_encoding\": \"base64\", \"delivery_info\": {\"priority\": 0, \"routing_key\": \"celery\", \"exchange\": \"celery\"}, \"delivery_mode\": 2, \"delivery_tag\": 1}, \"content-encoding\": \"binary\"}"
    }
  },
  {
    "pk": 575,
    "model": "django.message",
    "fields": {
      "queue": 1,
      "visible": true,
      "sent_at": "2013-02-12T20:31:13Z",
      "payload": "{\"body\": \"gAJ9cQEoVQdleHBpcmVzcQJOVQN1dGNxA4hVBGFyZ3NxBF1xBVUFY2hvcmRxBk5VCWNhbGxiYWNrc3EHTlUIZXJyYmFja3NxCE5VB3Rhc2tzZXRxCU5VAmlkcQpVJGZjNjE5NTlkLWMzNTQtNGI1MS05YmMwLTZmZjUwODkxYTAxM3ELVQdyZXRyaWVzcQxLAFUEdGFza3ENVRlmaXJld2FsbC50YXNrcy5SZWxvYWRUYXNrcQ5VA2V0YXEPTlUGa3dhcmdzcRB9cRF1Lg==\", \"headers\": {}, \"content-type\": \"application/x-python-serialize\", \"properties\": {\"body_encoding\": \"base64\", \"delivery_info\": {\"priority\": 0, \"routing_key\": \"celery\", \"exchange\": \"celery\"}, \"delivery_mode\": 2, \"delivery_tag\": 2}, \"content-encoding\": \"binary\"}"
    }
  },
  {
    "pk": 576,
    "model": "django.message",
    "fields": {
      "queue": 1,
      "visible": true,
      "sent_at": "2013-02-12T20:40:52Z",
      "payload": "{\"body\": \"gAJ9cQEoVQdleHBpcmVzcQJOVQN1dGNxA4hVBGFyZ3NxBF1xBVUFY2hvcmRxBk5VCWNhbGxiYWNrc3EHTlUIZXJyYmFja3NxCE5VB3Rhc2tzZXRxCU5VAmlkcQpVJDYzYzc1N2NjLWI4ZTMtNGI0ZC04ZTFlLTM1ZGE5OGFjZGU2MnELVQdyZXRyaWVzcQxLAFUEdGFza3ENVRlmaXJld2FsbC50YXNrcy5SZWxvYWRUYXNrcQ5VA2V0YXEPTlUGa3dhcmdzcRB9cRF1Lg==\", \"headers\": {}, \"content-type\": \"application/x-python-serialize\", \"properties\": {\"body_encoding\": \"base64\", \"delivery_info\": {\"priority\": 0, \"routing_key\": \"celery\", \"exchange\": \"celery\"}, \"delivery_mode\": 2, \"delivery_tag\": 3}, \"content-encoding\": \"binary\"}"
    }
  },
  {
    "pk": 577,
    "model": "django.message",
    "fields": {
      "queue": 1,
      "visible": true,
      "sent_at": "2013-02-12T20:41:10Z",
      "payload": "{\"body\": \"gAJ9cQEoVQdleHBpcmVzcQJOVQN1dGNxA4hVBGFyZ3NxBF1xBVUFY2hvcmRxBk5VCWNhbGxiYWNrc3EHTlUIZXJyYmFja3NxCE5VB3Rhc2tzZXRxCU5VAmlkcQpVJGI5MTgzZmI4LTdkMDgtNDdjNC04ZDA2LTEzMDFjYWE3ZDEzM3ELVQdyZXRyaWVzcQxLAFUEdGFza3ENVRlmaXJld2FsbC50YXNrcy5SZWxvYWRUYXNrcQ5VA2V0YXEPTlUGa3dhcmdzcRB9cRF1Lg==\", \"headers\": {}, \"content-type\": \"application/x-python-serialize\", \"properties\": {\"body_encoding\": \"base64\", \"delivery_info\": {\"priority\": 0, \"routing_key\": \"celery\", \"exchange\": \"celery\"}, \"delivery_mode\": 2, \"delivery_tag\": 4}, \"content-encoding\": \"binary\"}"
    }
  },
  {
    "pk": 578,
    "model": "django.message",
    "fields": {
      "queue": 1,
      "visible": true,
      "sent_at": "2013-02-12T20:43:59Z",
      "payload": "{\"body\": \"gAJ9cQEoVQdleHBpcmVzcQJOVQN1dGNxA4hVBGFyZ3NxBF1xBVUFY2hvcmRxBk5VCWNhbGxiYWNrc3EHTlUIZXJyYmFja3NxCE5VB3Rhc2tzZXRxCU5VAmlkcQpVJGRhMmU4OTk1LWE1MzMtNGU3MC05MGM5LWRlYThiNzBlOTBiYnELVQdyZXRyaWVzcQxLAFUEdGFza3ENVRlmaXJld2FsbC50YXNrcy5SZWxvYWRUYXNrcQ5VA2V0YXEPTlUGa3dhcmdzcRB9cRF1Lg==\", \"headers\": {}, \"content-type\": \"application/x-python-serialize\", \"properties\": {\"body_encoding\": \"base64\", \"delivery_info\": {\"priority\": 0, \"routing_key\": \"celery\", \"exchange\": \"celery\"}, \"delivery_mode\": 2, \"delivery_tag\": 5}, \"content-encoding\": \"binary\"}"
    }
  },
  {
    "pk": 579,
    "model": "django.message",
    "fields": {
      "queue": 1,
      "visible": true,
      "sent_at": "2013-02-12T20:44:45Z",
      "payload": "{\"body\": \"gAJ9cQEoVQdleHBpcmVzcQJOVQN1dGNxA4hVBGFyZ3NxBF1xBVUFY2hvcmRxBk5VCWNhbGxiYWNrc3EHTlUIZXJyYmFja3NxCE5VB3Rhc2tzZXRxCU5VAmlkcQpVJDgwNzBjODg4LTMwMWEtNDE3NC1hNTBkLTI4NGEyZTEyZmI4OHELVQdyZXRyaWVzcQxLAFUEdGFza3ENVRlmaXJld2FsbC50YXNrcy5SZWxvYWRUYXNrcQ5VA2V0YXEPTlUGa3dhcmdzcRB9cRF1Lg==\", \"headers\": {}, \"content-type\": \"application/x-python-serialize\", \"properties\": {\"body_encoding\": \"base64\", \"delivery_info\": {\"priority\": 0, \"routing_key\": \"celery\", \"exchange\": \"celery\"}, \"delivery_mode\": 2, \"delivery_tag\": 6}, \"content-encoding\": \"binary\"}"
    }
  },
  {
    "pk": 580,
    "model": "django.message",
    "fields": {
      "queue": 1,
      "visible": true,
      "sent_at": "2013-02-12T20:48:27Z",
      "payload": "{\"body\": \"gAJ9cQEoVQdleHBpcmVzcQJOVQN1dGNxA4hVBGFyZ3NxBF1xBVUFY2hvcmRxBk5VCWNhbGxiYWNrc3EHTlUIZXJyYmFja3NxCE5VB3Rhc2tzZXRxCU5VAmlkcQpVJGFhMTU4OGMzLThlMmQtNDNiYy1iYTYwLWYwNDNkZjg5NWUzM3ELVQdyZXRyaWVzcQxLAFUEdGFza3ENVRlmaXJld2FsbC50YXNrcy5SZWxvYWRUYXNrcQ5VA2V0YXEPTlUGa3dhcmdzcRB9cRF1Lg==\", \"headers\": {}, \"content-type\": \"application/x-python-serialize\", \"properties\": {\"body_encoding\": \"base64\", \"delivery_info\": {\"priority\": 0, \"routing_key\": \"celery\", \"exchange\": \"celery\"}, \"delivery_mode\": 2, \"delivery_tag\": 7}, \"content-encoding\": \"binary\"}"
    }
  },
  {
    "pk": 581,
    "model": "django.message",
    "fields": {
      "queue": 1,
      "visible": true,
      "sent_at": "2013-02-12T20:48:43Z",
      "payload": "{\"body\": \"gAJ9cQEoVQdleHBpcmVzcQJOVQN1dGNxA4hVBGFyZ3NxBF1xBVUFY2hvcmRxBk5VCWNhbGxiYWNrc3EHTlUIZXJyYmFja3NxCE5VB3Rhc2tzZXRxCU5VAmlkcQpVJDk3Y2FhYTNkLTgxNjEtNGFmYy05MjM2LTRlNTZhNTc4MmZhMnELVQdyZXRyaWVzcQxLAFUEdGFza3ENVRlmaXJld2FsbC50YXNrcy5SZWxvYWRUYXNrcQ5VA2V0YXEPTlUGa3dhcmdzcRB9cRF1Lg==\", \"headers\": {}, \"content-type\": \"application/x-python-serialize\", \"properties\": {\"body_encoding\": \"base64\", \"delivery_info\": {\"priority\": 0, \"routing_key\": \"celery\", \"exchange\": \"celery\"}, \"delivery_mode\": 2, \"delivery_tag\": 8}, \"content-encoding\": \"binary\"}"
    }
  },
  {
    "pk": 582,
    "model": "django.message",
    "fields": {
      "queue": 1,
      "visible": true,
      "sent_at": "2013-02-12T21:33:23Z",
      "payload": "{\"body\": \"gAJ9cQEoVQdleHBpcmVzcQJOVQN1dGNxA4hVBGFyZ3NxBF1xBVUFY2hvcmRxBk5VCWNhbGxiYWNrc3EHTlUIZXJyYmFja3NxCE5VB3Rhc2tzZXRxCU5VAmlkcQpVJGVlMDNhMTRhLTU2N2QtNGQyOS04MjIxLTBmNTg1ZDU5ZGExYXELVQdyZXRyaWVzcQxLAFUEdGFza3ENVRlmaXJld2FsbC50YXNrcy5SZWxvYWRUYXNrcQ5VA2V0YXEPTlUGa3dhcmdzcRB9cRF1Lg==\", \"headers\": {}, \"content-type\": \"application/x-python-serialize\", \"properties\": {\"body_encoding\": \"base64\", \"delivery_info\": {\"priority\": 0, \"routing_key\": \"celery\", \"exchange\": \"celery\"}, \"delivery_mode\": 2, \"delivery_tag\": 1}, \"content-encoding\": \"binary\"}"
    }
  },
  {
    "pk": 583,
    "model": "django.message",
    "fields": {
      "queue": 1,
      "visible": true,
      "sent_at": "2013-02-12T21:57:50Z",
      "payload": "{\"body\": \"gAJ9cQEoVQdleHBpcmVzcQJOVQN1dGNxA4hVBGFyZ3NxBF1xBVUFY2hvcmRxBk5VCWNhbGxiYWNrc3EHTlUIZXJyYmFja3NxCE5VB3Rhc2tzZXRxCU5VAmlkcQpVJDRhMjMyMDJiLTRmNGYtNGJjOC05NGM2LWY5NTM5Yjc0MjA2NnELVQdyZXRyaWVzcQxLAFUEdGFza3ENVRlmaXJld2FsbC50YXNrcy5SZWxvYWRUYXNrcQ5VA2V0YXEPTlUGa3dhcmdzcRB9cRF1Lg==\", \"headers\": {}, \"content-type\": \"application/x-python-serialize\", \"properties\": {\"body_encoding\": \"base64\", \"delivery_info\": {\"priority\": 0, \"routing_key\": \"celery\", \"exchange\": \"celery\"}, \"delivery_mode\": 2, \"delivery_tag\": 2}, \"content-encoding\": \"binary\"}"
    }
  },
  {
    "pk": 584,
    "model": "django.message",
    "fields": {
      "queue": 1,
      "visible": true,
      "sent_at": "2013-02-12T22:33:18Z",
      "payload": "{\"body\": \"gAJ9cQEoVQdleHBpcmVzcQJOVQN1dGNxA4hVBGFyZ3NxBF1xBVUFY2hvcmRxBk5VCWNhbGxiYWNrc3EHTlUIZXJyYmFja3NxCE5VB3Rhc2tzZXRxCU5VAmlkcQpVJDM3N2Q0NzU2LWRhMGItNDgwNy04MjMxLTljZDljY2UzMjJiZXELVQdyZXRyaWVzcQxLAFUEdGFza3ENVRlmaXJld2FsbC50YXNrcy5SZWxvYWRUYXNrcQ5VA2V0YXEPTlUGa3dhcmdzcRB9cRF1Lg==\", \"headers\": {}, \"content-type\": \"application/x-python-serialize\", \"properties\": {\"body_encoding\": \"base64\", \"delivery_info\": {\"priority\": 0, \"routing_key\": \"celery\", \"exchange\": \"celery\"}, \"delivery_mode\": 2, \"delivery_tag\": 1}, \"content-encoding\": \"binary\"}"
    }
  },
  {
    "pk": 585,
    "model": "django.message",
    "fields": {
      "queue": 1,
      "visible": true,
      "sent_at": "2013-02-12T22:33:49Z",
      "payload": "{\"body\": \"gAJ9cQEoVQdleHBpcmVzcQJOVQN1dGNxA4hVBGFyZ3NxBF1xBVUFY2hvcmRxBk5VCWNhbGxiYWNrc3EHTlUIZXJyYmFja3NxCE5VB3Rhc2tzZXRxCU5VAmlkcQpVJDQ5MThkMjU4LTMyM2YtNDY5Yi1iY2VjLWMzOTBhNTkwMjEzZXELVQdyZXRyaWVzcQxLAFUEdGFza3ENVRlmaXJld2FsbC50YXNrcy5SZWxvYWRUYXNrcQ5VA2V0YXEPTlUGa3dhcmdzcRB9cRF1Lg==\", \"headers\": {}, \"content-type\": \"application/x-python-serialize\", \"properties\": {\"body_encoding\": \"base64\", \"delivery_info\": {\"priority\": 0, \"routing_key\": \"celery\", \"exchange\": \"celery\"}, \"delivery_mode\": 2, \"delivery_tag\": 2}, \"content-encoding\": \"binary\"}"
    }
  },
  {
    "pk": 586,
    "model": "django.message",
    "fields": {
      "queue": 1,
      "visible": true,
      "sent_at": "2013-02-12T23:25:17Z",
      "payload": "{\"body\": \"gAJ9cQEoVQdleHBpcmVzcQJOVQN1dGNxA4hVBGFyZ3NxBF1xBVUFY2hvcmRxBk5VCWNhbGxiYWNrc3EHTlUIZXJyYmFja3NxCE5VB3Rhc2tzZXRxCU5VAmlkcQpVJDgwNWMwOWUxLTZkZWUtNDZkNy04MjM5LTNjZjk5NjNlMzdjZXELVQdyZXRyaWVzcQxLAFUEdGFza3ENVRlmaXJld2FsbC50YXNrcy5SZWxvYWRUYXNrcQ5VA2V0YXEPTlUGa3dhcmdzcRB9cRF1Lg==\", \"headers\": {}, \"content-type\": \"application/x-python-serialize\", \"properties\": {\"body_encoding\": \"base64\", \"delivery_info\": {\"priority\": 0, \"routing_key\": \"celery\", \"exchange\": \"celery\"}, \"delivery_mode\": 2, \"delivery_tag\": 3}, \"content-encoding\": \"binary\"}"
    }
  },
  {
    "pk": 587,
    "model": "django.message",
    "fields": {
      "queue": 1,
      "visible": true,
      "sent_at": "2013-02-12T23:32:50Z",
      "payload": "{\"body\": \"gAJ9cQEoVQdleHBpcmVzcQJOVQN1dGNxA4hVBGFyZ3NxBF1xBVUFY2hvcmRxBk5VCWNhbGxiYWNrc3EHTlUIZXJyYmFja3NxCE5VB3Rhc2tzZXRxCU5VAmlkcQpVJGYyN2UxYzQ3LTRkOTUtNDdmNy04MjBiLWQ0YmM3NGFlMjZiM3ELVQdyZXRyaWVzcQxLAFUEdGFza3ENVRlmaXJld2FsbC50YXNrcy5SZWxvYWRUYXNrcQ5VA2V0YXEPTlUGa3dhcmdzcRB9cRF1Lg==\", \"headers\": {}, \"content-type\": \"application/x-python-serialize\", \"properties\": {\"body_encoding\": \"base64\", \"delivery_info\": {\"priority\": 0, \"routing_key\": \"celery\", \"exchange\": \"celery\"}, \"delivery_mode\": 2, \"delivery_tag\": 4}, \"content-encoding\": \"binary\"}"
    }
  },
  {
    "pk": 588,
    "model": "django.message",
    "fields": {
      "queue": 1,
      "visible": true,
      "sent_at": "2013-02-12T23:33:04Z",
      "payload": "{\"body\": \"gAJ9cQEoVQdleHBpcmVzcQJOVQN1dGNxA4hVBGFyZ3NxBF1xBVUFY2hvcmRxBk5VCWNhbGxiYWNrc3EHTlUIZXJyYmFja3NxCE5VB3Rhc2tzZXRxCU5VAmlkcQpVJGZjZDM5NzhjLTcwYzgtNDlkNi1iZDRiLWNmZWQ1Zjg1MTFkMnELVQdyZXRyaWVzcQxLAFUEdGFza3ENVRlmaXJld2FsbC50YXNrcy5SZWxvYWRUYXNrcQ5VA2V0YXEPTlUGa3dhcmdzcRB9cRF1Lg==\", \"headers\": {}, \"content-type\": \"application/x-python-serialize\", \"properties\": {\"body_encoding\": \"base64\", \"delivery_info\": {\"priority\": 0, \"routing_key\": \"celery\", \"exchange\": \"celery\"}, \"delivery_mode\": 2, \"delivery_tag\": 5}, \"content-encoding\": \"binary\"}"
    }
  },
  {
    "pk": 589,
    "model": "django.message",
    "fields": {
      "queue": 1,
      "visible": true,
      "sent_at": "2013-02-12T23:36:02Z",
      "payload": "{\"body\": \"gAJ9cQEoVQdleHBpcmVzcQJOVQN1dGNxA4hVBGFyZ3NxBF1xBVUFY2hvcmRxBk5VCWNhbGxiYWNrc3EHTlUIZXJyYmFja3NxCE5VB3Rhc2tzZXRxCU5VAmlkcQpVJDM3NDUyZGI2LTkzMjUtNDE0Yi05MzJkLTNlMDQ3NmVhMjNiMHELVQdyZXRyaWVzcQxLAFUEdGFza3ENVRlmaXJld2FsbC50YXNrcy5SZWxvYWRUYXNrcQ5VA2V0YXEPTlUGa3dhcmdzcRB9cRF1Lg==\", \"headers\": {}, \"content-type\": \"application/x-python-serialize\", \"properties\": {\"body_encoding\": \"base64\", \"delivery_info\": {\"priority\": 0, \"routing_key\": \"celery\", \"exchange\": \"celery\"}, \"delivery_mode\": 2, \"delivery_tag\": 6}, \"content-encoding\": \"binary\"}"
    }
  },
  {
    "pk": 590,
    "model": "django.message",
    "fields": {
      "queue": 1,
      "visible": true,
      "sent_at": "2013-02-12T23:59:36Z",
      "payload": "{\"body\": \"gAJ9cQEoVQdleHBpcmVzcQJOVQN1dGNxA4hVBGFyZ3NxBF1xBVUFY2hvcmRxBk5VCWNhbGxiYWNrc3EHTlUIZXJyYmFja3NxCE5VB3Rhc2tzZXRxCU5VAmlkcQpVJDAzZjRlNGYwLWUxNzEtNGVhNy04MWM3LTNmOWUzODFjNTQ0YXELVQdyZXRyaWVzcQxLAFUEdGFza3ENVRlmaXJld2FsbC50YXNrcy5SZWxvYWRUYXNrcQ5VA2V0YXEPTlUGa3dhcmdzcRB9cRF1Lg==\", \"headers\": {}, \"content-type\": \"application/x-python-serialize\", \"properties\": {\"body_encoding\": \"base64\", \"delivery_info\": {\"priority\": 0, \"routing_key\": \"celery\", \"exchange\": \"celery\"}, \"delivery_mode\": 2, \"delivery_tag\": 1}, \"content-encoding\": \"binary\"}"
    }
  },
  {
    "pk": 591,
    "model": "django.message",
    "fields": {
      "queue": 1,
      "visible": true,
      "sent_at": "2013-02-12T23:59:54Z",
      "payload": "{\"body\": \"gAJ9cQEoVQdleHBpcmVzcQJOVQN1dGNxA4hVBGFyZ3NxBF1xBVUFY2hvcmRxBk5VCWNhbGxiYWNrc3EHTlUIZXJyYmFja3NxCE5VB3Rhc2tzZXRxCU5VAmlkcQpVJDE2NTFmMzQ4LTkzMjItNDgzZC1hZjhhLWY1ZmE3NjNhNjZjZXELVQdyZXRyaWVzcQxLAFUEdGFza3ENVRlmaXJld2FsbC50YXNrcy5SZWxvYWRUYXNrcQ5VA2V0YXEPTlUGa3dhcmdzcRB9cRF1Lg==\", \"headers\": {}, \"content-type\": \"application/x-python-serialize\", \"properties\": {\"body_encoding\": \"base64\", \"delivery_info\": {\"priority\": 0, \"routing_key\": \"celery\", \"exchange\": \"celery\"}, \"delivery_mode\": 2, \"delivery_tag\": 2}, \"content-encoding\": \"binary\"}"
    }
  },
  {
    "pk": 592,
    "model": "django.message",
    "fields": {
      "queue": 1,
      "visible": true,
      "sent_at": "2013-02-13T00:00:05Z",
      "payload": "{\"body\": \"gAJ9cQEoVQdleHBpcmVzcQJOVQN1dGNxA4hVBGFyZ3NxBF1xBVUFY2hvcmRxBk5VCWNhbGxiYWNrc3EHTlUIZXJyYmFja3NxCE5VB3Rhc2tzZXRxCU5VAmlkcQpVJGJlMzA5MjFhLWU2NmMtNDUxNy1hOTIwLTE0ODFiOTMwNTEyZXELVQdyZXRyaWVzcQxLAFUEdGFza3ENVRlmaXJld2FsbC50YXNrcy5SZWxvYWRUYXNrcQ5VA2V0YXEPTlUGa3dhcmdzcRB9cRF1Lg==\", \"headers\": {}, \"content-type\": \"application/x-python-serialize\", \"properties\": {\"body_encoding\": \"base64\", \"delivery_info\": {\"priority\": 0, \"routing_key\": \"celery\", \"exchange\": \"celery\"}, \"delivery_mode\": 2, \"delivery_tag\": 3}, \"content-encoding\": \"binary\"}"
    }
  },
  {
    "pk": 593,
    "model": "django.message",
    "fields": {
      "queue": 1,
      "visible": true,
      "sent_at": "2013-02-13T00:11:44Z",
      "payload": "{\"body\": \"gAJ9cQEoVQdleHBpcmVzcQJOVQN1dGNxA4hVBGFyZ3NxBF1xBVUFY2hvcmRxBk5VCWNhbGxiYWNrc3EHTlUIZXJyYmFja3NxCE5VB3Rhc2tzZXRxCU5VAmlkcQpVJDUzNjhhYmYxLTRiNDctNGM0OC1hZTI2LTRkYjdiMjBhMmJiYnELVQdyZXRyaWVzcQxLAFUEdGFza3ENVRlmaXJld2FsbC50YXNrcy5SZWxvYWRUYXNrcQ5VA2V0YXEPTlUGa3dhcmdzcRB9cRF1Lg==\", \"headers\": {}, \"content-type\": \"application/x-python-serialize\", \"properties\": {\"body_encoding\": \"base64\", \"delivery_info\": {\"priority\": 0, \"routing_key\": \"celery\", \"exchange\": \"celery\"}, \"delivery_mode\": 2, \"delivery_tag\": 4}, \"content-encoding\": \"binary\"}"
    }
  },
  {
    "pk": 594,
    "model": "django.message",
    "fields": {
      "queue": 1,
      "visible": true,
      "sent_at": "2013-02-13T00:14:36Z",
      "payload": "{\"body\": \"gAJ9cQEoVQdleHBpcmVzcQJOVQN1dGNxA4hVBGFyZ3NxBF1xBVUFY2hvcmRxBk5VCWNhbGxiYWNrc3EHTlUIZXJyYmFja3NxCE5VB3Rhc2tzZXRxCU5VAmlkcQpVJGE3YmM3ZWU4LWIyZTYtNDVkMi04ZWY3LTgxNDI4MzkxOTJkOXELVQdyZXRyaWVzcQxLAFUEdGFza3ENVRlmaXJld2FsbC50YXNrcy5SZWxvYWRUYXNrcQ5VA2V0YXEPTlUGa3dhcmdzcRB9cRF1Lg==\", \"headers\": {}, \"content-type\": \"application/x-python-serialize\", \"properties\": {\"body_encoding\": \"base64\", \"delivery_info\": {\"priority\": 0, \"routing_key\": \"celery\", \"exchange\": \"celery\"}, \"delivery_mode\": 2, \"delivery_tag\": 1}, \"content-encoding\": \"binary\"}"
    }
  },
  {
    "pk": 595,
    "model": "django.message",
    "fields": {
      "queue": 1,
      "visible": true,
      "sent_at": "2013-02-13T00:15:24Z",
      "payload": "{\"body\": \"gAJ9cQEoVQdleHBpcmVzcQJOVQN1dGNxA4hVBGFyZ3NxBF1xBVUFY2hvcmRxBk5VCWNhbGxiYWNrc3EHTlUIZXJyYmFja3NxCE5VB3Rhc2tzZXRxCU5VAmlkcQpVJDJmZWI2ODVlLWVmNmEtNDE0MS1hOGNjLWU5MDM3ZDVjYWEwOXELVQdyZXRyaWVzcQxLAFUEdGFza3ENVRlmaXJld2FsbC50YXNrcy5SZWxvYWRUYXNrcQ5VA2V0YXEPTlUGa3dhcmdzcRB9cRF1Lg==\", \"headers\": {}, \"content-type\": \"application/x-python-serialize\", \"properties\": {\"body_encoding\": \"base64\", \"delivery_info\": {\"priority\": 0, \"routing_key\": \"celery\", \"exchange\": \"celery\"}, \"delivery_mode\": 2, \"delivery_tag\": 2}, \"content-encoding\": \"binary\"}"
    }
  },
  {
    "pk": 596,
    "model": "django.message",
    "fields": {
      "queue": 1,
      "visible": true,
      "sent_at": "2013-02-13T00:18:34Z",
      "payload": "{\"body\": \"gAJ9cQEoVQdleHBpcmVzcQJOVQN1dGNxA4hVBGFyZ3NxBF1xBVUFY2hvcmRxBk5VCWNhbGxiYWNrc3EHTlUIZXJyYmFja3NxCE5VB3Rhc2tzZXRxCU5VAmlkcQpVJGJhMzdkMzhkLWQyMGMtNGE2Zi1hNjcyLTlhZmY2YTEzNTVhY3ELVQdyZXRyaWVzcQxLAFUEdGFza3ENVRlmaXJld2FsbC50YXNrcy5SZWxvYWRUYXNrcQ5VA2V0YXEPTlUGa3dhcmdzcRB9cRF1Lg==\", \"headers\": {}, \"content-type\": \"application/x-python-serialize\", \"properties\": {\"body_encoding\": \"base64\", \"delivery_info\": {\"priority\": 0, \"routing_key\": \"celery\", \"exchange\": \"celery\"}, \"delivery_mode\": 2, \"delivery_tag\": 1}, \"content-encoding\": \"binary\"}"
    }
  },
  {
    "pk": 597,
    "model": "django.message",
    "fields": {
      "queue": 1,
      "visible": true,
      "sent_at": "2013-02-13T00:18:59Z",
      "payload": "{\"body\": \"gAJ9cQEoVQdleHBpcmVzcQJOVQN1dGNxA4hVBGFyZ3NxBF1xBVUFY2hvcmRxBk5VCWNhbGxiYWNrc3EHTlUIZXJyYmFja3NxCE5VB3Rhc2tzZXRxCU5VAmlkcQpVJDUyNjVhOWYwLWQ2ZDYtNDM2YS04NjMwLTQ0ZDA3MzdlMjViOHELVQdyZXRyaWVzcQxLAFUEdGFza3ENVRlmaXJld2FsbC50YXNrcy5SZWxvYWRUYXNrcQ5VA2V0YXEPTlUGa3dhcmdzcRB9cRF1Lg==\", \"headers\": {}, \"content-type\": \"application/x-python-serialize\", \"properties\": {\"body_encoding\": \"base64\", \"delivery_info\": {\"priority\": 0, \"routing_key\": \"celery\", \"exchange\": \"celery\"}, \"delivery_mode\": 2, \"delivery_tag\": 2}, \"content-encoding\": \"binary\"}"
    }
  },
  {
    "pk": 598,
    "model": "django.message",
    "fields": {
      "queue": 1,
      "visible": true,
      "sent_at": "2013-02-13T00:26:28Z",
      "payload": "{\"body\": \"gAJ9cQEoVQdleHBpcmVzcQJOVQN1dGNxA4hVBGFyZ3NxBF1xBVUFY2hvcmRxBk5VCWNhbGxiYWNrc3EHTlUIZXJyYmFja3NxCE5VB3Rhc2tzZXRxCU5VAmlkcQpVJGNmZmUyNzc3LTViY2QtNDJhZC04ZWM0LTE0NGVmMGI5NjNmM3ELVQdyZXRyaWVzcQxLAFUEdGFza3ENVRlmaXJld2FsbC50YXNrcy5SZWxvYWRUYXNrcQ5VA2V0YXEPTlUGa3dhcmdzcRB9cRF1Lg==\", \"headers\": {}, \"content-type\": \"application/x-python-serialize\", \"properties\": {\"body_encoding\": \"base64\", \"delivery_info\": {\"priority\": 0, \"routing_key\": \"celery\", \"exchange\": \"celery\"}, \"delivery_mode\": 2, \"delivery_tag\": 1}, \"content-encoding\": \"binary\"}"
    }
  },
  {
    "pk": 599,
    "model": "django.message",
    "fields": {
      "queue": 1,
      "visible": true,
      "sent_at": "2013-02-13T00:40:52Z",
      "payload": "{\"body\": \"gAJ9cQEoVQdleHBpcmVzcQJOVQN1dGNxA4hVBGFyZ3NxBF1xBVUFY2hvcmRxBk5VCWNhbGxiYWNrc3EHTlUIZXJyYmFja3NxCE5VB3Rhc2tzZXRxCU5VAmlkcQpVJGRkZTFjZjVjLWViMTYtNGVlMy05YjBhLTk2YzFiMjU1ZjExYXELVQdyZXRyaWVzcQxLAFUEdGFza3ENVRlmaXJld2FsbC50YXNrcy5SZWxvYWRUYXNrcQ5VA2V0YXEPTlUGa3dhcmdzcRB9cRF1Lg==\", \"headers\": {}, \"content-type\": \"application/x-python-serialize\", \"properties\": {\"body_encoding\": \"base64\", \"delivery_info\": {\"priority\": 0, \"routing_key\": \"celery\", \"exchange\": \"celery\"}, \"delivery_mode\": 2, \"delivery_tag\": 1}, \"content-encoding\": \"binary\"}"
    }
  },
  {
    "pk": 600,
    "model": "django.message",
    "fields": {
      "queue": 1,
      "visible": true,
      "sent_at": "2013-02-13T00:42:24Z",
      "payload": "{\"body\": \"gAJ9cQEoVQdleHBpcmVzcQJOVQN1dGNxA4hVBGFyZ3NxBF1xBVUFY2hvcmRxBk5VCWNhbGxiYWNrc3EHTlUIZXJyYmFja3NxCE5VB3Rhc2tzZXRxCU5VAmlkcQpVJGRmMzY1ZTFjLWE2ZjItNDI2YS04NDY3LWNlYWQxM2M0NzdhOHELVQdyZXRyaWVzcQxLAFUEdGFza3ENVRlmaXJld2FsbC50YXNrcy5SZWxvYWRUYXNrcQ5VA2V0YXEPTlUGa3dhcmdzcRB9cRF1Lg==\", \"headers\": {}, \"content-type\": \"application/x-python-serialize\", \"properties\": {\"body_encoding\": \"base64\", \"delivery_info\": {\"priority\": 0, \"routing_key\": \"celery\", \"exchange\": \"celery\"}, \"delivery_mode\": 2, \"delivery_tag\": 2}, \"content-encoding\": \"binary\"}"
    }
  },
  {
    "pk": 601,
    "model": "django.message",
    "fields": {
      "queue": 1,
      "visible": true,
      "sent_at": "2013-02-13T00:42:35Z",
      "payload": "{\"body\": \"gAJ9cQEoVQdleHBpcmVzcQJOVQN1dGNxA4hVBGFyZ3NxBF1xBVUFY2hvcmRxBk5VCWNhbGxiYWNrc3EHTlUIZXJyYmFja3NxCE5VB3Rhc2tzZXRxCU5VAmlkcQpVJDhmYmFmOWYxLTNkNmEtNDg1NS1iNjMzLTZiZDdjMDhlYWMyMHELVQdyZXRyaWVzcQxLAFUEdGFza3ENVRlmaXJld2FsbC50YXNrcy5SZWxvYWRUYXNrcQ5VA2V0YXEPTlUGa3dhcmdzcRB9cRF1Lg==\", \"headers\": {}, \"content-type\": \"application/x-python-serialize\", \"properties\": {\"body_encoding\": \"base64\", \"delivery_info\": {\"priority\": 0, \"routing_key\": \"celery\", \"exchange\": \"celery\"}, \"delivery_mode\": 2, \"delivery_tag\": 3}, \"content-encoding\": \"binary\"}"
    }
  },
  {
    "pk": 602,
    "model": "django.message",
    "fields": {
      "queue": 1,
      "visible": true,
      "sent_at": "2013-02-13T00:54:47Z",
      "payload": "{\"body\": \"gAJ9cQEoVQdleHBpcmVzcQJOVQN1dGNxA4hVBGFyZ3NxBF1xBVUFY2hvcmRxBk5VCWNhbGxiYWNrc3EHTlUIZXJyYmFja3NxCE5VB3Rhc2tzZXRxCU5VAmlkcQpVJDQ5YjBmYmI4LTVjNDYtNDA5Ny04M2I2LTM1YzRmNDlhNDg2ZXELVQdyZXRyaWVzcQxLAFUEdGFza3ENVRlmaXJld2FsbC50YXNrcy5SZWxvYWRUYXNrcQ5VA2V0YXEPTlUGa3dhcmdzcRB9cRF1Lg==\", \"headers\": {}, \"content-type\": \"application/x-python-serialize\", \"properties\": {\"body_encoding\": \"base64\", \"delivery_info\": {\"priority\": 0, \"routing_key\": \"celery\", \"exchange\": \"celery\"}, \"delivery_mode\": 2, \"delivery_tag\": 4}, \"content-encoding\": \"binary\"}"
    }
  }
]
